{
	"credit": "Made with Blockbench",
	"textures": {
		"1": "guns/gunmetal3",
		"4": "guns/gunmetal4",
		"5": "guns/gunmetal6",
		"6": "guns/wood",
		"particle": "guns/gunmetal6"
	},
	"elements": [
		{
			"from": [7.69653, 6.96919, 13.98274],
			"to": [8.32153, 7.84419, 15.23274],
			"rotation": {"angle": -22.5, "axis": "x", "origin": [8.00903, 7.21919, 14.60774]},
			"faces": {
				"north": {"uv": [0, 0, 1, 1], "texture": "#6"},
				"east": {"uv": [0, 0, 1, 1], "texture": "#6"},
				"south": {"uv": [0, 0, 1, 1], "texture": "#6"},
				"west": {"uv": [0, 0, 1, 1], "texture": "#6"},
				"up": {"uv": [0, 0, 1, 1], "texture": "#6"},
				"down": {"uv": [0, 0, 1, 1], "texture": "#6"}
			}
		},
		{
			"from": [7.69653, 7.31926, 13.21614],
			"to": [8.32153, 8.56926, 14.46614],
			"rotation": {"angle": -45, "axis": "x", "origin": [8.00903, 8.25676, 13.84114]},
			"faces": {
				"north": {"uv": [0, 0, 1, 1], "texture": "#6"},
				"east": {"uv": [0, 0, 1, 1], "texture": "#6"},
				"south": {"uv": [0, 0, 1, 1], "texture": "#6"},
				"west": {"uv": [0, 0, 1, 1], "texture": "#6"},
				"up": {"uv": [0, 0, 1, 1], "texture": "#6"},
				"down": {"uv": [0, 0, 1, 1], "texture": "#6"}
			}
		},
		{
			"from": [7.69653, 6.81468, 14.51301],
			"to": [8.32153, 7.06468, 15.13801],
			"rotation": {"angle": -45, "axis": "x", "origin": [8.00903, 6.43968, 14.70051]},
			"faces": {
				"north": {"uv": [0, 0, 1, 1], "rotation": 90, "texture": "#6"},
				"east": {"uv": [0, 0, 1, 1], "rotation": 90, "texture": "#6"},
				"south": {"uv": [0, 0, 1, 1], "rotation": 90, "texture": "#6"},
				"west": {"uv": [0, 0, 1, 1], "rotation": 90, "texture": "#6"},
				"up": {"uv": [0, 0, 1, 1], "rotation": 90, "texture": "#6"},
				"down": {"uv": [0, 0, 1, 1], "rotation": 90, "texture": "#6"}
			}
		},
		{
			"from": [7.69653, 6.31882, 14.32694],
			"to": [8.32153, 6.94382, 14.57694],
			"rotation": {"angle": 22.5, "axis": "x", "origin": [8.00903, 6.50632, 14.95194]},
			"faces": {
				"north": {"uv": [0, 0, 1, 1], "texture": "#6"},
				"east": {"uv": [0, 0, 1, 1], "texture": "#6"},
				"south": {"uv": [0, 0, 1, 1], "texture": "#6"},
				"west": {"uv": [0, 0, 1, 1], "texture": "#6"},
				"up": {"uv": [0, 0, 1, 1], "texture": "#6"},
				"down": {"uv": [0, 0, 1, 1], "texture": "#6"}
			}
		},
		{
			"from": [7.69653, 6.4766, 14.53373],
			"to": [8.32153, 7.1016, 14.78373],
			"rotation": {"angle": 0, "axis": "x", "origin": [8.00903, 6.6641, 15.15873]},
			"faces": {
				"north": {"uv": [0, 0, 1, 1], "texture": "#6"},
				"east": {"uv": [0, 0, 1, 1], "texture": "#6"},
				"south": {"uv": [0, 0, 1, 1], "texture": "#6"},
				"west": {"uv": [0, 0, 1, 1], "texture": "#6"},
				"up": {"uv": [0, 0, 1, 1], "texture": "#6"},
				"down": {"uv": [0, 0, 1, 1], "texture": "#6"}
			}
		},
		{
			"from": [7.69653, 6.50064, 14.65463],
			"to": [8.32153, 7.12564, 14.90463],
			"rotation": {"angle": -22.5, "axis": "x", "origin": [8.00903, 6.81314, 14.77963]},
			"faces": {
				"north": {"uv": [0, 0, 1, 1], "texture": "#6"},
				"east": {"uv": [0, 0, 1, 1], "texture": "#6"},
				"south": {"uv": [0, 0, 1, 1], "texture": "#6"},
				"west": {"uv": [0, 0, 1, 1], "texture": "#6"},
				"up": {"uv": [0, 0, 1, 1], "texture": "#6"},
				"down": {"uv": [0, 0, 1, 1], "texture": "#6"}
			}
		},
		{
			"from": [7.69653, 6.9774, 14.65584],
			"to": [8.32153, 7.2274, 15.28084],
			"rotation": {"angle": 0, "axis": "x", "origin": [8.00903, 7.1024, 14.96834]},
			"faces": {
				"north": {"uv": [0, 0, 1, 1], "rotation": 270, "texture": "#6"},
				"east": {"uv": [0, 0, 1, 1], "rotation": 270, "texture": "#6"},
				"south": {"uv": [0, 0, 1, 1], "rotation": 270, "texture": "#6"},
				"west": {"uv": [0, 0, 1, 1], "rotation": 270, "texture": "#6"},
				"up": {"uv": [0, 0, 1, 1], "rotation": 270, "texture": "#6"},
				"down": {"uv": [0, 0, 1, 1], "rotation": 270, "texture": "#6"}
			}
		},
		{
			"from": [7.69653, 6.8565, 14.63179],
			"to": [8.32153, 7.1065, 15.25679],
			"rotation": {"angle": 22.5, "axis": "x", "origin": [8.00903, 6.9815, 14.94429]},
			"faces": {
				"north": {"uv": [0, 0, 1, 1], "rotation": 270, "texture": "#6"},
				"east": {"uv": [0, 0, 1, 1], "rotation": 270, "texture": "#6"},
				"south": {"uv": [0, 0, 1, 1], "rotation": 270, "texture": "#6"},
				"west": {"uv": [0, 0, 1, 1], "rotation": 270, "texture": "#6"},
				"up": {"uv": [0, 0, 1, 1], "rotation": 270, "texture": "#6"},
				"down": {"uv": [0, 0, 1, 1], "rotation": 270, "texture": "#6"}
			}
		},
		{
			"from": [7.69653, 6.75401, 14.56331],
			"to": [8.32153, 7.00401, 15.18831],
			"rotation": {"angle": 45, "axis": "x", "origin": [8.00903, 6.87901, 14.87581]},
			"faces": {
				"north": {"uv": [0, 0, 1, 1], "rotation": 270, "texture": "#6"},
				"east": {"uv": [0, 0, 1, 1], "rotation": 270, "texture": "#6"},
				"south": {"uv": [0, 0, 1, 1], "rotation": 270, "texture": "#6"},
				"west": {"uv": [0, 0, 1, 1], "rotation": 270, "texture": "#6"},
				"up": {"uv": [0, 0, 1, 1], "rotation": 270, "texture": "#6"},
				"down": {"uv": [0, 0, 1, 1], "rotation": 270, "texture": "#6"}
			}
		},
		{
			"from": [7.69653, 8.00426, 12.75502],
			"to": [8.32153, 9.25426, 13.88002],
			"rotation": {"angle": 22.5, "axis": "x", "origin": [8.00903, 8.62926, 13.13002]},
			"faces": {
				"north": {"uv": [0, 0, 1, 1], "rotation": 270, "texture": "#6"},
				"east": {"uv": [0, 0, 1, 1], "rotation": 270, "texture": "#6"},
				"south": {"uv": [0, 0, 1, 1], "rotation": 270, "texture": "#6"},
				"west": {"uv": [0, 0, 1, 1], "rotation": 270, "texture": "#6"},
				"up": {"uv": [0, 0, 1, 1], "rotation": 270, "texture": "#6"},
				"down": {"uv": [0, 0, 1, 1], "rotation": 270, "texture": "#6"}
			}
		},
		{
			"from": [7.69653, 8.8509, 9.24666],
			"to": [8.32153, 9.2259, 9.62166],
			"rotation": {"angle": 0, "axis": "x", "origin": [8.01332, 9.22076, 15.31359]},
			"faces": {
				"north": {"uv": [0, 0, 0.625, 0.375], "rotation": 180, "texture": "#6"},
				"east": {"uv": [0.375, 0, 0, 3.625], "rotation": 90, "texture": "#6"},
				"south": {"uv": [0, 0.375, 0.625, 0], "texture": "#6"},
				"west": {"uv": [0.375, 0, 0, 3.625], "rotation": 270, "texture": "#6"},
				"up": {"uv": [0.625, 0, 0, 3.625], "texture": "#6"},
				"down": {"uv": [0.625, 0, 0, 3.625], "rotation": 180, "texture": "#6"}
			}
		},
		{
			"name": "hexadecagon",
			"from": [7.91275, 8.27173, 5.24807],
			"to": [8.0868, 9.14673, 9.62307],
			"rotation": {"angle": -45, "axis": "z", "origin": [7.99977, 8.70923, 7.12307]},
			"faces": {
				"north": {"uv": [0, 0, 0.125, 0.125], "texture": "#6"},
				"east": {"uv": [0, 0, 0.125, 0.125], "texture": "#6"},
				"south": {"uv": [0, 0, 0.125, 0.125], "texture": "#6"},
				"west": {"uv": [0, 0, 0.125, 0.125], "texture": "#6"},
				"up": {"uv": [0, 0, 0.125, 0.125], "texture": "#6"},
				"down": {"uv": [0, 0, 0.125, 0.125], "texture": "#6"}
			}
		},
		{
			"name": "hexadecagon",
			"from": [7.56227, 8.40345, 5.24807],
			"to": [8.43727, 8.5775, 9.62307],
			"rotation": {"angle": 22.5, "axis": "z", "origin": [7.99977, 8.49048, 7.12307]},
			"faces": {
				"north": {"uv": [0, 0, 0.125, 0.125], "texture": "#6"},
				"east": {"uv": [0, 0, 0.125, 0.125], "texture": "#6"},
				"south": {"uv": [0, 0, 0.125, 0.125], "texture": "#6"},
				"west": {"uv": [0, 0, 0.125, 0.125], "texture": "#6"},
				"up": {"uv": [0, 0, 0.125, 0.125], "texture": "#6"},
				"down": {"uv": [0, 0, 0.125, 0.125], "texture": "#6"}
			}
		},
		{
			"name": "hexadecagon",
			"from": [7.56227, 8.40345, 5.24807],
			"to": [8.43727, 8.5775, 9.62307],
			"rotation": {"angle": -22.5, "axis": "z", "origin": [7.99977, 8.49048, 7.12307]},
			"faces": {
				"north": {"uv": [0, 0, 0.125, 0.125], "texture": "#6"},
				"east": {"uv": [0, 0, 0.125, 0.125], "texture": "#6"},
				"south": {"uv": [0, 0, 0.125, 0.125], "texture": "#6"},
				"west": {"uv": [0, 0, 0.125, 0.125], "texture": "#6"},
				"up": {"uv": [0, 0, 0.125, 0.125], "texture": "#6"},
				"down": {"uv": [0, 0, 0.125, 0.125], "texture": "#6"}
			}
		},
		{
			"name": "hexadecagon",
			"from": [7.91275, 8.05298, 5.24807],
			"to": [8.0868, 8.92798, 9.62307],
			"rotation": {"angle": 45, "axis": "z", "origin": [7.99977, 8.49048, 7.12307]},
			"faces": {
				"north": {"uv": [0, 0, 0.125, 0.125], "texture": "#6"},
				"east": {"uv": [0, 0, 0.125, 0.125], "texture": "#6"},
				"south": {"uv": [0, 0, 0.125, 0.125], "texture": "#6"},
				"west": {"uv": [0, 0, 0.125, 0.125], "texture": "#6"},
				"up": {"uv": [0, 0, 0.125, 0.125], "texture": "#6"},
				"down": {"uv": [0, 0, 0.125, 0.125], "texture": "#6"}
			}
		},
		{
			"name": "hexadecagon",
			"from": [7.91275, 8.05298, 5.24807],
			"to": [8.0868, 8.92798, 9.62307],
			"rotation": {"angle": 22.5, "axis": "z", "origin": [7.99977, 8.49048, 7.12307]},
			"faces": {
				"north": {"uv": [0, 0, 0.125, 0.125], "texture": "#6"},
				"east": {"uv": [0, 0, 0.125, 0.125], "texture": "#6"},
				"south": {"uv": [0, 0, 0.125, 0.125], "texture": "#6"},
				"west": {"uv": [0, 0, 0.125, 0.125], "texture": "#6"},
				"up": {"uv": [0, 0, 0.125, 0.125], "texture": "#6"},
				"down": {"uv": [0, 0, 0.125, 0.125], "texture": "#6"}
			}
		},
		{
			"name": "hexadecagon",
			"from": [7.91275, 8.05298, 5.24807],
			"to": [8.0868, 8.92798, 9.62307],
			"rotation": {"angle": 0, "axis": "z", "origin": [7.99977, 8.49048, 7.12307]},
			"faces": {
				"north": {"uv": [0, 0, 0.125, 0.125], "texture": "#6"},
				"east": {"uv": [0, 0, 0.125, 0.125], "texture": "#6"},
				"south": {"uv": [0, 0, 0.125, 0.125], "texture": "#6"},
				"west": {"uv": [0, 0, 0.125, 0.125], "texture": "#6"},
				"up": {"uv": [0, 0, 0.125, 0.125], "texture": "#6"},
				"down": {"uv": [0, 0, 0.125, 0.125], "texture": "#6"}
			}
		},
		{
			"name": "hexadecagon",
			"from": [7.91275, 8.05298, 5.24807],
			"to": [8.0868, 8.92798, 9.62307],
			"rotation": {"angle": -22.5, "axis": "z", "origin": [7.99977, 8.49048, 7.12307]},
			"faces": {
				"north": {"uv": [0, 0, 0.125, 0.125], "texture": "#6"},
				"east": {"uv": [0, 0, 0.125, 0.125], "texture": "#6"},
				"south": {"uv": [0, 0, 0.125, 0.125], "texture": "#6"},
				"west": {"uv": [0, 0, 0.125, 0.125], "texture": "#6"},
				"up": {"uv": [0, 0, 0.125, 0.125], "texture": "#6"},
				"down": {"uv": [0, 0, 0.125, 0.125], "texture": "#6"}
			}
		},
		{
			"name": "hexadecagon",
			"from": [7.91275, 8.05298, 5.24807],
			"to": [8.0868, 8.92798, 9.62307],
			"rotation": {"angle": -45, "axis": "z", "origin": [7.99977, 8.49048, 7.12307]},
			"faces": {
				"north": {"uv": [0, 0, 0.125, 0.125], "texture": "#6"},
				"east": {"uv": [0, 0, 0.125, 0.125], "texture": "#6"},
				"south": {"uv": [0, 0, 0.125, 0.125], "texture": "#6"},
				"west": {"uv": [0, 0, 0.125, 0.125], "texture": "#6"},
				"up": {"uv": [0, 0, 0.125, 0.125], "texture": "#6"},
				"down": {"uv": [0, 0, 0.125, 0.125], "texture": "#6"}
			}
		},
		{
			"name": "hexadecagon",
			"from": [7.81227, 8.6222, 5.24807],
			"to": [8.43727, 9.04625, 9.62307],
			"rotation": {"angle": 22.5, "axis": "z", "origin": [7.99977, 8.70923, 7.12307]},
			"faces": {
				"north": {"uv": [0, 0, 0.125, 0.125], "texture": "#6"},
				"east": {"uv": [0, 0, 0.125, 0.125], "texture": "#6"},
				"south": {"uv": [0, 0, 0.125, 0.125], "texture": "#6"},
				"west": {"uv": [0, 0, 0.125, 0.125], "texture": "#6"},
				"up": {"uv": [0, 0, 0.125, 0.125], "texture": "#6"},
				"down": {"uv": [0, 0, 0.125, 0.125], "texture": "#6"}
			}
		},
		{
			"name": "hexadecagon",
			"from": [7.56227, 8.40345, 5.24807],
			"to": [8.43727, 8.79625, 9.62307],
			"rotation": {"angle": 0, "axis": "z", "origin": [7.99977, 8.70923, 7.12307]},
			"faces": {
				"north": {"uv": [0, 0, 0.125, 0.125], "texture": "#6"},
				"east": {"uv": [0, 0, 0.125, 0.125], "texture": "#6"},
				"south": {"uv": [0, 0, 0.125, 0.125], "texture": "#6"},
				"west": {"uv": [0, 0, 0.125, 0.125], "texture": "#6"},
				"up": {"uv": [0, 0, 0.125, 0.125], "texture": "#6"},
				"down": {"uv": [0, 0, 0.125, 0.125], "texture": "#6"}
			}
		},
		{
			"name": "hexadecagon",
			"from": [7.56227, 8.6222, 5.24807],
			"to": [8.06227, 9.04625, 9.62307],
			"rotation": {"angle": -22.5, "axis": "z", "origin": [7.99977, 8.70923, 7.12307]},
			"faces": {
				"north": {"uv": [0, 0, 0.125, 0.125], "texture": "#6"},
				"east": {"uv": [0, 0, 0.125, 0.125], "texture": "#6"},
				"south": {"uv": [0, 0, 0.125, 0.125], "texture": "#6"},
				"west": {"uv": [0, 0, 0.125, 0.125], "texture": "#6"},
				"up": {"uv": [0, 0, 0.125, 0.125], "texture": "#6"},
				"down": {"uv": [0, 0, 0.125, 0.125], "texture": "#6"}
			}
		},
		{
			"name": "hexadecagon",
			"from": [7.91275, 8.27173, 5.24807],
			"to": [8.0868, 9.14673, 9.62307],
			"rotation": {"angle": 45, "axis": "z", "origin": [7.99977, 8.70923, 7.12307]},
			"faces": {
				"north": {"uv": [0, 0, 0.125, 0.125], "texture": "#6"},
				"east": {"uv": [0, 0, 0.125, 0.125], "texture": "#6"},
				"south": {"uv": [0, 0, 0.125, 0.125], "texture": "#6"},
				"west": {"uv": [0, 0, 0.125, 0.125], "texture": "#6"},
				"up": {"uv": [0, 0, 0.125, 0.125], "texture": "#6"},
				"down": {"uv": [0, 0, 0.125, 0.125], "texture": "#6"}
			}
		},
		{
			"name": "hexadecagon",
			"from": [7.91275, 8.27173, 5.24807],
			"to": [8.0868, 9.14673, 9.62307],
			"rotation": {"angle": 22.5, "axis": "z", "origin": [7.99977, 8.70923, 7.12307]},
			"faces": {
				"north": {"uv": [0, 0, 0.125, 0.125], "texture": "#6"},
				"east": {"uv": [0, 0, 0.125, 0.125], "texture": "#6"},
				"south": {"uv": [0, 0, 0.125, 0.125], "texture": "#6"},
				"west": {"uv": [0, 0, 0.125, 0.125], "texture": "#6"},
				"up": {"uv": [0, 0, 0.125, 0.125], "texture": "#6"},
				"down": {"uv": [0, 0, 0.125, 0.125], "texture": "#6"}
			}
		},
		{
			"name": "hexadecagon",
			"from": [7.91275, 8.27173, 5.24807],
			"to": [8.0868, 9.14673, 9.62307],
			"rotation": {"angle": 0, "axis": "z", "origin": [7.99977, 8.70923, 7.12307]},
			"faces": {
				"north": {"uv": [0, 0, 0.125, 0.125], "texture": "#6"},
				"east": {"uv": [0, 0, 0.125, 0.125], "texture": "#6"},
				"south": {"uv": [0, 0, 0.125, 0.125], "texture": "#6"},
				"west": {"uv": [0, 0, 0.125, 0.125], "texture": "#6"},
				"up": {"uv": [0, 0, 0.125, 0.125], "texture": "#6"},
				"down": {"uv": [0, 0, 0.125, 0.125], "texture": "#6"}
			}
		},
		{
			"name": "hexadecagon",
			"from": [7.91275, 8.27173, 5.24807],
			"to": [8.0868, 9.14673, 9.62307],
			"rotation": {"angle": -22.5, "axis": "z", "origin": [7.99977, 8.70923, 7.12307]},
			"faces": {
				"north": {"uv": [0, 0, 0.125, 0.125], "texture": "#6"},
				"east": {"uv": [0, 0, 0.125, 0.125], "texture": "#6"},
				"south": {"uv": [0, 0, 0.125, 0.125], "texture": "#6"},
				"west": {"uv": [0, 0, 0.125, 0.125], "texture": "#6"},
				"up": {"uv": [0, 0, 0.125, 0.125], "texture": "#6"},
				"down": {"uv": [0, 0, 0.125, 0.125], "texture": "#6"}
			}
		},
		{
			"from": [8.19647, 8.19586, 9.62206],
			"to": [8.32147, 9.19586, 12.54393],
			"rotation": {"angle": 0, "axis": "x", "origin": [8.01411, 8.81508, 11.73587]},
			"faces": {
				"north": {"uv": [0, 0, 0.125, 1], "rotation": 180, "texture": "#4"},
				"east": {"uv": [1, 0, 0, 6.54687], "rotation": 90, "texture": "#4"},
				"south": {"uv": [0, 1, 0.125, 0], "texture": "#4"},
				"west": {"uv": [1, 0, 0, 6.54687], "rotation": 270, "texture": "#4"},
				"up": {"uv": [0.125, 0, 0, 6.54687], "texture": "#4"},
				"down": {"uv": [0.125, 0, 0, 6.54687], "rotation": 180, "texture": "#4"}
			}
		},
		{
			"from": [7.69653, 8.45744, 11.21786],
			"to": [8.32153, 9.70744, 12.84286],
			"rotation": {"angle": 22.5, "axis": "x", "origin": [8.01418, 9.07665, 12.0348]},
			"faces": {
				"north": {"uv": [0, 0, 0.625, 1.25], "rotation": 180, "texture": "#4"},
				"east": {"uv": [1.25, 0, 0, 1.625], "rotation": 90, "texture": "#4"},
				"south": {"uv": [0, 1.25, 0.625, 0], "texture": "#4"},
				"west": {"uv": [1.25, 0, 0, 1.625], "rotation": 270, "texture": "#4"},
				"up": {"uv": [0.625, 0, 0, 1.625], "texture": "#4"},
				"down": {"uv": [0.625, 0, 0, 1.625], "rotation": 180, "texture": "#4"}
			}
		},
		{
			"from": [7.69383, 9.09884, 11.10049],
			"to": [8.31883, 9.97384, 11.52236],
			"rotation": {"angle": 0, "axis": "x", "origin": [8.00711, 9.34661, 8.25036]},
			"faces": {
				"north": {"uv": [0, 0, 0.625, 1.25], "rotation": 180, "texture": "#4"},
				"east": {"uv": [1.25, 0, 0, 2.79687], "rotation": 90, "texture": "#4"},
				"south": {"uv": [0, 1.25, 0.625, 0], "texture": "#4"},
				"west": {"uv": [1.25, 0, 0, 2.79687], "rotation": 270, "texture": "#4"},
				"up": {"uv": [0.625, 0, 0, 2.79687], "texture": "#4"},
				"down": {"uv": [0.625, 0, 0, 2.79687], "rotation": 180, "texture": "#4"}
			}
		},
		{
			"from": [7.69647, 8.19586, 9.62206],
			"to": [7.82147, 9.19586, 12.54393],
			"rotation": {"angle": 0, "axis": "x", "origin": [8.01411, 8.81508, 11.73587]},
			"faces": {
				"north": {"uv": [0, 0, 0.125, 1], "rotation": 180, "texture": "#4"},
				"east": {"uv": [1, 0, 0, 6.54687], "rotation": 90, "texture": "#4"},
				"south": {"uv": [0, 1, 0.125, 0], "texture": "#4"},
				"west": {"uv": [1, 0, 0, 6.54687], "rotation": 270, "texture": "#4"},
				"up": {"uv": [0.125, 0, 0, 6.54687], "texture": "#4"},
				"down": {"uv": [0.125, 0, 0, 6.54687], "rotation": 180, "texture": "#4"}
			}
		},
		{
			"from": [7.82147, 8.19586, 9.62206],
			"to": [8.19647, 9.19586, 12.54393],
			"rotation": {"angle": 0, "axis": "x", "origin": [8.01411, 8.81508, 11.73587]},
			"faces": {
				"north": {"uv": [0, 0, 0.375, 1], "rotation": 180, "texture": "#4"},
				"east": {"uv": [1, 0, 0, 4.04687], "rotation": 90, "texture": "#4"},
				"south": {"uv": [0, 1, 0.375, 0], "texture": "#4"},
				"west": {"uv": [1, 0, 0, 4.04687], "rotation": 270, "texture": "#4"},
				"up": {"uv": [0.375, 0, 0, 4.04687], "texture": "#4"},
				"down": {"uv": [0.375, 0, 0, 4.04687], "rotation": 180, "texture": "#4"}
			}
		},
		{
			"from": [7.88397, 8.07086, 9.62206],
			"to": [8.13397, 8.19586, 9.73143],
			"rotation": {"angle": 0, "axis": "x", "origin": [8.01411, 8.56508, 11.73587]},
			"faces": {
				"north": {"uv": [0, 0, 0.375, 1], "rotation": 180, "texture": "#4"},
				"east": {"uv": [1, 0, 0, 4.04687], "rotation": 90, "texture": "#4"},
				"south": {"uv": [0, 1, 0.375, 0], "texture": "#4"},
				"west": {"uv": [1, 0, 0, 4.04687], "rotation": 270, "texture": "#4"},
				"up": {"uv": [0.375, 0, 0, 4.04687], "texture": "#4"},
				"down": {"uv": [0.375, 0, 0, 4.04687], "rotation": 180, "texture": "#4"}
			}
		},
		{
			"from": [7.88397, 7.69586, 12.24706],
			"to": [8.13397, 8.19586, 12.41893],
			"rotation": {"angle": 0, "axis": "x", "origin": [7.82661, 8.81508, 12.11087]},
			"faces": {
				"north": {"uv": [0, 0, 0.25, 0.5], "rotation": 180, "texture": "#4"},
				"east": {"uv": [0.5, 0, 0, 0.17187], "rotation": 90, "texture": "#4"},
				"south": {"uv": [0, 0.5, 0.25, 0], "texture": "#4"},
				"west": {"uv": [0.5, 0, 0, 0.17187], "rotation": 270, "texture": "#4"},
				"up": {"uv": [0.25, 0, 0, 0.17187], "texture": "#4"},
				"down": {"uv": [0.25, 0, 0, 0.17187], "rotation": 180, "texture": "#4"}
			}
		},
		{
			"from": [7.88412, 7.4983, 12.15552],
			"to": [8.13412, 7.7483, 12.32739],
			"rotation": {"angle": 22.5, "axis": "x", "origin": [8.07862, 7.49183, 12.24091]},
			"faces": {
				"north": {"uv": [0, 0, 0.25, 0.25], "rotation": 180, "texture": "#4"},
				"east": {"uv": [0.25, 0, 0, 0.17187], "rotation": 90, "texture": "#4"},
				"south": {"uv": [0, 0.25, 0.25, 0], "texture": "#4"},
				"west": {"uv": [0.25, 0, 0, 0.17187], "rotation": 270, "texture": "#4"},
				"up": {"uv": [0.25, 0, 0, 0.17187], "texture": "#4"},
				"down": {"uv": [0.25, 0, 0, 0.17187], "rotation": 180, "texture": "#4"}
			}
		},
		{
			"from": [7.88411, 7.40823, 12.05074],
			"to": [8.13411, 7.58011, 12.30074],
			"rotation": {"angle": -22.5, "axis": "x", "origin": [8.07912, 7.49276, 12.1694]},
			"faces": {
				"north": {"uv": [0.25, 0, 0, 0.17188], "texture": "#4"},
				"east": {"uv": [0.25, 0, 0, 0.17188], "texture": "#4"},
				"south": {"uv": [0.25, 0, 0, 0.17188], "texture": "#4"},
				"west": {"uv": [0.25, 0, 0, 0.17188], "texture": "#4"},
				"up": {"uv": [0, 0, 0.25, 0.25], "texture": "#4"},
				"down": {"uv": [0, 0.25, 0.25, 0], "texture": "#4"}
			}
		},
		{
			"from": [7.88405, 7.36922, 11.09221],
			"to": [8.13405, 7.5411, 12.09221],
			"rotation": {"angle": 0, "axis": "x", "origin": [8.07906, 7.44994, 11.96362]},
			"faces": {
				"north": {"uv": [0.25, 0, 0, 0.17188], "texture": "#4"},
				"east": {"uv": [1, 0, 0, 0.17188], "texture": "#4"},
				"south": {"uv": [0.25, 0, 0, 0.17188], "texture": "#4"},
				"west": {"uv": [1, 0, 0, 0.17188], "texture": "#4"},
				"up": {"uv": [0, 0, 0.25, 1], "texture": "#4"},
				"down": {"uv": [0, 1, 0.25, 0], "texture": "#4"}
			}
		},
		{
			"from": [7.88406, 7.60991, 10.01011],
			"to": [8.13406, 7.78179, 11.26011],
			"rotation": {"angle": 45, "axis": "x", "origin": [8.07646, 7.69193, 10.88549]},
			"faces": {
				"north": {"uv": [0.25, 0, 0, 0.17188], "texture": "#4"},
				"east": {"uv": [1.25, 0, 0, 0.17188], "texture": "#4"},
				"south": {"uv": [0.25, 0, 0, 0.17188], "texture": "#4"},
				"west": {"uv": [1.25, 0, 0, 0.17188], "texture": "#4"},
				"up": {"uv": [0, 0, 0.25, 1.25], "texture": "#4"},
				"down": {"uv": [0, 1.25, 0.25, 0], "texture": "#4"}
			}
		},
		{
			"from": [7.88406, 7.99521, 10.50265],
			"to": [8.13406, 8.24521, 11.11203],
			"rotation": {"angle": 0, "axis": "x", "origin": [8.07586, 7.8681, 10.71055]},
			"faces": {
				"north": {"uv": [0, 0.25, 0.25, 0], "rotation": 180, "texture": "#4"},
				"east": {"uv": [0.25, 0, 0, 0.60938], "rotation": 270, "texture": "#4"},
				"south": {"uv": [0, 0, 0.25, 0.25], "texture": "#4"},
				"west": {"uv": [0.25, 0, 0, 0.60938], "rotation": 90, "texture": "#4"},
				"up": {"uv": [0.25, 0, 0, 0.60938], "rotation": 180, "texture": "#4"},
				"down": {"uv": [0.25, 0, 0, 0.60938], "texture": "#4"}
			}
		},
		{
			"from": [7.88406, 7.80771, 10.69015],
			"to": [8.13406, 7.99521, 11.11203],
			"rotation": {"angle": 0, "axis": "x", "origin": [8.07586, 7.8681, 10.71055]},
			"faces": {
				"north": {"uv": [0, 0.1875, 0.25, 0], "rotation": 180, "texture": "#4"},
				"east": {"uv": [0.1875, 0, 0, 0.42188], "rotation": 270, "texture": "#4"},
				"south": {"uv": [0, 0, 0.25, 0.1875], "texture": "#4"},
				"west": {"uv": [0.1875, 0, 0, 0.42188], "rotation": 90, "texture": "#4"},
				"up": {"uv": [0.25, 0, 0, 0.42188], "rotation": 180, "texture": "#4"},
				"down": {"uv": [0.25, 0, 0, 0.42188], "texture": "#4"}
			}
		},
		{
			"from": [7.88406, 7.62021, 10.87765],
			"to": [8.13406, 7.80771, 11.11203],
			"rotation": {"angle": 0, "axis": "x", "origin": [8.07586, 7.8681, 10.71055]},
			"faces": {
				"north": {"uv": [0, 0.1875, 0.25, 0], "rotation": 180, "texture": "#4"},
				"east": {"uv": [0.1875, 0, 0, 0.23438], "rotation": 270, "texture": "#4"},
				"south": {"uv": [0, 0, 0.25, 0.1875], "texture": "#4"},
				"west": {"uv": [0.1875, 0, 0, 0.23438], "rotation": 90, "texture": "#4"},
				"up": {"uv": [0.25, 0, 0, 0.23438], "rotation": 180, "texture": "#4"},
				"down": {"uv": [0.25, 0, 0, 0.23438], "texture": "#4"}
			}
		},
		{
			"from": [7.88406, 7.6563, 10.9583],
			"to": [8.13406, 7.76567, 11.2708],
			"rotation": {"angle": 45, "axis": "x", "origin": [8.07684, 7.58482, 10.99368]},
			"faces": {
				"north": {"uv": [0.25, 0, 0, 0.10937], "texture": "#4"},
				"east": {"uv": [0.3125, 0, 0, 0.10937], "texture": "#4"},
				"south": {"uv": [0.25, 0, 0, 0.10937], "texture": "#4"},
				"west": {"uv": [0.3125, 0, 0, 0.10937], "texture": "#4"},
				"up": {"uv": [0, 0, 0.25, 0.3125], "texture": "#4"},
				"down": {"uv": [0, 0.3125, 0.25, 0], "texture": "#4"}
			}
		},
		{
			"from": [7.88406, 7.83704, 11.33905],
			"to": [8.13406, 7.94641, 11.65155],
			"rotation": {"angle": -45, "axis": "x", "origin": [8.07684, 7.58482, 10.99368]},
			"faces": {
				"north": {"uv": [0.25, 0, 0, 0.10937], "rotation": 180, "texture": "#4"},
				"east": {"uv": [0.3125, 0, 0, 0.10937], "rotation": 180, "texture": "#4"},
				"south": {"uv": [0.25, 0, 0, 0.10937], "rotation": 180, "texture": "#4"},
				"west": {"uv": [0.3125, 0, 0, 0.10937], "rotation": 180, "texture": "#4"},
				"up": {"uv": [0, 0.3125, 0.25, 0], "texture": "#4"},
				"down": {"uv": [0, 0, 0.25, 0.3125], "texture": "#4"}
			}
		},
		{
			"from": [7.88397, 7.82086, 12.29393],
			"to": [8.13397, 8.32086, 12.46581],
			"rotation": {"angle": 22.5, "axis": "x", "origin": [8.07847, 7.93939, 12.33245]},
			"faces": {
				"north": {"uv": [0, 0, 0.25, 0.5], "rotation": 180, "texture": "#4"},
				"east": {"uv": [0.5, 0, 0, 0.17188], "rotation": 90, "texture": "#4"},
				"south": {"uv": [0, 0.5, 0.25, 0], "texture": "#4"},
				"west": {"uv": [0.5, 0, 0, 0.17188], "rotation": 270, "texture": "#4"},
				"up": {"uv": [0.25, 0, 0, 0.17188], "texture": "#4"},
				"down": {"uv": [0.25, 0, 0, 0.17188], "rotation": 180, "texture": "#4"}
			}
		},
		{
			"from": [7.94647, 7.94586, 11.93456],
			"to": [8.07147, 8.32086, 12.10643],
			"rotation": {"angle": 0, "axis": "x", "origin": [7.82661, 8.81508, 12.11087]},
			"faces": {
				"north": {"uv": [0, 0, 0.125, 0.375], "rotation": 180, "texture": "#1"},
				"east": {"uv": [0.375, 0, 0, 0.17187], "rotation": 90, "texture": "#1"},
				"south": {"uv": [0, 0.375, 0.125, 0], "texture": "#1"},
				"west": {"uv": [0.375, 0, 0, 0.17187], "rotation": 270, "texture": "#1"},
				"up": {"uv": [0.125, 0, 0, 0.17187], "texture": "#1"},
				"down": {"uv": [0.125, 0, 0, 0.17187], "rotation": 180, "texture": "#1"}
			}
		},
		{
			"from": [7.94692, 7.61868, 11.86652],
			"to": [8.07192, 7.99368, 12.0384],
			"rotation": {"angle": 22.5, "axis": "x", "origin": [8.07805, 7.80025, 11.95225]},
			"faces": {
				"north": {"uv": [0, 0, 0.125, 0.375], "rotation": 180, "texture": "#1"},
				"east": {"uv": [0.375, 0, 0, 0.17188], "rotation": 90, "texture": "#1"},
				"south": {"uv": [0, 0.375, 0.125, 0], "texture": "#1"},
				"west": {"uv": [0.375, 0, 0, 0.17188], "rotation": 270, "texture": "#1"},
				"up": {"uv": [0.125, 0, 0, 0.17188], "texture": "#1"},
				"down": {"uv": [0.125, 0, 0, 0.17188], "rotation": 180, "texture": "#1"}
			}
		},
		{
			"from": [7.82155, 9.74422, 2.37346],
			"to": [8.13405, 9.9786, 11.01409],
			"rotation": {"angle": 0, "axis": "x", "origin": [8.07906, 7.32494, 11.58862]},
			"faces": {
				"north": {"uv": [0.4375, 0, 0, 0.23438], "texture": "#5"},
				"east": {"uv": [1.5, 0, 0, 0.23438], "texture": "#5"},
				"south": {"uv": [0.4375, 0, 0, 0.23438], "texture": "#5"},
				"west": {"uv": [1.5, 0, 0, 0.23438], "texture": "#5"},
				"up": {"uv": [0, 0, 0.4375, 1.5], "texture": "#5"},
				"down": {"uv": [0, 1.5, 0.4375, 0], "texture": "#5"}
			}
		},
		{
			"from": [7.82155, 9.51297, 10.87481],
			"to": [8.13405, 9.95047, 11.10918],
			"rotation": {"angle": -22.5, "axis": "x", "origin": [8.13555, 9.72552, 10.99092]},
			"faces": {
				"north": {"uv": [0, 0.4375, 0.4375, 0], "rotation": 180, "texture": "#5"},
				"east": {"uv": [0.4375, 0, 0, 0.23437], "rotation": 270, "texture": "#5"},
				"south": {"uv": [0, 0, 0.4375, 0.4375], "texture": "#5"},
				"west": {"uv": [0.4375, 0, 0, 0.23437], "rotation": 90, "texture": "#5"},
				"up": {"uv": [0.4375, 0, 0, 0.23437], "rotation": 180, "texture": "#5"},
				"down": {"uv": [0.4375, 0, 0, 0.23437], "texture": "#5"}
			}
		},
		{
			"from": [7.93084, 9.9786, 2.46729],
			"to": [8.02459, 10.07235, 2.59229],
			"rotation": {"angle": 0, "axis": "x", "origin": [7.81335, 7.30932, 3.3387]},
			"faces": {
				"north": {"uv": [0.125, 0, 0, 0.10937], "texture": "#5"},
				"east": {"uv": [1, 0, 0, 0.10937], "texture": "#5"},
				"south": {"uv": [0.125, 0, 0, 0.10937], "texture": "#5"},
				"west": {"uv": [1, 0, 0, 0.10937], "texture": "#5"},
				"up": {"uv": [0, 0, 0.125, 1], "texture": "#5"},
				"down": {"uv": [0, 1, 0.125, 0], "texture": "#5"}
			}
		},
		{
			"from": [7.91521, 9.6661, 2.59229],
			"to": [8.04021, 9.90047, 3.46729],
			"rotation": {"angle": 0, "axis": "x", "origin": [7.95397, 7.49682, 20.0887]},
			"faces": {
				"north": {"uv": [0.125, 0, 0, 0.23437], "texture": "#5"},
				"east": {"uv": [0.875, 0, 0, 0.23437], "texture": "#5"},
				"south": {"uv": [0.125, 0, 0, 0.23437], "texture": "#5"},
				"west": {"uv": [0.875, 0, 0, 0.23437], "texture": "#5"},
				"up": {"uv": [0, 0, 0.125, 0.875], "texture": "#5"},
				"down": {"uv": [0, 0.875, 0.125, 0], "texture": "#5"}
			}
		},
		{
			"name": "hexadecagon",
			"from": [8.26419, 9.1, 2.375],
			"to": [8.42331, 9.3, 11.125],
			"rotation": {"angle": -45, "axis": "z", "origin": [8.34375, 9.5, 8.625]},
			"faces": {
				"north": {"uv": [0, 0, 0.125, 0.125], "texture": "#5"},
				"east": {"uv": [0, 0, 0.125, 0.125], "texture": "#5"},
				"south": {"uv": [0, 0, 0.125, 0.125], "texture": "#5"},
				"west": {"uv": [0, 0, 0.125, 0.125], "texture": "#5"},
				"up": {"uv": [0, 0, 0.125, 0.125], "texture": "#5"},
				"down": {"uv": [0, 0, 0.125, 0.125], "texture": "#5"}
			}
		},
		{
			"name": "hexadecagon",
			"from": [8.26419, 9.1, 2.375],
			"to": [8.42331, 9.3, 11.125],
			"rotation": {"angle": -22.5, "axis": "z", "origin": [8.34375, 9.5, 8.625]},
			"faces": {
				"north": {"uv": [0, 0, 0.125, 0.125], "texture": "#5"},
				"east": {"uv": [0, 0, 0.125, 0.125], "texture": "#5"},
				"south": {"uv": [0, 0, 0.125, 0.125], "texture": "#5"},
				"west": {"uv": [0, 0, 0.125, 0.125], "texture": "#5"},
				"up": {"uv": [0, 0, 0.125, 0.125], "texture": "#5"},
				"down": {"uv": [0, 0, 0.125, 0.125], "texture": "#5"}
			}
		},
		{
			"name": "hexadecagon",
			"from": [8.26419, 9.1, 2.375],
			"to": [8.42331, 9.3, 11.125],
			"rotation": {"angle": 0, "axis": "z", "origin": [8.34375, 9.5, 8.625]},
			"faces": {
				"north": {"uv": [0, 0, 0.125, 0.125], "texture": "#5"},
				"east": {"uv": [0, 0, 0.125, 0.125], "texture": "#5"},
				"south": {"uv": [0, 0, 0.125, 0.125], "texture": "#5"},
				"west": {"uv": [0, 0, 0.125, 0.125], "texture": "#5"},
				"up": {"uv": [0, 0, 0.125, 0.125], "texture": "#5"},
				"down": {"uv": [0, 0, 0.125, 0.125], "texture": "#5"}
			}
		},
		{
			"name": "hexadecagon",
			"from": [8.26419, 9.1, 2.375],
			"to": [8.42331, 9.3, 11.125],
			"rotation": {"angle": 22.5, "axis": "z", "origin": [8.34375, 9.5, 8.625]},
			"faces": {
				"north": {"uv": [0, 0, 0.125, 0.125], "texture": "#5"},
				"east": {"uv": [0, 0, 0.125, 0.125], "texture": "#5"},
				"south": {"uv": [0, 0, 0.125, 0.125], "texture": "#5"},
				"west": {"uv": [0, 0, 0.125, 0.125], "texture": "#5"},
				"up": {"uv": [0, 0, 0.125, 0.125], "texture": "#5"},
				"down": {"uv": [0, 0, 0.125, 0.125], "texture": "#5"}
			}
		},
		{
			"name": "hexadecagon",
			"from": [8.26419, 9.1, 2.375],
			"to": [8.42331, 9.3, 11.125],
			"rotation": {"angle": 45, "axis": "z", "origin": [8.34375, 9.5, 8.625]},
			"faces": {
				"north": {"uv": [0, 0, 0.125, 0.125], "texture": "#5"},
				"east": {"uv": [0, 0, 0.125, 0.125], "texture": "#5"},
				"south": {"uv": [0, 0, 0.125, 0.125], "texture": "#5"},
				"west": {"uv": [0, 0, 0.125, 0.125], "texture": "#5"},
				"up": {"uv": [0, 0, 0.125, 0.125], "texture": "#5"},
				"down": {"uv": [0, 0, 0.125, 0.125], "texture": "#5"}
			}
		},
		{
			"name": "hexadecagon",
			"from": [8.26419, 9.7, 2.375],
			"to": [8.42331, 9.9, 11.125],
			"rotation": {"angle": -45, "axis": "z", "origin": [8.34375, 9.5, 8.625]},
			"faces": {
				"north": {"uv": [0, 0, 0.125, 0.125], "texture": "#5"},
				"east": {"uv": [0, 0, 0.125, 0.125], "texture": "#5"},
				"south": {"uv": [0, 0, 0.125, 0.125], "texture": "#5"},
				"west": {"uv": [0, 0, 0.125, 0.125], "texture": "#5"},
				"up": {"uv": [0, 0, 0.125, 0.125], "texture": "#5"},
				"down": {"uv": [0, 0, 0.125, 0.125], "texture": "#5"}
			}
		},
		{
			"name": "hexadecagon",
			"from": [8.26419, 9.7, 2.375],
			"to": [8.42331, 9.9, 11.125],
			"rotation": {"angle": -22.5, "axis": "z", "origin": [8.34375, 9.5, 8.625]},
			"faces": {
				"north": {"uv": [0, 0, 0.125, 0.125], "texture": "#5"},
				"east": {"uv": [0, 0, 0.125, 0.125], "texture": "#5"},
				"south": {"uv": [0, 0, 0.125, 0.125], "texture": "#5"},
				"west": {"uv": [0, 0, 0.125, 0.125], "texture": "#5"},
				"up": {"uv": [0, 0, 0.125, 0.125], "texture": "#5"},
				"down": {"uv": [0, 0, 0.125, 0.125], "texture": "#5"}
			}
		},
		{
			"name": "hexadecagon",
			"from": [8.26419, 9.7, 2.375],
			"to": [8.42331, 9.9, 11.125],
			"rotation": {"angle": 0, "axis": "z", "origin": [8.34375, 9.5, 8.625]},
			"faces": {
				"north": {"uv": [0, 0, 0.125, 0.125], "texture": "#5"},
				"east": {"uv": [0, 0, 0.125, 0.125], "texture": "#5"},
				"south": {"uv": [0, 0, 0.125, 0.125], "texture": "#5"},
				"west": {"uv": [0, 0, 0.125, 0.125], "texture": "#5"},
				"up": {"uv": [0, 0, 0.125, 0.125], "texture": "#5"},
				"down": {"uv": [0, 0, 0.125, 0.125], "texture": "#5"}
			}
		},
		{
			"name": "hexadecagon",
			"from": [8.26419, 9.7, 2.375],
			"to": [8.42331, 9.9, 11.125],
			"rotation": {"angle": 22.5, "axis": "z", "origin": [8.34375, 9.5, 8.625]},
			"faces": {
				"north": {"uv": [0, 0, 0.125, 0.125], "texture": "#5"},
				"east": {"uv": [0, 0, 0.125, 0.125], "texture": "#5"},
				"south": {"uv": [0, 0, 0.125, 0.125], "texture": "#5"},
				"west": {"uv": [0, 0, 0.125, 0.125], "texture": "#5"},
				"up": {"uv": [0, 0, 0.125, 0.125], "texture": "#5"},
				"down": {"uv": [0, 0, 0.125, 0.125], "texture": "#5"}
			}
		},
		{
			"name": "hexadecagon",
			"from": [8.26419, 9.7, 2.375],
			"to": [8.42331, 9.9, 11.125],
			"rotation": {"angle": 45, "axis": "z", "origin": [8.34375, 9.5, 8.625]},
			"faces": {
				"north": {"uv": [0, 0, 0.125, 0.125], "texture": "#5"},
				"east": {"uv": [0, 0, 0.125, 0.125], "texture": "#5"},
				"south": {"uv": [0, 0, 0.125, 0.125], "texture": "#5"},
				"west": {"uv": [0, 0, 0.125, 0.125], "texture": "#5"},
				"up": {"uv": [0, 0, 0.125, 0.125], "texture": "#5"},
				"down": {"uv": [0, 0, 0.125, 0.125], "texture": "#5"}
			}
		},
		{
			"name": "hexadecagon",
			"from": [7.94375, 9.42044, 2.375],
			"to": [8.14375, 9.57956, 11.125],
			"rotation": {"angle": -22.5, "axis": "z", "origin": [8.34375, 9.5, 8.625]},
			"faces": {
				"north": {"uv": [0, 0, 0.125, 0.125], "texture": "#5"},
				"east": {"uv": [0, 0, 0.125, 0.125], "texture": "#5"},
				"south": {"uv": [0, 0, 0.125, 0.125], "texture": "#5"},
				"west": {"uv": [0, 0, 0.125, 0.125], "texture": "#5"},
				"up": {"uv": [0, 0, 0.125, 0.125], "texture": "#5"},
				"down": {"uv": [0, 0, 0.125, 0.125], "texture": "#5"}
			}
		},
		{
			"name": "hexadecagon",
			"from": [7.94375, 9.42044, 2.375],
			"to": [8.14375, 9.57956, 11.125],
			"rotation": {"angle": 0, "axis": "z", "origin": [8.34375, 9.5, 8.625]},
			"faces": {
				"north": {"uv": [0, 0, 0.125, 0.125], "texture": "#5"},
				"east": {"uv": [0, 0, 0.125, 0.125], "texture": "#5"},
				"south": {"uv": [0, 0, 0.125, 0.125], "texture": "#5"},
				"west": {"uv": [0, 0, 0.125, 0.125], "texture": "#5"},
				"up": {"uv": [0, 0, 0.125, 0.125], "texture": "#5"},
				"down": {"uv": [0, 0, 0.125, 0.125], "texture": "#5"}
			}
		},
		{
			"name": "hexadecagon",
			"from": [7.94375, 9.42044, 2.375],
			"to": [8.14375, 9.57956, 11.125],
			"rotation": {"angle": 22.5, "axis": "z", "origin": [8.34375, 9.5, 8.625]},
			"faces": {
				"north": {"uv": [0, 0, 0.125, 0.125], "texture": "#5"},
				"east": {"uv": [0, 0, 0.125, 0.125], "texture": "#5"},
				"south": {"uv": [0, 0, 0.125, 0.125], "texture": "#5"},
				"west": {"uv": [0, 0, 0.125, 0.125], "texture": "#5"},
				"up": {"uv": [0, 0, 0.125, 0.125], "texture": "#5"},
				"down": {"uv": [0, 0, 0.125, 0.125], "texture": "#5"}
			}
		},
		{
			"name": "hexadecagon",
			"from": [8.54375, 9.42044, 2.375],
			"to": [8.74375, 9.57956, 11.125],
			"rotation": {"angle": -22.5, "axis": "z", "origin": [8.34375, 9.5, 8.625]},
			"faces": {
				"north": {"uv": [0, 0, 0.125, 0.125], "texture": "#5"},
				"east": {"uv": [0, 0, 0.125, 0.125], "texture": "#5"},
				"south": {"uv": [0, 0, 0.125, 0.125], "texture": "#5"},
				"west": {"uv": [0, 0, 0.125, 0.125], "texture": "#5"},
				"up": {"uv": [0, 0, 0.125, 0.125], "texture": "#5"},
				"down": {"uv": [0, 0, 0.125, 0.125], "texture": "#5"}
			}
		},
		{
			"name": "hexadecagon",
			"from": [8.54375, 9.42044, 2.375],
			"to": [8.74375, 9.57956, 11.125],
			"rotation": {"angle": 0, "axis": "z", "origin": [8.34375, 9.5, 8.625]},
			"faces": {
				"north": {"uv": [0, 0, 0.125, 0.125], "texture": "#5"},
				"east": {"uv": [0, 0, 0.125, 0.125], "texture": "#5"},
				"south": {"uv": [0, 0, 0.125, 0.125], "texture": "#5"},
				"west": {"uv": [0, 0, 0.125, 0.125], "texture": "#5"},
				"up": {"uv": [0, 0, 0.125, 0.125], "texture": "#5"},
				"down": {"uv": [0, 0, 0.125, 0.125], "texture": "#5"}
			}
		},
		{
			"name": "hexadecagon",
			"from": [8.54375, 9.42044, 2.375],
			"to": [8.74375, 9.57956, 11.125],
			"rotation": {"angle": 22.5, "axis": "z", "origin": [8.34375, 9.5, 8.625]},
			"faces": {
				"north": {"uv": [0, 0, 0.125, 0.125], "texture": "#5"},
				"east": {"uv": [0, 0, 0.125, 0.125], "texture": "#5"},
				"south": {"uv": [0, 0, 0.125, 0.125], "texture": "#5"},
				"west": {"uv": [0, 0, 0.125, 0.125], "texture": "#5"},
				"up": {"uv": [0, 0, 0.125, 0.125], "texture": "#5"},
				"down": {"uv": [0, 0, 0.125, 0.125], "texture": "#5"}
			}
		},
		{
			"name": "hexadecagon",
			"from": [7.63919, 9.1, 2.375],
			"to": [7.79831, 9.3, 11.125],
			"rotation": {"angle": -45, "axis": "z", "origin": [7.71875, 9.5, 8.625]},
			"faces": {
				"north": {"uv": [0, 0, 0.125, 0.125], "texture": "#5"},
				"east": {"uv": [0, 0, 0.125, 0.125], "texture": "#5"},
				"south": {"uv": [0, 0, 0.125, 0.125], "texture": "#5"},
				"west": {"uv": [0, 0, 0.125, 0.125], "texture": "#5"},
				"up": {"uv": [0, 0, 0.125, 0.125], "texture": "#5"},
				"down": {"uv": [0, 0, 0.125, 0.125], "texture": "#5"}
			}
		},
		{
			"name": "hexadecagon",
			"from": [7.63919, 9.1, 2.375],
			"to": [7.79831, 9.3, 11.125],
			"rotation": {"angle": -22.5, "axis": "z", "origin": [7.71875, 9.5, 8.625]},
			"faces": {
				"north": {"uv": [0, 0, 0.125, 0.125], "texture": "#5"},
				"east": {"uv": [0, 0, 0.125, 0.125], "texture": "#5"},
				"south": {"uv": [0, 0, 0.125, 0.125], "texture": "#5"},
				"west": {"uv": [0, 0, 0.125, 0.125], "texture": "#5"},
				"up": {"uv": [0, 0, 0.125, 0.125], "texture": "#5"},
				"down": {"uv": [0, 0, 0.125, 0.125], "texture": "#5"}
			}
		},
		{
			"name": "hexadecagon",
			"from": [7.63919, 9.1, 2.375],
			"to": [7.79831, 9.3, 11.125],
			"rotation": {"angle": 0, "axis": "z", "origin": [7.71875, 9.5, 8.625]},
			"faces": {
				"north": {"uv": [0, 0, 0.125, 0.125], "texture": "#5"},
				"east": {"uv": [0, 0, 0.125, 0.125], "texture": "#5"},
				"south": {"uv": [0, 0, 0.125, 0.125], "texture": "#5"},
				"west": {"uv": [0, 0, 0.125, 0.125], "texture": "#5"},
				"up": {"uv": [0, 0, 0.125, 0.125], "texture": "#5"},
				"down": {"uv": [0, 0, 0.125, 0.125], "texture": "#5"}
			}
		},
		{
			"name": "hexadecagon",
			"from": [7.63919, 9.1, 2.375],
			"to": [7.79831, 9.3, 11.125],
			"rotation": {"angle": 22.5, "axis": "z", "origin": [7.71875, 9.5, 8.625]},
			"faces": {
				"north": {"uv": [0, 0, 0.125, 0.125], "texture": "#5"},
				"east": {"uv": [0, 0, 0.125, 0.125], "texture": "#5"},
				"south": {"uv": [0, 0, 0.125, 0.125], "texture": "#5"},
				"west": {"uv": [0, 0, 0.125, 0.125], "texture": "#5"},
				"up": {"uv": [0, 0, 0.125, 0.125], "texture": "#5"},
				"down": {"uv": [0, 0, 0.125, 0.125], "texture": "#5"}
			}
		},
		{
			"name": "hexadecagon",
			"from": [7.63919, 9.1, 2.375],
			"to": [7.79831, 9.3, 11.125],
			"rotation": {"angle": 45, "axis": "z", "origin": [7.71875, 9.5, 8.625]},
			"faces": {
				"north": {"uv": [0, 0, 0.125, 0.125], "texture": "#5"},
				"east": {"uv": [0, 0, 0.125, 0.125], "texture": "#5"},
				"south": {"uv": [0, 0, 0.125, 0.125], "texture": "#5"},
				"west": {"uv": [0, 0, 0.125, 0.125], "texture": "#5"},
				"up": {"uv": [0, 0, 0.125, 0.125], "texture": "#5"},
				"down": {"uv": [0, 0, 0.125, 0.125], "texture": "#5"}
			}
		},
		{
			"name": "hexadecagon",
			"from": [7.63919, 9.7, 2.375],
			"to": [7.79831, 9.9, 11.125],
			"rotation": {"angle": -45, "axis": "z", "origin": [7.71875, 9.5, 8.625]},
			"faces": {
				"north": {"uv": [0, 0, 0.125, 0.125], "texture": "#5"},
				"east": {"uv": [0, 0, 0.125, 0.125], "texture": "#5"},
				"south": {"uv": [0, 0, 0.125, 0.125], "texture": "#5"},
				"west": {"uv": [0, 0, 0.125, 0.125], "texture": "#5"},
				"up": {"uv": [0, 0, 0.125, 0.125], "texture": "#5"},
				"down": {"uv": [0, 0, 0.125, 0.125], "texture": "#5"}
			}
		},
		{
			"name": "hexadecagon",
			"from": [7.63919, 9.7, 2.375],
			"to": [7.79831, 9.9, 11.125],
			"rotation": {"angle": -22.5, "axis": "z", "origin": [7.71875, 9.5, 8.625]},
			"faces": {
				"north": {"uv": [0, 0, 0.125, 0.125], "texture": "#5"},
				"east": {"uv": [0, 0, 0.125, 0.125], "texture": "#5"},
				"south": {"uv": [0, 0, 0.125, 0.125], "texture": "#5"},
				"west": {"uv": [0, 0, 0.125, 0.125], "texture": "#5"},
				"up": {"uv": [0, 0, 0.125, 0.125], "texture": "#5"},
				"down": {"uv": [0, 0, 0.125, 0.125], "texture": "#5"}
			}
		},
		{
			"name": "hexadecagon",
			"from": [7.63919, 9.7, 2.375],
			"to": [7.79831, 9.9, 11.125],
			"rotation": {"angle": 0, "axis": "z", "origin": [7.71875, 9.5, 8.625]},
			"faces": {
				"north": {"uv": [0, 0, 0.125, 0.125], "texture": "#5"},
				"east": {"uv": [0, 0, 0.125, 0.125], "texture": "#5"},
				"south": {"uv": [0, 0, 0.125, 0.125], "texture": "#5"},
				"west": {"uv": [0, 0, 0.125, 0.125], "texture": "#5"},
				"up": {"uv": [0, 0, 0.125, 0.125], "texture": "#5"},
				"down": {"uv": [0, 0, 0.125, 0.125], "texture": "#5"}
			}
		},
		{
			"name": "hexadecagon",
			"from": [7.63919, 9.7, 2.375],
			"to": [7.79831, 9.9, 11.125],
			"rotation": {"angle": 22.5, "axis": "z", "origin": [7.71875, 9.5, 8.625]},
			"faces": {
				"north": {"uv": [0, 0, 0.125, 0.125], "texture": "#5"},
				"east": {"uv": [0, 0, 0.125, 0.125], "texture": "#5"},
				"south": {"uv": [0, 0, 0.125, 0.125], "texture": "#5"},
				"west": {"uv": [0, 0, 0.125, 0.125], "texture": "#5"},
				"up": {"uv": [0, 0, 0.125, 0.125], "texture": "#5"},
				"down": {"uv": [0, 0, 0.125, 0.125], "texture": "#5"}
			}
		},
		{
			"name": "hexadecagon",
			"from": [7.63919, 9.7, 2.375],
			"to": [7.79831, 9.9, 11.125],
			"rotation": {"angle": 45, "axis": "z", "origin": [7.71875, 9.5, 8.625]},
			"faces": {
				"north": {"uv": [0, 0, 0.125, 0.125], "texture": "#5"},
				"east": {"uv": [0, 0, 0.125, 0.125], "texture": "#5"},
				"south": {"uv": [0, 0, 0.125, 0.125], "texture": "#5"},
				"west": {"uv": [0, 0, 0.125, 0.125], "texture": "#5"},
				"up": {"uv": [0, 0, 0.125, 0.125], "texture": "#5"},
				"down": {"uv": [0, 0, 0.125, 0.125], "texture": "#5"}
			}
		},
		{
			"name": "hexadecagon",
			"from": [7.31875, 9.42044, 2.375],
			"to": [7.51875, 9.57956, 11.125],
			"rotation": {"angle": -22.5, "axis": "z", "origin": [7.71875, 9.5, 8.625]},
			"faces": {
				"north": {"uv": [0, 0, 0.125, 0.125], "texture": "#5"},
				"east": {"uv": [0, 0, 0.125, 0.125], "texture": "#5"},
				"south": {"uv": [0, 0, 0.125, 0.125], "texture": "#5"},
				"west": {"uv": [0, 0, 0.125, 0.125], "texture": "#5"},
				"up": {"uv": [0, 0, 0.125, 0.125], "texture": "#5"},
				"down": {"uv": [0, 0, 0.125, 0.125], "texture": "#5"}
			}
		},
		{
			"name": "hexadecagon",
			"from": [7.31875, 9.42044, 2.375],
			"to": [7.51875, 9.57956, 11.125],
			"rotation": {"angle": 0, "axis": "z", "origin": [7.71875, 9.5, 8.625]},
			"faces": {
				"north": {"uv": [0, 0, 0.125, 0.125], "texture": "#5"},
				"east": {"uv": [0, 0, 0.125, 0.125], "texture": "#5"},
				"south": {"uv": [0, 0, 0.125, 0.125], "texture": "#5"},
				"west": {"uv": [0, 0, 0.125, 0.125], "texture": "#5"},
				"up": {"uv": [0, 0, 0.125, 0.125], "texture": "#5"},
				"down": {"uv": [0, 0, 0.125, 0.125], "texture": "#5"}
			}
		},
		{
			"name": "hexadecagon",
			"from": [7.50625, 9.29544, 9.75],
			"to": [8.56563, 9.72019, 11.125],
			"rotation": {"angle": 0, "axis": "z", "origin": [7.90625, 9.5, 8.625]},
			"faces": {
				"north": {"uv": [0, 0, 0.125, 0.125], "texture": "#5"},
				"east": {"uv": [0, 0, 0.125, 0.125], "texture": "#5"},
				"south": {"uv": [0, 0, 0.125, 0.125], "texture": "#5"},
				"west": {"uv": [0, 0, 0.125, 0.125], "texture": "#5"},
				"up": {"uv": [0, 0, 0.125, 0.125], "texture": "#5"},
				"down": {"uv": [0, 0, 0.125, 0.125], "texture": "#5"}
			}
		},
		{
			"name": "hexadecagon",
			"from": [7.31875, 9.42044, 2.375],
			"to": [7.51875, 9.57956, 11.125],
			"rotation": {"angle": 22.5, "axis": "z", "origin": [7.71875, 9.5, 8.625]},
			"faces": {
				"north": {"uv": [0, 0, 0.125, 0.125], "texture": "#5"},
				"east": {"uv": [0, 0, 0.125, 0.125], "texture": "#5"},
				"south": {"uv": [0, 0, 0.125, 0.125], "texture": "#5"},
				"west": {"uv": [0, 0, 0.125, 0.125], "texture": "#5"},
				"up": {"uv": [0, 0, 0.125, 0.125], "texture": "#5"},
				"down": {"uv": [0, 0, 0.125, 0.125], "texture": "#5"}
			}
		},
		{
			"name": "hexadecagon",
			"from": [7.91875, 9.42044, 2.375],
			"to": [8.11875, 9.57956, 11.125],
			"rotation": {"angle": -22.5, "axis": "z", "origin": [7.71875, 9.5, 8.625]},
			"faces": {
				"north": {"uv": [0, 0, 0.125, 0.125], "texture": "#5"},
				"east": {"uv": [0, 0, 0.125, 0.125], "texture": "#5"},
				"south": {"uv": [0, 0, 0.125, 0.125], "texture": "#5"},
				"west": {"uv": [0, 0, 0.125, 0.125], "texture": "#5"},
				"up": {"uv": [0, 0, 0.125, 0.125], "texture": "#5"},
				"down": {"uv": [0, 0, 0.125, 0.125], "texture": "#5"}
			}
		},
		{
			"name": "hexadecagon",
			"from": [7.91875, 9.42044, 2.375],
			"to": [8.11875, 9.57956, 11.125],
			"rotation": {"angle": 0, "axis": "z", "origin": [7.71875, 9.5, 8.625]},
			"faces": {
				"north": {"uv": [0, 0, 0.125, 0.125], "texture": "#5"},
				"east": {"uv": [0, 0, 0.125, 0.125], "texture": "#5"},
				"south": {"uv": [0, 0, 0.125, 0.125], "texture": "#5"},
				"west": {"uv": [0, 0, 0.125, 0.125], "texture": "#5"},
				"up": {"uv": [0, 0, 0.125, 0.125], "texture": "#5"},
				"down": {"uv": [0, 0, 0.125, 0.125], "texture": "#5"}
			}
		},
		{
			"name": "hexadecagon",
			"from": [7.91875, 9.42044, 2.375],
			"to": [8.11875, 9.57956, 11.125],
			"rotation": {"angle": 22.5, "axis": "z", "origin": [7.71875, 9.5, 8.625]},
			"faces": {
				"north": {"uv": [0, 0, 0.125, 0.125], "texture": "#5"},
				"east": {"uv": [0, 0, 0.125, 0.125], "texture": "#5"},
				"south": {"uv": [0, 0, 0.125, 0.125], "texture": "#5"},
				"west": {"uv": [0, 0, 0.125, 0.125], "texture": "#5"},
				"up": {"uv": [0, 0, 0.125, 0.125], "texture": "#5"},
				"down": {"uv": [0, 0, 0.125, 0.125], "texture": "#5"}
			}
		}
	],
	"gui_light": "front",
	"display": {
		"thirdperson_righthand": {
			"translation": [-1.25, 0, -2.25],
			"scale": [0.85, 0.75, 0.75]
		},
		"thirdperson_lefthand": {
			"translation": [-1.25, 0, -2.25],
			"scale": [0.85, 0.75, 0.75]
		},
		"firstperson_righthand": {
			"translation": [9.75, -10.5, -21.25],
			"scale": [4, 4, 2.93]
		},
		"firstperson_lefthand": {
			"translation": [9.75, -9.75, -21.25],
			"scale": [4, 4, 2.93]
		},
		"ground": {
			"rotation": [0, 0, 90],
			"translation": [0, -2.75, 0],
			"scale": [0.9, 0.9, 0.9]
		},
		"gui": {
			"rotation": [-90, 135, 90],
			"translation": [0, 0.25, 0],
			"scale": [0.6, 0.6, 0.6]
		},
		"fixed": {
			"rotation": [90, 45, -90],
			"translation": [-0.25, -0.25, -1.5],
			"scale": [1.65, 1.5, 1.5]
		}
	},
	"groups": [
		{
			"name": "Stock",
			"origin": [7.99921, 8.62926, 13.13002],
			"children": [0, 1, 2, 3, 4, 5, 6, 7, 8, 9]
		},
		{
			"name": "Pump",
			"origin": [8, 8.625, -4],
			"children": [10, 11, 12, 13, 14, 15, 16, 17, 18, 19, 20, 21, 22, 23, 24, 25]
		},
		{
			"name": "Reciever",
			"origin": [8.00429, 8.81508, 11.73587],
			"children": [26, 27, 28, 29, 30, 31]
		},
		{
			"name": "Trigger",
			"origin": [8.25573, 7.80025, 11.57725],
			"children": [32, 33, 34, 35, 36, 37, 38, 39, 40, 41, 42, 43, 44]
		},
		{
			"name": "Sights",
			"origin": [8, 8, 8],
			"children": [45, 46, 47, 48]
		},
		{
			"name": "hexadecagon",
			"origin": [8, 8, 8],
			"children": []
		},
		{
			"name": "hexadecagon",
			"origin": [8, 8, 8],
			"children": []
		},
		{
			"name": "hexadecagon",
			"origin": [8, 8, 8],
			"children": [49, 50, 51, 52, 53, 54, 55, 56, 57, 58, 59, 60, 61, 62, 63, 64]
		},
		{
			"name": "hexadecagon",
			"origin": [8, 8, 8],
			"children": [65, 66, 67, 68, 69, 70, 71, 72, 73, 74, 75, 76, 77, 78, 79, 80, 81]
		}
	]
}