{
	"credit": "Made with Blockbench",
	"textures": {
		"1": "guns/gunmetal3",
		"3": "guns/gunmetal5",
		"4": "guns/gunmetal4",
		"5": "guns/gunmetal6",
		"6": "guns/wood",
		"particle": "guns/gunmetal6"
	},
	"elements": [
		{
			"name": "hexadecagon",
			"from": [7.95027, 9.25, -6.5],
			"to": [8.04973, 9.75, 6],
			"rotation": {"angle": -45, "axis": "z", "origin": [8, 9.5, -4]},
			"faces": {
				"north": {"uv": [0, 0, 0.125, 0.125], "texture": "#4"},
				"east": {"uv": [0, 0, 0.125, 0.125], "texture": "#4"},
				"south": {"uv": [0, 0, 0.125, 0.125], "texture": "#4"},
				"west": {"uv": [0, 0, 0.125, 0.125], "texture": "#4"},
				"up": {"uv": [0, 0, 0.125, 0.125], "texture": "#4"},
				"down": {"uv": [0, 0, 0.125, 0.125], "texture": "#4"}
			}
		},
		{
			"name": "hexadecagon",
			"from": [7.95027, 9.25, -6.5],
			"to": [8.04973, 9.75, 6],
			"rotation": {"angle": -22.5, "axis": "z", "origin": [8, 9.5, -4]},
			"faces": {
				"north": {"uv": [0, 0, 0.125, 0.125], "texture": "#4"},
				"east": {"uv": [0, 0, 0.125, 0.125], "texture": "#4"},
				"south": {"uv": [0, 0, 0.125, 0.125], "texture": "#4"},
				"west": {"uv": [0, 0, 0.125, 0.125], "texture": "#4"},
				"up": {"uv": [0, 0, 0.125, 0.125], "texture": "#4"},
				"down": {"uv": [0, 0, 0.125, 0.125], "texture": "#4"}
			}
		},
		{
			"name": "hexadecagon",
			"from": [7.95027, 9.25, -6.5],
			"to": [8.04973, 9.75, 6],
			"rotation": {"angle": 0, "axis": "z", "origin": [8, 9.5, -4]},
			"faces": {
				"north": {"uv": [0, 0, 0.125, 0.125], "texture": "#4"},
				"east": {"uv": [0, 0, 0.125, 0.125], "texture": "#4"},
				"south": {"uv": [0, 0, 0.125, 0.125], "texture": "#4"},
				"west": {"uv": [0, 0, 0.125, 0.125], "texture": "#4"},
				"up": {"uv": [0, 0, 0.125, 0.125], "texture": "#4"},
				"down": {"uv": [0, 0, 0.125, 0.125], "texture": "#4"}
			}
		},
		{
			"name": "hexadecagon",
			"from": [7.95027, 9.25, -6.5],
			"to": [8.04973, 9.75, 6],
			"rotation": {"angle": 22.5, "axis": "z", "origin": [8, 9.5, -4]},
			"faces": {
				"north": {"uv": [0, 0, 0.125, 0.125], "texture": "#4"},
				"east": {"uv": [0, 0, 0.125, 0.125], "texture": "#4"},
				"south": {"uv": [0, 0, 0.125, 0.125], "texture": "#4"},
				"west": {"uv": [0, 0, 0.125, 0.125], "texture": "#4"},
				"up": {"uv": [0, 0, 0.125, 0.125], "texture": "#4"},
				"down": {"uv": [0, 0, 0.125, 0.125], "texture": "#4"}
			}
		},
		{
			"name": "hexadecagon",
			"from": [7.95027, 9.25, -6.5],
			"to": [8.04973, 9.75, 6],
			"rotation": {"angle": 45, "axis": "z", "origin": [8, 9.5, -4]},
			"faces": {
				"north": {"uv": [0, 0, 0.125, 0.125], "texture": "#4"},
				"east": {"uv": [0, 0, 0.125, 0.125], "texture": "#4"},
				"south": {"uv": [0, 0, 0.125, 0.125], "texture": "#4"},
				"west": {"uv": [0, 0, 0.125, 0.125], "texture": "#4"},
				"up": {"uv": [0, 0, 0.125, 0.125], "texture": "#4"},
				"down": {"uv": [0, 0, 0.125, 0.125], "texture": "#4"}
			}
		},
		{
			"name": "hexadecagon",
			"from": [7.75, 9.45027, -6.5],
			"to": [8.25, 9.54973, 6],
			"rotation": {"angle": -22.5, "axis": "z", "origin": [8, 9.5, -4]},
			"faces": {
				"north": {"uv": [0, 0, 0.125, 0.125], "texture": "#4"},
				"east": {"uv": [0, 0, 0.125, 0.125], "texture": "#4"},
				"south": {"uv": [0, 0, 0.125, 0.125], "texture": "#4"},
				"west": {"uv": [0, 0, 0.125, 0.125], "texture": "#4"},
				"up": {"uv": [0, 0, 0.125, 0.125], "texture": "#4"},
				"down": {"uv": [0, 0, 0.125, 0.125], "texture": "#4"}
			}
		},
		{
			"name": "hexadecagon",
			"from": [7.75, 9.45027, -6.5],
			"to": [8.25, 9.54973, 6],
			"rotation": {"angle": 0, "axis": "z", "origin": [8, 9.5, -4]},
			"faces": {
				"north": {"uv": [0, 0, 0.125, 0.125], "texture": "#4"},
				"east": {"uv": [0, 0, 0.125, 0.125], "texture": "#4"},
				"south": {"uv": [0, 0, 0.125, 0.125], "texture": "#4"},
				"west": {"uv": [0, 0, 0.125, 0.125], "texture": "#4"},
				"up": {"uv": [0, 0, 0.125, 0.125], "texture": "#4"},
				"down": {"uv": [0, 0, 0.125, 0.125], "texture": "#4"}
			}
		},
		{
			"name": "hexadecagon",
			"from": [7.75, 9.45027, -6.5],
			"to": [8.25, 9.54973, 6],
			"rotation": {"angle": 22.5, "axis": "z", "origin": [8, 9.5, -4]},
			"faces": {
				"north": {"uv": [0, 0, 0.125, 0.125], "texture": "#4"},
				"east": {"uv": [0, 0, 0.125, 0.125], "texture": "#4"},
				"south": {"uv": [0, 0, 0.125, 0.125], "texture": "#4"},
				"west": {"uv": [0, 0, 0.125, 0.125], "texture": "#4"},
				"up": {"uv": [0, 0, 0.125, 0.125], "texture": "#4"},
				"down": {"uv": [0, 0, 0.125, 0.125], "texture": "#4"}
			}
		},
		{
			"from": [8.18665, 8.19586, 5.99706],
			"to": [8.31165, 9.19586, 12.54393],
			"rotation": {"angle": 0, "axis": "x", "origin": [8.00429, 8.81508, 11.73587]},
			"faces": {
				"north": {"uv": [0, 0, 0.625, 1.25], "rotation": 180, "texture": "#4"},
				"east": {"uv": [1.25, 0, 0, 1.125], "rotation": 90, "texture": "#4"},
				"south": {"uv": [0, 1.25, 0.625, 0], "texture": "#4"},
				"west": {"uv": [1.25, 0, 0, 1.125], "rotation": 270, "texture": "#4"},
				"up": {"uv": [0.625, 0, 0, 1.125], "texture": "#4"},
				"down": {"uv": [0.625, 0, 0, 1.125], "rotation": 180, "texture": "#4"}
			}
		},
		{
			"from": [7.68671, 8.45744, 11.21786],
			"to": [8.31171, 9.70744, 12.84286],
			"rotation": {"angle": 22.5, "axis": "x", "origin": [8.00436, 9.07665, 12.0348]},
			"faces": {
				"north": {"uv": [0, 0, 0.625, 1.25], "rotation": 180, "texture": "#4"},
				"east": {"uv": [1.25, 0, 0, 1.125], "rotation": 90, "texture": "#4"},
				"south": {"uv": [0, 1.25, 0.625, 0], "texture": "#4"},
				"west": {"uv": [1.25, 0, 0, 1.125], "rotation": 270, "texture": "#4"},
				"up": {"uv": [0.625, 0, 0, 1.125], "texture": "#4"},
				"down": {"uv": [0.625, 0, 0, 1.125], "rotation": 180, "texture": "#4"}
			}
		},
		{
			"from": [7.68401, 9.09884, 5.99112],
			"to": [8.30901, 9.97384, 6.45986],
			"rotation": {"angle": 0, "axis": "x", "origin": [7.99729, 9.34661, 8.25036]},
			"faces": {
				"north": {"uv": [0, 0, 0.625, 1.25], "rotation": 180, "texture": "#4"},
				"east": {"uv": [1.25, 0, 0, 1.125], "rotation": 90, "texture": "#4"},
				"south": {"uv": [0, 1.25, 0.625, 0], "texture": "#4"},
				"west": {"uv": [1.25, 0, 0, 1.125], "rotation": 270, "texture": "#4"},
				"up": {"uv": [0.625, 0, 0, 1.125], "texture": "#4"},
				"down": {"uv": [0.625, 0, 0, 1.125], "rotation": 180, "texture": "#4"}
			}
		},
		{
			"from": [7.68401, 8.72384, 8.72549],
			"to": [8.30901, 9.97384, 11.52236],
			"rotation": {"angle": 0, "axis": "x", "origin": [7.99729, 9.34661, 8.25036]},
			"faces": {
				"north": {"uv": [0, 0, 0.625, 1.25], "rotation": 180, "texture": "#4"},
				"east": {"uv": [1.25, 0, 0, 1.125], "rotation": 90, "texture": "#4"},
				"south": {"uv": [0, 1.25, 0.625, 0], "texture": "#4"},
				"west": {"uv": [1.25, 0, 0, 1.125], "rotation": 270, "texture": "#4"},
				"up": {"uv": [0.625, 0, 0, 1.125], "texture": "#4"},
				"down": {"uv": [0.625, 0, 0, 1.125], "rotation": 180, "texture": "#4"}
			}
		},
		{
			"from": [7.68401, 9.77071, 6.44424],
			"to": [8.30901, 9.97384, 8.72549],
			"rotation": {"angle": 0, "axis": "x", "origin": [7.99729, 9.34661, 8.25036]},
			"faces": {
				"north": {"uv": [0, 0, 0.625, 1.25], "rotation": 180, "texture": "#4"},
				"east": {"uv": [1.25, 0, 0, 1.125], "rotation": 90, "texture": "#4"},
				"south": {"uv": [0, 1.25, 0.625, 0], "texture": "#4"},
				"west": {"uv": [1.25, 0, 0, 1.125], "rotation": 270, "texture": "#4"},
				"up": {"uv": [0.625, 0, 0, 1.125], "texture": "#4"},
				"down": {"uv": [0.625, 0, 0, 1.125], "rotation": 180, "texture": "#4"}
			}
		},
		{
			"from": [7.68403, 9.22384, 6.44421],
			"to": [8.24653, 9.80196, 8.72546],
			"rotation": {"angle": 0, "axis": "x", "origin": [7.99732, 9.33099, 8.25033]},
			"faces": {
				"north": {"uv": [0, 0, 0.625, 1.25], "rotation": 180, "texture": "#4"},
				"east": {"uv": [1.25, 0, 0, 1.125], "rotation": 90, "texture": "#1"},
				"south": {"uv": [0, 1.25, 0.625, 0], "texture": "#4"},
				"west": {"uv": [1.25, 0, 0, 1.125], "rotation": 270, "texture": "#4"},
				"up": {"uv": [0.625, 0, 0, 1.125], "texture": "#4"},
				"down": {"uv": [0.625, 0, 0, 1.125], "rotation": 180, "texture": "#4"}
			}
		},
		{
			"from": [7.68401, 9.14571, 6.44424],
			"to": [8.30901, 9.22384, 8.72549],
			"rotation": {"angle": 0, "axis": "x", "origin": [7.99729, 9.34661, 8.25036]},
			"faces": {
				"north": {"uv": [0, 0, 0.625, 1.25], "rotation": 180, "texture": "#4"},
				"east": {"uv": [1.25, 0, 0, 1.125], "rotation": 90, "texture": "#4"},
				"south": {"uv": [0, 1.25, 0.625, 0], "texture": "#4"},
				"west": {"uv": [1.25, 0, 0, 1.125], "rotation": 270, "texture": "#4"},
				"up": {"uv": [0.625, 0, 0, 1.125], "texture": "#4"},
				"down": {"uv": [0.625, 0, 0, 1.125], "rotation": 180, "texture": "#4"}
			}
		},
		{
			"from": [7.68665, 8.19586, 5.99706],
			"to": [7.81165, 9.19586, 12.54393],
			"rotation": {"angle": 0, "axis": "x", "origin": [8.00429, 8.81508, 11.73587]},
			"faces": {
				"north": {"uv": [0, 0, 0.625, 1.25], "rotation": 180, "texture": "#4"},
				"east": {"uv": [1.25, 0, 0, 1.125], "rotation": 90, "texture": "#4"},
				"south": {"uv": [0, 1.25, 0.625, 0], "texture": "#4"},
				"west": {"uv": [1.25, 0, 0, 1.125], "rotation": 270, "texture": "#4"},
				"up": {"uv": [0.625, 0, 0, 1.125], "texture": "#4"},
				"down": {"uv": [0.625, 0, 0, 1.125], "rotation": 180, "texture": "#4"}
			}
		},
		{
			"from": [7.81165, 8.19586, 8.49706],
			"to": [8.18665, 9.19586, 12.54393],
			"rotation": {"angle": 0, "axis": "x", "origin": [8.00429, 8.81508, 11.73587]},
			"faces": {
				"north": {"uv": [0, 0, 0.625, 1.25], "rotation": 180, "texture": "#4"},
				"east": {"uv": [1.25, 0, 0, 1.125], "rotation": 90, "texture": "#4"},
				"south": {"uv": [0, 1.25, 0.625, 0], "texture": "#4"},
				"west": {"uv": [1.25, 0, 0, 1.125], "rotation": 270, "texture": "#4"},
				"up": {"uv": [0.625, 0, 0, 1.125], "texture": "#4"},
				"down": {"uv": [0.625, 0, 0, 1.125], "rotation": 180, "texture": "#4"}
			}
		},
		{
			"from": [7.81165, 8.19586, 5.99706],
			"to": [8.18665, 9.19586, 6.79393],
			"rotation": {"angle": 0, "axis": "x", "origin": [8.00429, 8.81508, 11.73587]},
			"faces": {
				"north": {"uv": [0, 0, 0.625, 1.25], "rotation": 180, "texture": "#4"},
				"east": {"uv": [1.25, 0, 0, 1.125], "rotation": 90, "texture": "#4"},
				"south": {"uv": [0, 1.25, 0.625, 0], "texture": "#4"},
				"west": {"uv": [1.25, 0, 0, 1.125], "rotation": 270, "texture": "#4"},
				"up": {"uv": [0.625, 0, 0, 1.125], "texture": "#4"},
				"down": {"uv": [0.625, 0, 0, 1.125], "rotation": 180, "texture": "#4"}
			}
		},
		{
			"from": [7.81165, 8.22711, 6.79393],
			"to": [8.18665, 9.19586, 8.49706],
			"rotation": {"angle": 0, "axis": "x", "origin": [8.00429, 8.81508, 11.73587]},
			"faces": {
				"north": {"uv": [0, 0, 0.625, 1.25], "rotation": 180, "texture": "#4"},
				"east": {"uv": [1.25, 0, 0, 1.125], "rotation": 90, "texture": "#4"},
				"south": {"uv": [0, 1.25, 0.625, 0], "texture": "#4"},
				"west": {"uv": [1.25, 0, 0, 1.125], "rotation": 270, "texture": "#4"},
				"up": {"uv": [0.625, 0, 0, 1.125], "texture": "#4"},
				"down": {"uv": [0.625, 0, 0, 1.125], "rotation": 180, "texture": "#1"}
			}
		},
		{
			"from": [7.87415, 7.69586, 11.87206],
			"to": [8.12415, 8.19586, 12.04393],
			"rotation": {"angle": 0, "axis": "x", "origin": [7.81679, 8.81508, 11.73587]},
			"faces": {
				"north": {"uv": [0, 0, 0.625, 1.25], "rotation": 180, "texture": "#4"},
				"east": {"uv": [1.25, 0, 0, 1.125], "rotation": 90, "texture": "#4"},
				"south": {"uv": [0, 1.25, 0.625, 0], "texture": "#4"},
				"west": {"uv": [1.25, 0, 0, 1.125], "rotation": 270, "texture": "#4"},
				"up": {"uv": [0.625, 0, 0, 1.125], "texture": "#4"},
				"down": {"uv": [0.625, 0, 0, 1.125], "rotation": 180, "texture": "#4"}
			}
		},
		{
			"from": [7.8743, 7.4983, 11.78052],
			"to": [8.1243, 7.7483, 11.95239],
			"rotation": {"angle": 22.5, "axis": "x", "origin": [8.0688, 7.49183, 11.86591]},
			"faces": {
				"north": {"uv": [0, 0, 0.625, 1.25], "rotation": 180, "texture": "#4"},
				"east": {"uv": [1.25, 0, 0, 1.125], "rotation": 90, "texture": "#4"},
				"south": {"uv": [0, 1.25, 0.625, 0], "texture": "#4"},
				"west": {"uv": [1.25, 0, 0, 1.125], "rotation": 270, "texture": "#4"},
				"up": {"uv": [0.625, 0, 0, 1.125], "texture": "#4"},
				"down": {"uv": [0.625, 0, 0, 1.125], "rotation": 180, "texture": "#4"}
			}
		},
		{
			"from": [7.87429, 7.40823, 11.67574],
			"to": [8.12429, 7.58011, 11.92574],
			"rotation": {"angle": -22.5, "axis": "x", "origin": [8.0693, 7.49276, 11.7944]},
			"faces": {
				"north": {"uv": [0.625, 0, 0, 1.125], "texture": "#4"},
				"east": {"uv": [1.25, 0, 0, 1.125], "texture": "#4"},
				"south": {"uv": [0.625, 0, 0, 1.125], "texture": "#4"},
				"west": {"uv": [1.25, 0, 0, 1.125], "texture": "#4"},
				"up": {"uv": [0, 0, 0.625, 1.25], "texture": "#4"},
				"down": {"uv": [0, 1.25, 0.625, 0], "texture": "#4"}
			}
		},
		{
			"from": [7.87423, 7.36922, 10.71721],
			"to": [8.12423, 7.5411, 11.71721],
			"rotation": {"angle": 0, "axis": "x", "origin": [8.06924, 7.44994, 11.58862]},
			"faces": {
				"north": {"uv": [0.625, 0, 0, 1.125], "texture": "#4"},
				"east": {"uv": [1.25, 0, 0, 1.125], "texture": "#4"},
				"south": {"uv": [0.625, 0, 0, 1.125], "texture": "#4"},
				"west": {"uv": [1.25, 0, 0, 1.125], "texture": "#4"},
				"up": {"uv": [0, 0, 0.625, 1.25], "texture": "#4"},
				"down": {"uv": [0, 1.25, 0.625, 0], "texture": "#4"}
			}
		},
		{
			"from": [7.87424, 7.60991, 9.63511],
			"to": [8.12424, 7.78179, 10.88511],
			"rotation": {"angle": 45, "axis": "x", "origin": [8.06664, 7.69193, 10.51049]},
			"faces": {
				"north": {"uv": [0.625, 0, 0, 1.125], "texture": "#4"},
				"east": {"uv": [1.25, 0, 0, 1.125], "texture": "#4"},
				"south": {"uv": [0.625, 0, 0, 1.125], "texture": "#4"},
				"west": {"uv": [1.25, 0, 0, 1.125], "texture": "#4"},
				"up": {"uv": [0, 0, 0.625, 1.25], "texture": "#4"},
				"down": {"uv": [0, 1.25, 0.625, 0], "texture": "#4"}
			}
		},
		{
			"from": [7.87424, 7.99521, 10.12765],
			"to": [8.12424, 8.24521, 10.73703],
			"rotation": {"angle": 0, "axis": "x", "origin": [8.06604, 7.8681, 10.33555]},
			"faces": {
				"north": {"uv": [0, 1.25, 0.625, 0], "rotation": 180, "texture": "#4"},
				"east": {"uv": [1.25, 0, 0, 1.125], "rotation": 270, "texture": "#4"},
				"south": {"uv": [0, 0, 0.625, 1.25], "texture": "#4"},
				"west": {"uv": [1.25, 0, 0, 1.125], "rotation": 90, "texture": "#4"},
				"up": {"uv": [0.625, 0, 0, 1.125], "rotation": 180, "texture": "#4"},
				"down": {"uv": [0.625, 0, 0, 1.125], "texture": "#4"}
			}
		},
		{
			"from": [7.87424, 7.80771, 10.31515],
			"to": [8.12424, 7.99521, 10.73703],
			"rotation": {"angle": 0, "axis": "x", "origin": [8.06604, 7.8681, 10.33555]},
			"faces": {
				"north": {"uv": [0, 1.25, 0.625, 0], "rotation": 180, "texture": "#4"},
				"east": {"uv": [1.25, 0, 0, 1.125], "rotation": 270, "texture": "#4"},
				"south": {"uv": [0, 0, 0.625, 1.25], "texture": "#4"},
				"west": {"uv": [1.25, 0, 0, 1.125], "rotation": 90, "texture": "#4"},
				"up": {"uv": [0.625, 0, 0, 1.125], "rotation": 180, "texture": "#4"},
				"down": {"uv": [0.625, 0, 0, 1.125], "texture": "#4"}
			}
		},
		{
			"from": [7.87424, 7.62021, 10.50265],
			"to": [8.12424, 7.80771, 10.73703],
			"rotation": {"angle": 0, "axis": "x", "origin": [8.06604, 7.8681, 10.33555]},
			"faces": {
				"north": {"uv": [0, 1.25, 0.625, 0], "rotation": 180, "texture": "#4"},
				"east": {"uv": [1.25, 0, 0, 1.125], "rotation": 270, "texture": "#4"},
				"south": {"uv": [0, 0, 0.625, 1.25], "texture": "#4"},
				"west": {"uv": [1.25, 0, 0, 1.125], "rotation": 90, "texture": "#4"},
				"up": {"uv": [0.625, 0, 0, 1.125], "rotation": 180, "texture": "#4"},
				"down": {"uv": [0.625, 0, 0, 1.125], "texture": "#4"}
			}
		},
		{
			"from": [7.87424, 7.6563, 10.5833],
			"to": [8.12424, 7.76567, 10.8958],
			"rotation": {"angle": 45, "axis": "x", "origin": [8.06702, 7.58482, 10.61868]},
			"faces": {
				"north": {"uv": [0.625, 0, 0, 1.125], "texture": "#4"},
				"east": {"uv": [1.25, 0, 0, 1.125], "texture": "#4"},
				"south": {"uv": [0.625, 0, 0, 1.125], "texture": "#4"},
				"west": {"uv": [1.25, 0, 0, 1.125], "texture": "#4"},
				"up": {"uv": [0, 0, 0.625, 1.25], "texture": "#4"},
				"down": {"uv": [0, 1.25, 0.625, 0], "texture": "#4"}
			}
		},
		{
			"from": [7.87424, 7.83704, 10.96405],
			"to": [8.12424, 7.94641, 11.27655],
			"rotation": {"angle": -45, "axis": "x", "origin": [8.06702, 7.58482, 10.61868]},
			"faces": {
				"north": {"uv": [0.625, 0, 0, 1.125], "rotation": 180, "texture": "#4"},
				"east": {"uv": [1.25, 0, 0, 1.125], "rotation": 180, "texture": "#4"},
				"south": {"uv": [0.625, 0, 0, 1.125], "rotation": 180, "texture": "#4"},
				"west": {"uv": [1.25, 0, 0, 1.125], "rotation": 180, "texture": "#4"},
				"up": {"uv": [0, 1.25, 0.625, 0], "texture": "#4"},
				"down": {"uv": [0, 0, 0.625, 1.25], "texture": "#4"}
			}
		},
		{
			"from": [7.87415, 7.82086, 11.91893],
			"to": [8.12415, 8.32086, 12.09081],
			"rotation": {"angle": 22.5, "axis": "x", "origin": [8.06865, 7.93939, 11.95745]},
			"faces": {
				"north": {"uv": [0, 0, 0.625, 1.25], "rotation": 180, "texture": "#4"},
				"east": {"uv": [1.25, 0, 0, 1.125], "rotation": 90, "texture": "#4"},
				"south": {"uv": [0, 1.25, 0.625, 0], "texture": "#4"},
				"west": {"uv": [1.25, 0, 0, 1.125], "rotation": 270, "texture": "#4"},
				"up": {"uv": [0.625, 0, 0, 1.125], "texture": "#4"},
				"down": {"uv": [0.625, 0, 0, 1.125], "rotation": 180, "texture": "#4"}
			}
		},
		{
			"from": [7.93665, 7.94586, 11.55956],
			"to": [8.06165, 8.32086, 11.73143],
			"rotation": {"angle": 0, "axis": "x", "origin": [7.81679, 8.81508, 11.73587]},
			"faces": {
				"north": {"uv": [0, 0, 0.625, 1.25], "rotation": 180, "texture": "#1"},
				"east": {"uv": [1.25, 0, 0, 1.125], "rotation": 90, "texture": "#1"},
				"south": {"uv": [0, 1.25, 0.625, 0], "texture": "#1"},
				"west": {"uv": [1.25, 0, 0, 1.125], "rotation": 270, "texture": "#1"},
				"up": {"uv": [0.625, 0, 0, 1.125], "texture": "#1"},
				"down": {"uv": [0.625, 0, 0, 1.125], "rotation": 180, "texture": "#1"}
			}
		},
		{
			"from": [7.9371, 7.61868, 11.49152],
			"to": [8.0621, 7.99368, 11.6634],
			"rotation": {"angle": 22.5, "axis": "x", "origin": [8.06823, 7.80025, 11.57725]},
			"faces": {
				"north": {"uv": [0, 0, 0.625, 1.25], "rotation": 180, "texture": "#1"},
				"east": {"uv": [1.25, 0, 0, 1.125], "rotation": 90, "texture": "#1"},
				"south": {"uv": [0, 1.25, 0.625, 0], "texture": "#1"},
				"west": {"uv": [1.25, 0, 0, 1.125], "rotation": 270, "texture": "#1"},
				"up": {"uv": [0.625, 0, 0, 1.125], "texture": "#1"},
				"down": {"uv": [0.625, 0, 0, 1.125], "rotation": 180, "texture": "#1"}
			}
		},
		{
			"from": [7.74923, 9.93172, 9.82659],
			"to": [8.18673, 10.1661, 11.32659],
			"rotation": {"angle": 0, "axis": "x", "origin": [8.06924, 7.44994, 11.58862]},
			"faces": {
				"north": {"uv": [0.625, 0, 0, 1.125], "texture": "#5"},
				"east": {"uv": [1.25, 0, 0, 1.125], "texture": "#5"},
				"south": {"uv": [0.625, 0, 0, 1.125], "texture": "#5"},
				"west": {"uv": [1.25, 0, 0, 1.125], "texture": "#5"},
				"up": {"uv": [0, 0, 0.625, 1.25], "texture": "#5"},
				"down": {"uv": [0, 1.25, 0.625, 0], "texture": "#5"}
			}
		},
		{
			"from": [8.0589, 9.85629, 10.79632],
			"to": [8.1839, 10.29379, 11.0307],
			"rotation": {"angle": -45, "axis": "x", "origin": [7.9661, 10.29016, 10.90893]},
			"faces": {
				"north": {"uv": [0, 1.25, 0.625, 0], "rotation": 180, "texture": "#5"},
				"east": {"uv": [1.25, 0, 0, 1.125], "rotation": 270, "texture": "#5"},
				"south": {"uv": [0, 0, 0.625, 1.25], "texture": "#5"},
				"west": {"uv": [1.25, 0, 0, 1.125], "rotation": 90, "texture": "#5"},
				"up": {"uv": [0.625, 0, 0, 1.125], "rotation": 180, "texture": "#5"},
				"down": {"uv": [0.625, 0, 0, 1.125], "texture": "#5"}
			}
		},
		{
			"from": [7.74531, 9.85745, 10.79627],
			"to": [7.87031, 10.29495, 11.03065],
			"rotation": {"angle": -45, "axis": "x", "origin": [7.65251, 10.29132, 10.90888]},
			"faces": {
				"north": {"uv": [0, 1.25, 0.625, 0], "rotation": 180, "texture": "#5"},
				"east": {"uv": [1.25, 0, 0, 1.125], "rotation": 270, "texture": "#5"},
				"south": {"uv": [0, 0, 0.625, 1.25], "texture": "#5"},
				"west": {"uv": [1.25, 0, 0, 1.125], "rotation": 90, "texture": "#5"},
				"up": {"uv": [0.625, 0, 0, 1.125], "rotation": 180, "texture": "#5"},
				"down": {"uv": [0.625, 0, 0, 1.125], "texture": "#5"}
			}
		},
		{
			"from": [7.75014, 9.70006, 11.1868],
			"to": [8.18764, 10.13756, 11.42117],
			"rotation": {"angle": -22.5, "axis": "x", "origin": [8.12664, 9.91261, 11.30291]},
			"faces": {
				"north": {"uv": [0, 1.25, 0.625, 0], "rotation": 180, "texture": "#5"},
				"east": {"uv": [1.25, 0, 0, 1.125], "rotation": 270, "texture": "#5"},
				"south": {"uv": [0, 0, 0.625, 1.25], "texture": "#5"},
				"west": {"uv": [1.25, 0, 0, 1.125], "rotation": 90, "texture": "#5"},
				"up": {"uv": [0.625, 0, 0, 1.125], "rotation": 180, "texture": "#5"},
				"down": {"uv": [0.625, 0, 0, 1.125], "texture": "#5"}
			}
		},
		{
			"from": [8.05781, 10.14561, 10.61741],
			"to": [8.18281, 10.37999, 10.99241],
			"rotation": {"angle": 0, "axis": "x", "origin": [7.965, 10.25822, 10.24604]},
			"faces": {
				"north": {"uv": [0.625, 0, 0, 1.125], "texture": "#5"},
				"east": {"uv": [1.25, 0, 0, 1.125], "texture": "#5"},
				"south": {"uv": [0.625, 0, 0, 1.125], "texture": "#5"},
				"west": {"uv": [1.25, 0, 0, 1.125], "texture": "#5"},
				"up": {"uv": [0, 0, 0.625, 1.25], "texture": "#5"},
				"down": {"uv": [0, 1.25, 0.625, 0], "texture": "#5"}
			}
		},
		{
			"from": [7.74531, 10.14561, 10.61741],
			"to": [7.87031, 10.37999, 10.99241],
			"rotation": {"angle": 0, "axis": "x", "origin": [7.6525, 10.25822, 10.24604]},
			"faces": {
				"north": {"uv": [0.625, 0, 0, 1.125], "texture": "#5"},
				"east": {"uv": [1.25, 0, 0, 1.125], "texture": "#5"},
				"south": {"uv": [0.625, 0, 0, 1.125], "texture": "#5"},
				"west": {"uv": [1.25, 0, 0, 1.125], "texture": "#5"},
				"up": {"uv": [0, 0, 0.625, 1.25], "texture": "#5"},
				"down": {"uv": [0, 1.25, 0.625, 0], "texture": "#5"}
			}
		},
		{
			"from": [7.74844, 9.83886, 9.59086],
			"to": [8.18594, 10.07323, 9.96586],
			"rotation": {"angle": -45, "axis": "x", "origin": [8.09292, 9.95152, 9.78215]},
			"faces": {
				"north": {"uv": [0.625, 0, 0, 1.125], "texture": "#5"},
				"east": {"uv": [1.25, 0, 0, 1.125], "texture": "#5"},
				"south": {"uv": [0.625, 0, 0, 1.125], "texture": "#5"},
				"west": {"uv": [1.25, 0, 0, 1.125], "texture": "#5"},
				"up": {"uv": [0, 0, 0.625, 1.25], "texture": "#5"},
				"down": {"uv": [0, 1.25, 0.625, 0], "texture": "#5"}
			}
		},
		{
			"from": [8.05776, 10.09564, 10.46306],
			"to": [8.18276, 10.26751, 10.71306],
			"rotation": {"angle": -45, "axis": "x", "origin": [8.08974, 10.20829, 10.52935]},
			"faces": {
				"north": {"uv": [0.625, 0, 0, 1.125], "texture": "#5"},
				"east": {"uv": [1.25, 0, 0, 1.125], "texture": "#5"},
				"south": {"uv": [0.625, 0, 0, 1.125], "texture": "#5"},
				"west": {"uv": [1.25, 0, 0, 1.125], "texture": "#5"},
				"up": {"uv": [0, 0, 0.625, 1.25], "texture": "#5"},
				"down": {"uv": [0, 1.25, 0.625, 0], "texture": "#5"}
			}
		},
		{
			"from": [8.06102, 9.92946, 9.93768],
			"to": [8.18602, 10.10134, 10.18768],
			"rotation": {"angle": -45, "axis": "x", "origin": [8.093, 10.04212, 10.00397]},
			"faces": {
				"north": {"uv": [0.625, 0, 0, 1.125], "texture": "#5"},
				"east": {"uv": [1.25, 0, 0, 1.125], "texture": "#5"},
				"south": {"uv": [0.625, 0, 0, 1.125], "texture": "#5"},
				"west": {"uv": [1.25, 0, 0, 1.125], "texture": "#5"},
				"up": {"uv": [0, 0, 0.625, 1.25], "texture": "#5"},
				"down": {"uv": [0, 1.25, 0.625, 0], "texture": "#5"}
			}
		},
		{
			"from": [7.74531, 10.09556, 10.46309],
			"to": [7.87031, 10.26743, 10.71309],
			"rotation": {"angle": -45, "axis": "x", "origin": [7.77729, 10.20821, 10.52938]},
			"faces": {
				"north": {"uv": [0.625, 0, 0, 1.125], "texture": "#5"},
				"east": {"uv": [1.25, 0, 0, 1.125], "texture": "#5"},
				"south": {"uv": [0.625, 0, 0, 1.125], "texture": "#5"},
				"west": {"uv": [1.25, 0, 0, 1.125], "texture": "#5"},
				"up": {"uv": [0, 0, 0.625, 1.25], "texture": "#5"},
				"down": {"uv": [0, 1.25, 0.625, 0], "texture": "#5"}
			}
		},
		{
			"from": [7.74914, 9.92853, 9.93797],
			"to": [7.87414, 10.10041, 10.18797],
			"rotation": {"angle": -45, "axis": "x", "origin": [7.78112, 10.04119, 10.00426]},
			"faces": {
				"north": {"uv": [0.625, 0, 0, 1.125], "texture": "#5"},
				"east": {"uv": [1.25, 0, 0, 1.125], "texture": "#5"},
				"south": {"uv": [0.625, 0, 0, 1.125], "texture": "#5"},
				"west": {"uv": [1.25, 0, 0, 1.125], "texture": "#5"},
				"up": {"uv": [0, 0, 0.625, 1.25], "texture": "#5"},
				"down": {"uv": [0, 1.25, 0.625, 0], "texture": "#5"}
			}
		},
		{
			"from": [8.06164, 10.1036, 10.09229],
			"to": [8.18664, 10.21297, 11.09229],
			"rotation": {"angle": 0, "axis": "x", "origin": [7.94415, 7.43432, 11.5887]},
			"faces": {
				"north": {"uv": [0.625, 0, 0, 1.125], "texture": "#5"},
				"east": {"uv": [1.25, 0, 0, 1.125], "texture": "#5"},
				"south": {"uv": [0.625, 0, 0, 1.125], "texture": "#5"},
				"west": {"uv": [1.25, 0, 0, 1.125], "texture": "#5"},
				"up": {"uv": [0, 0, 0.625, 1.25], "texture": "#5"},
				"down": {"uv": [0, 1.25, 0.625, 0], "texture": "#5"}
			}
		},
		{
			"from": [7.90539, 10.0411, -5.65771],
			"to": [8.03039, 10.21297, -5.03271],
			"rotation": {"angle": 0, "axis": "x", "origin": [7.94415, 7.49682, 11.5887]},
			"faces": {
				"north": {"uv": [0.625, 0, 0, 1.125], "texture": "#5"},
				"east": {"uv": [1.25, 0, 0, 1.125], "texture": "#5"},
				"south": {"uv": [0.625, 0, 0, 1.125], "texture": "#5"},
				"west": {"uv": [1.25, 0, 0, 1.125], "texture": "#5"},
				"up": {"uv": [0, 0, 0.625, 1.25], "texture": "#5"},
				"down": {"uv": [0, 1.25, 0.625, 0], "texture": "#5"}
			}
		},
		{
			"from": [7.90539, 10.0411, -5.84521],
			"to": [8.03039, 10.15047, -5.65771],
			"rotation": {"angle": 0, "axis": "x", "origin": [7.94415, 7.49682, 11.5887]},
			"faces": {
				"north": {"uv": [0.625, 0, 0, 1.125], "texture": "#5"},
				"east": {"uv": [1.25, 0, 0, 1.125], "texture": "#5"},
				"south": {"uv": [0.625, 0, 0, 1.125], "texture": "#5"},
				"west": {"uv": [1.25, 0, 0, 1.125], "texture": "#5"},
				"up": {"uv": [0, 0, 0.625, 1.25], "texture": "#5"},
				"down": {"uv": [0, 1.25, 0.625, 0], "texture": "#5"}
			}
		},
		{
			"from": [7.90539, 9.6661, -5.90771],
			"to": [8.03039, 9.90047, -5.03271],
			"rotation": {"angle": 0, "axis": "x", "origin": [7.94415, 7.49682, 11.5887]},
			"faces": {
				"north": {"uv": [0.625, 0, 0, 1.125], "texture": "#5"},
				"east": {"uv": [1.25, 0, 0, 1.125], "texture": "#5"},
				"south": {"uv": [0.625, 0, 0, 1.125], "texture": "#5"},
				"west": {"uv": [1.25, 0, 0, 1.125], "texture": "#5"},
				"up": {"uv": [0, 0, 0.625, 1.25], "texture": "#5"},
				"down": {"uv": [0, 1.25, 0.625, 0], "texture": "#5"}
			}
		},
		{
			"from": [7.90533, 9.51367, -5.19496],
			"to": [8.03033, 10.13867, -4.96058],
			"rotation": {"angle": -22.5, "axis": "x", "origin": [7.94184, 9.84593, -5.06603]},
			"faces": {
				"north": {"uv": [0, 1.25, 0.625, 0], "rotation": 180, "texture": "#5"},
				"east": {"uv": [1.25, 0, 0, 1.125], "rotation": 270, "texture": "#5"},
				"south": {"uv": [0, 0, 0.625, 1.25], "texture": "#5"},
				"west": {"uv": [1.25, 0, 0, 1.125], "rotation": 90, "texture": "#5"},
				"up": {"uv": [0.625, 0, 0, 1.125], "rotation": 180, "texture": "#5"},
				"down": {"uv": [0.625, 0, 0, 1.125], "texture": "#5"}
			}
		},
		{
			"from": [7.90407, 9.49977, -5.96707],
			"to": [8.02907, 10.12477, -5.7327],
			"rotation": {"angle": 22.5, "axis": "x", "origin": [7.94058, 9.83203, -5.83814]},
			"faces": {
				"north": {"uv": [0, 1.25, 0.625, 0], "rotation": 180, "texture": "#5"},
				"east": {"uv": [1.25, 0, 0, 1.125], "rotation": 270, "texture": "#5"},
				"south": {"uv": [0, 0, 0.625, 1.25], "texture": "#5"},
				"west": {"uv": [1.25, 0, 0, 1.125], "rotation": 90, "texture": "#5"},
				"up": {"uv": [0.625, 0, 0, 1.125], "rotation": 180, "texture": "#5"},
				"down": {"uv": [0.625, 0, 0, 1.125], "texture": "#5"}
			}
		},
		{
			"from": [7.90544, 10.05612, -5.75564],
			"to": [8.03044, 10.18112, -5.64626],
			"rotation": {"angle": 22.5, "axis": "x", "origin": [7.94195, 9.95088, -5.62671]},
			"faces": {
				"north": {"uv": [0, 1.25, 0.625, 0], "rotation": 180, "texture": "#5"},
				"east": {"uv": [1.25, 0, 0, 1.125], "rotation": 270, "texture": "#5"},
				"south": {"uv": [0, 0, 0.625, 1.25], "texture": "#5"},
				"west": {"uv": [1.25, 0, 0, 1.125], "rotation": 90, "texture": "#5"},
				"up": {"uv": [0.625, 0, 0, 1.125], "rotation": 180, "texture": "#5"},
				"down": {"uv": [0.625, 0, 0, 1.125], "texture": "#5"}
			}
		},
		{
			"from": [7.74914, 10.1036, 10.09229],
			"to": [7.87414, 10.21297, 11.09229],
			"rotation": {"angle": 0, "axis": "x", "origin": [7.63165, 7.43432, 11.5887]},
			"faces": {
				"north": {"uv": [0.625, 0, 0, 1.125], "texture": "#5"},
				"east": {"uv": [1.25, 0, 0, 1.125], "texture": "#5"},
				"south": {"uv": [0.625, 0, 0, 1.125], "texture": "#5"},
				"west": {"uv": [1.25, 0, 0, 1.125], "texture": "#5"},
				"up": {"uv": [0, 0, 0.625, 1.25], "texture": "#5"},
				"down": {"uv": [0, 1.25, 0.625, 0], "texture": "#5"}
			}
		},
		{
			"from": [7.69653, 8.8509, 2.37166],
			"to": [8.32153, 9.2259, 5.99666],
			"rotation": {"angle": 0, "axis": "y", "origin": [8.01332, 9.22076, 11.68859]},
			"faces": {
				"north": {"uv": [0, 0, 0.625, 0.375], "rotation": 180, "texture": "#6"},
				"east": {"uv": [0.375, 0, 0, 3.625], "rotation": 90, "texture": "#6"},
				"south": {"uv": [0, 0.375, 0.625, 0], "texture": "#6"},
				"west": {"uv": [0.375, 0, 0, 3.625], "rotation": 270, "texture": "#6"},
				"up": {"uv": [0.625, 0, 0, 3.625], "texture": "#6"},
				"down": {"uv": [0.625, 0, 0, 3.625], "rotation": 180, "texture": "#6"}
			}
		},
		{
			"from": [7.69653, 8.8509, -1.62834],
			"to": [8.32153, 9.4759, 2.37166],
			"rotation": {"angle": 0, "axis": "y", "origin": [8.01332, 9.22076, 11.68859]},
			"faces": {
				"north": {"uv": [0, 0, 0.625, 0.625], "rotation": 180, "texture": "#6"},
				"east": {"uv": [0.625, 0, 0, 4], "rotation": 90, "texture": "#6"},
				"south": {"uv": [0, 0.625, 0.625, 0], "texture": "#6"},
				"west": {"uv": [0.625, 0, 0, 4], "rotation": 270, "texture": "#6"},
				"up": {"uv": [0.625, 0, 0, 4], "texture": "#6"},
				"down": {"uv": [0.625, 0, 0, 4], "rotation": 180, "texture": "#6"}
			}
		},
		{
			"name": "hexadecagon",
			"from": [7.94517, 8.3, -2.5],
			"to": [8.07447, 8.95, -1.75],
			"rotation": {"angle": -45, "axis": "z", "origin": [8.00982, 8.625, -0.375]},
			"faces": {
				"north": {"uv": [0, 0, 0.1293, 0.65], "texture": "#3"},
				"east": {"uv": [0, 0, 0.75, 0.65], "texture": "#3"},
				"south": {"uv": [0, 0, 0.1293, 0.65], "texture": "#3"},
				"west": {"uv": [0, 0, 0.75, 0.65], "texture": "#3"},
				"up": {"uv": [0, 0, 0.1293, 0.75], "texture": "#3"},
				"down": {"uv": [0, 0, 0.1293, 0.75], "texture": "#3"}
			}
		},
		{
			"name": "hexadecagon",
			"from": [7.94517, 8.3, -2.5],
			"to": [8.07447, 8.95, -1.75],
			"rotation": {"angle": -22.5, "axis": "z", "origin": [8.00982, 8.625, -0.375]},
			"faces": {
				"north": {"uv": [0, 0, 0.1293, 0.65], "texture": "#3"},
				"east": {"uv": [0, 0, 0.75, 0.65], "texture": "#3"},
				"south": {"uv": [0, 0, 0.1293, 0.65], "texture": "#3"},
				"west": {"uv": [0, 0, 0.75, 0.65], "texture": "#3"},
				"up": {"uv": [0, 0, 0.1293, 0.75], "texture": "#3"},
				"down": {"uv": [0, 0, 0.1293, 0.75], "texture": "#3"}
			}
		},
		{
			"name": "hexadecagon",
			"from": [7.94517, 8.3, -2.5],
			"to": [8.07447, 9.325, -1.75],
			"rotation": {"angle": 0, "axis": "y", "origin": [8.00982, 8.625, -0.375]},
			"faces": {
				"north": {"uv": [0, 0, 0.1293, 0.65], "texture": "#3"},
				"east": {"uv": [0, 0, 0.75, 0.65], "texture": "#3"},
				"south": {"uv": [0, 0, 0.1293, 0.65], "texture": "#3"},
				"west": {"uv": [0, 0, 0.75, 0.65], "texture": "#3"},
				"up": {"uv": [0, 0, 0.1293, 0.75], "texture": "#3"},
				"down": {"uv": [0, 0, 0.1293, 0.75], "texture": "#3"}
			}
		},
		{
			"name": "hexadecagon",
			"from": [7.94517, 8.3, -2.5],
			"to": [8.07447, 8.95, -1.75],
			"rotation": {"angle": 22.5, "axis": "z", "origin": [8.00982, 8.625, -0.375]},
			"faces": {
				"north": {"uv": [0, 0, 0.1293, 0.65], "texture": "#3"},
				"east": {"uv": [0, 0, 0.75, 0.65], "texture": "#3"},
				"south": {"uv": [0, 0, 0.1293, 0.65], "texture": "#3"},
				"west": {"uv": [0, 0, 0.75, 0.65], "texture": "#3"},
				"up": {"uv": [0, 0, 0.1293, 0.75], "texture": "#3"},
				"down": {"uv": [0, 0, 0.1293, 0.75], "texture": "#3"}
			}
		},
		{
			"name": "hexadecagon",
			"from": [7.94517, 8.3, -2.5],
			"to": [8.07447, 8.95, -1.75],
			"rotation": {"angle": 45, "axis": "z", "origin": [8.00982, 8.625, -0.375]},
			"faces": {
				"north": {"uv": [0, 0, 0.1293, 0.65], "texture": "#3"},
				"east": {"uv": [0, 0, 0.75, 0.65], "texture": "#3"},
				"south": {"uv": [0, 0, 0.1293, 0.65], "texture": "#3"},
				"west": {"uv": [0, 0, 0.75, 0.65], "texture": "#3"},
				"up": {"uv": [0, 0, 0.1293, 0.75], "texture": "#3"},
				"down": {"uv": [0, 0, 0.1293, 0.75], "texture": "#3"}
			}
		},
		{
			"name": "hexadecagon",
			"from": [7.68482, 8.56035, -2.5],
			"to": [8.33482, 8.68965, -1.75],
			"rotation": {"angle": -22.5, "axis": "z", "origin": [8.00982, 8.625, -0.375]},
			"faces": {
				"north": {"uv": [0, 0, 0.65, 0.1293], "texture": "#3"},
				"east": {"uv": [0, 0, 0.75, 0.1293], "texture": "#3"},
				"south": {"uv": [0, 0, 0.65, 0.1293], "texture": "#3"},
				"west": {"uv": [0, 0, 0.75, 0.1293], "texture": "#3"},
				"up": {"uv": [0, 0, 0.65, 0.75], "texture": "#3"},
				"down": {"uv": [0, 0, 0.65, 0.75], "texture": "#3"}
			}
		},
		{
			"name": "hexadecagon",
			"from": [7.68482, 8.56035, -2.5],
			"to": [8.33482, 8.68965, -1.75],
			"rotation": {"angle": 0, "axis": "y", "origin": [8.00982, 8.625, -0.375]},
			"faces": {
				"north": {"uv": [0, 0, 0.65, 0.1293], "texture": "#3"},
				"east": {"uv": [0, 0, 0.75, 0.1293], "texture": "#3"},
				"south": {"uv": [0, 0, 0.65, 0.1293], "texture": "#3"},
				"west": {"uv": [0, 0, 0.75, 0.1293], "texture": "#3"},
				"up": {"uv": [0, 0, 0.65, 0.75], "texture": "#3"},
				"down": {"uv": [0, 0, 0.65, 0.75], "texture": "#3"}
			}
		},
		{
			"name": "hexadecagon",
			"from": [7.68482, 8.56035, -2.5],
			"to": [8.33482, 8.68965, -1.75],
			"rotation": {"angle": 22.5, "axis": "z", "origin": [8.00982, 8.625, -0.375]},
			"faces": {
				"north": {"uv": [0, 0, 0.65, 0.1293], "texture": "#3"},
				"east": {"uv": [0, 0, 0.75, 0.1293], "texture": "#3"},
				"south": {"uv": [0, 0, 0.65, 0.1293], "texture": "#3"},
				"west": {"uv": [0, 0, 0.75, 0.1293], "texture": "#3"},
				"up": {"uv": [0, 0, 0.65, 0.75], "texture": "#3"},
				"down": {"uv": [0, 0, 0.65, 0.75], "texture": "#3"}
			}
		},
		{
			"name": "hexadecagon",
			"from": [7.96009, 8.375, -2],
			"to": [8.05955, 8.875, 6.40625],
			"rotation": {"angle": -45, "axis": "z", "origin": [8.00982, 8.625, -4]},
			"faces": {
				"north": {"uv": [0, 0, 0.09946, 0.5], "texture": "#4"},
				"east": {"uv": [0, 0, 8.40625, 0.5], "texture": "#4"},
				"south": {"uv": [0, 0, 0.09946, 0.5], "texture": "#4"},
				"west": {"uv": [0, 0, 8.40625, 0.5], "texture": "#4"},
				"up": {"uv": [0, 0, 0.09946, 8.40625], "texture": "#4"},
				"down": {"uv": [0, 0, 0.09946, 8.40625], "texture": "#4"}
			}
		},
		{
			"name": "hexadecagon",
			"from": [7.96009, 8.375, -2],
			"to": [8.05955, 8.875, 6.40625],
			"rotation": {"angle": -22.5, "axis": "z", "origin": [8.00982, 8.625, -4]},
			"faces": {
				"north": {"uv": [0, 0, 0.09946, 0.5], "texture": "#4"},
				"east": {"uv": [0, 0, 8.40625, 0.5], "texture": "#4"},
				"south": {"uv": [0, 0, 0.09946, 0.5], "texture": "#4"},
				"west": {"uv": [0, 0, 8.40625, 0.5], "texture": "#4"},
				"up": {"uv": [0, 0, 0.09946, 8.40625], "texture": "#4"},
				"down": {"uv": [0, 0, 0.09946, 8.40625], "texture": "#4"}
			}
		},
		{
			"name": "hexadecagon",
			"from": [7.96009, 8.375, -2],
			"to": [8.05955, 8.875, 6.40625],
			"rotation": {"angle": 0, "axis": "y", "origin": [8.00982, 8.625, -4]},
			"faces": {
				"north": {"uv": [0, 0, 0.09946, 0.5], "texture": "#4"},
				"east": {"uv": [0, 0, 8.40625, 0.5], "texture": "#4"},
				"south": {"uv": [0, 0, 0.09946, 0.5], "texture": "#4"},
				"west": {"uv": [0, 0, 8.40625, 0.5], "texture": "#4"},
				"up": {"uv": [0, 0, 0.09946, 8.40625], "texture": "#4"},
				"down": {"uv": [0, 0, 0.09946, 8.40625], "texture": "#4"}
			}
		},
		{
			"name": "hexadecagon",
			"from": [7.96009, 8.375, -2],
			"to": [8.05955, 8.875, 6.40625],
			"rotation": {"angle": 22.5, "axis": "z", "origin": [8.00982, 8.625, -4]},
			"faces": {
				"north": {"uv": [0, 0, 0.09946, 0.5], "texture": "#4"},
				"east": {"uv": [0, 0, 8.40625, 0.5], "texture": "#4"},
				"south": {"uv": [0, 0, 0.09946, 0.5], "texture": "#4"},
				"west": {"uv": [0, 0, 8.40625, 0.5], "texture": "#4"},
				"up": {"uv": [0, 0, 0.09946, 8.40625], "texture": "#4"},
				"down": {"uv": [0, 0, 0.09946, 8.40625], "texture": "#4"}
			}
		},
		{
			"name": "hexadecagon",
			"from": [7.96009, 8.375, -2],
			"to": [8.05955, 8.875, 6.40625],
			"rotation": {"angle": 45, "axis": "z", "origin": [8.00982, 8.625, -4]},
			"faces": {
				"north": {"uv": [0, 0, 0.09946, 0.5], "texture": "#4"},
				"east": {"uv": [0, 0, 8.40625, 0.5], "texture": "#4"},
				"south": {"uv": [0, 0, 0.09946, 0.5], "texture": "#4"},
				"west": {"uv": [0, 0, 8.40625, 0.5], "texture": "#4"},
				"up": {"uv": [0, 0, 0.09946, 8.40625], "texture": "#4"},
				"down": {"uv": [0, 0, 0.09946, 8.40625], "texture": "#4"}
			}
		},
		{
			"name": "hexadecagon",
			"from": [7.75982, 8.57527, -2],
			"to": [8.25982, 8.67473, 6.40625],
			"rotation": {"angle": -22.5, "axis": "z", "origin": [8.00982, 8.625, -4]},
			"faces": {
				"north": {"uv": [0, 0, 0.5, 0.09946], "texture": "#4"},
				"east": {"uv": [0, 0, 8.40625, 0.09946], "texture": "#4"},
				"south": {"uv": [0, 0, 0.5, 0.09946], "texture": "#4"},
				"west": {"uv": [0, 0, 8.40625, 0.09946], "texture": "#4"},
				"up": {"uv": [0, 0, 0.5, 8.40625], "texture": "#4"},
				"down": {"uv": [0, 0, 0.5, 8.40625], "texture": "#4"}
			}
		},
		{
			"name": "hexadecagon",
			"from": [7.75982, 8.57527, -2],
			"to": [8.25982, 8.67473, 6.40625],
			"rotation": {"angle": 0, "axis": "y", "origin": [8.00982, 8.625, -4]},
			"faces": {
				"north": {"uv": [0, 0, 0.5, 0.09946], "texture": "#4"},
				"east": {"uv": [0, 0, 8.40625, 0.09946], "texture": "#4"},
				"south": {"uv": [0, 0, 0.5, 0.09946], "texture": "#4"},
				"west": {"uv": [0, 0, 8.40625, 0.09946], "texture": "#4"},
				"up": {"uv": [0, 0, 0.5, 8.40625], "texture": "#4"},
				"down": {"uv": [0, 0, 0.5, 8.40625], "texture": "#4"}
			}
		},
		{
			"name": "hexadecagon",
			"from": [7.75982, 8.57527, -2],
			"to": [8.25982, 8.67473, 6.40625],
			"rotation": {"angle": 22.5, "axis": "z", "origin": [8.00982, 8.625, -4]},
			"faces": {
				"north": {"uv": [0, 0, 0.5, 0.09946], "texture": "#4"},
				"east": {"uv": [0, 0, 8.40625, 0.09946], "texture": "#4"},
				"south": {"uv": [0, 0, 0.5, 0.09946], "texture": "#4"},
				"west": {"uv": [0, 0, 8.40625, 0.09946], "texture": "#4"},
				"up": {"uv": [0, 0, 0.5, 8.40625], "texture": "#4"},
				"down": {"uv": [0, 0, 0.5, 8.40625], "texture": "#4"}
			}
		},
		{
			"name": "hexadecagon",
			"from": [7.91275, 8.27173, -1.62693],
			"to": [8.0868, 9.14673, 5.99807],
			"rotation": {"angle": -45, "axis": "z", "origin": [7.99977, 8.70923, 3.49807]},
			"faces": {
				"north": {"uv": [0, 0, 0.125, 0.125], "texture": "#6"},
				"east": {"uv": [0, 0, 0.125, 0.125], "texture": "#6"},
				"south": {"uv": [0, 0, 0.125, 0.125], "texture": "#6"},
				"west": {"uv": [0, 0, 0.125, 0.125], "texture": "#6"},
				"up": {"uv": [0, 0, 0.125, 0.125], "texture": "#6"},
				"down": {"uv": [0, 0, 0.125, 0.125], "texture": "#6"}
			}
		},
		{
			"name": "hexadecagon",
			"from": [7.56227, 8.40345, -1.62693],
			"to": [8.43727, 8.5775, 5.99807],
			"rotation": {"angle": 22.5, "axis": "z", "origin": [7.99977, 8.49048, 3.49807]},
			"faces": {
				"north": {"uv": [0, 0, 0.125, 0.125], "texture": "#6"},
				"east": {"uv": [0, 0, 0.125, 0.125], "texture": "#6"},
				"south": {"uv": [0, 0, 0.125, 0.125], "texture": "#6"},
				"west": {"uv": [0, 0, 0.125, 0.125], "texture": "#6"},
				"up": {"uv": [0, 0, 0.125, 0.125], "texture": "#6"},
				"down": {"uv": [0, 0, 0.125, 0.125], "texture": "#6"}
			}
		},
		{
			"name": "hexadecagon",
			"from": [7.56227, 8.40345, -1.62693],
			"to": [8.43727, 8.5775, 5.99807],
			"rotation": {"angle": -22.5, "axis": "z", "origin": [7.99977, 8.49048, 3.49807]},
			"faces": {
				"north": {"uv": [0, 0, 0.125, 0.125], "texture": "#6"},
				"east": {"uv": [0, 0, 0.125, 0.125], "texture": "#6"},
				"south": {"uv": [0, 0, 0.125, 0.125], "texture": "#6"},
				"west": {"uv": [0, 0, 0.125, 0.125], "texture": "#6"},
				"up": {"uv": [0, 0, 0.125, 0.125], "texture": "#6"},
				"down": {"uv": [0, 0, 0.125, 0.125], "texture": "#6"}
			}
		},
		{
			"name": "hexadecagon",
			"from": [7.91275, 8.05298, -1.62693],
			"to": [8.0868, 8.92798, 5.99807],
			"rotation": {"angle": 45, "axis": "z", "origin": [7.99977, 8.49048, 3.49807]},
			"faces": {
				"north": {"uv": [0, 0, 0.125, 0.125], "texture": "#6"},
				"east": {"uv": [0, 0, 0.125, 0.125], "texture": "#6"},
				"south": {"uv": [0, 0, 0.125, 0.125], "texture": "#6"},
				"west": {"uv": [0, 0, 0.125, 0.125], "texture": "#6"},
				"up": {"uv": [0, 0, 0.125, 0.125], "texture": "#6"},
				"down": {"uv": [0, 0, 0.125, 0.125], "texture": "#6"}
			}
		},
		{
			"name": "hexadecagon",
			"from": [7.91275, 8.05298, -1.62693],
			"to": [8.0868, 8.92798, 5.99807],
			"rotation": {"angle": 22.5, "axis": "z", "origin": [7.99977, 8.49048, 3.49807]},
			"faces": {
				"north": {"uv": [0, 0, 0.125, 0.125], "texture": "#6"},
				"east": {"uv": [0, 0, 0.125, 0.125], "texture": "#6"},
				"south": {"uv": [0, 0, 0.125, 0.125], "texture": "#6"},
				"west": {"uv": [0, 0, 0.125, 0.125], "texture": "#6"},
				"up": {"uv": [0, 0, 0.125, 0.125], "texture": "#6"},
				"down": {"uv": [0, 0, 0.125, 0.125], "texture": "#6"}
			}
		},
		{
			"name": "hexadecagon",
			"from": [7.91275, 8.05298, -1.62693],
			"to": [8.0868, 8.92798, 5.99807],
			"rotation": {"angle": 0, "axis": "y", "origin": [7.99977, 8.49048, 3.49807]},
			"faces": {
				"north": {"uv": [0, 0, 0.125, 0.125], "texture": "#6"},
				"east": {"uv": [0, 0, 0.125, 0.125], "texture": "#6"},
				"south": {"uv": [0, 0, 0.125, 0.125], "texture": "#6"},
				"west": {"uv": [0, 0, 0.125, 0.125], "texture": "#6"},
				"up": {"uv": [0, 0, 0.125, 0.125], "texture": "#6"},
				"down": {"uv": [0, 0, 0.125, 0.125], "texture": "#6"}
			}
		},
		{
			"name": "hexadecagon",
			"from": [7.91275, 8.05298, -1.62693],
			"to": [8.0868, 8.92798, 5.99807],
			"rotation": {"angle": -22.5, "axis": "z", "origin": [7.99977, 8.49048, 3.49807]},
			"faces": {
				"north": {"uv": [0, 0, 0.125, 0.125], "texture": "#6"},
				"east": {"uv": [0, 0, 0.125, 0.125], "texture": "#6"},
				"south": {"uv": [0, 0, 0.125, 0.125], "texture": "#6"},
				"west": {"uv": [0, 0, 0.125, 0.125], "texture": "#6"},
				"up": {"uv": [0, 0, 0.125, 0.125], "texture": "#6"},
				"down": {"uv": [0, 0, 0.125, 0.125], "texture": "#6"}
			}
		},
		{
			"name": "hexadecagon",
			"from": [7.91275, 8.05298, -1.62693],
			"to": [8.0868, 8.92798, 5.99807],
			"rotation": {"angle": -45, "axis": "z", "origin": [7.99977, 8.49048, 3.49807]},
			"faces": {
				"north": {"uv": [0, 0, 0.125, 0.125], "texture": "#6"},
				"east": {"uv": [0, 0, 0.125, 0.125], "texture": "#6"},
				"south": {"uv": [0, 0, 0.125, 0.125], "texture": "#6"},
				"west": {"uv": [0, 0, 0.125, 0.125], "texture": "#6"},
				"up": {"uv": [0, 0, 0.125, 0.125], "texture": "#6"},
				"down": {"uv": [0, 0, 0.125, 0.125], "texture": "#6"}
			}
		},
		{
			"name": "hexadecagon",
			"from": [7.81227, 8.6222, -1.62693],
			"to": [8.43727, 9.04625, 5.99807],
			"rotation": {"angle": 22.5, "axis": "z", "origin": [7.99977, 8.70923, 3.49807]},
			"faces": {
				"north": {"uv": [0, 0, 0.125, 0.125], "texture": "#6"},
				"east": {"uv": [0, 0, 0.125, 0.125], "texture": "#6"},
				"south": {"uv": [0, 0, 0.125, 0.125], "texture": "#6"},
				"west": {"uv": [0, 0, 0.125, 0.125], "texture": "#6"},
				"up": {"uv": [0, 0, 0.125, 0.125], "texture": "#6"},
				"down": {"uv": [0, 0, 0.125, 0.125], "texture": "#6"}
			}
		},
		{
			"name": "hexadecagon",
			"from": [7.56227, 8.40345, -1.62693],
			"to": [8.43727, 8.79625, 5.99807],
			"rotation": {"angle": 0, "axis": "y", "origin": [7.99977, 8.70923, 3.49807]},
			"faces": {
				"north": {"uv": [0, 0, 0.125, 0.125], "texture": "#6"},
				"east": {"uv": [0, 0, 0.125, 0.125], "texture": "#6"},
				"south": {"uv": [0, 0, 0.125, 0.125], "texture": "#6"},
				"west": {"uv": [0, 0, 0.125, 0.125], "texture": "#6"},
				"up": {"uv": [0, 0, 0.125, 0.125], "texture": "#6"},
				"down": {"uv": [0, 0, 0.125, 0.125], "texture": "#6"}
			}
		},
		{
			"name": "hexadecagon",
			"from": [7.56227, 8.6222, -1.62693],
			"to": [8.06227, 9.04625, 5.99807],
			"rotation": {"angle": -22.5, "axis": "z", "origin": [7.99977, 8.70923, 3.49807]},
			"faces": {
				"north": {"uv": [0, 0, 0.125, 0.125], "texture": "#6"},
				"east": {"uv": [0, 0, 0.125, 0.125], "texture": "#6"},
				"south": {"uv": [0, 0, 0.125, 0.125], "texture": "#6"},
				"west": {"uv": [0, 0, 0.125, 0.125], "texture": "#6"},
				"up": {"uv": [0, 0, 0.125, 0.125], "texture": "#6"},
				"down": {"uv": [0, 0, 0.125, 0.125], "texture": "#6"}
			}
		},
		{
			"name": "hexadecagon",
			"from": [7.91275, 8.27173, -1.62693],
			"to": [8.0868, 9.14673, 5.99807],
			"rotation": {"angle": 45, "axis": "z", "origin": [7.99977, 8.70923, 3.49807]},
			"faces": {
				"north": {"uv": [0, 0, 0.125, 0.125], "texture": "#6"},
				"east": {"uv": [0, 0, 0.125, 0.125], "texture": "#6"},
				"south": {"uv": [0, 0, 0.125, 0.125], "texture": "#6"},
				"west": {"uv": [0, 0, 0.125, 0.125], "texture": "#6"},
				"up": {"uv": [0, 0, 0.125, 0.125], "texture": "#6"},
				"down": {"uv": [0, 0, 0.125, 0.125], "texture": "#6"}
			}
		},
		{
			"name": "hexadecagon",
			"from": [7.91275, 8.27173, -1.62693],
			"to": [8.0868, 9.14673, 5.99807],
			"rotation": {"angle": 22.5, "axis": "z", "origin": [7.99977, 8.70923, 3.49807]},
			"faces": {
				"north": {"uv": [0, 0, 0.125, 0.125], "texture": "#6"},
				"east": {"uv": [0, 0, 0.125, 0.125], "texture": "#6"},
				"south": {"uv": [0, 0, 0.125, 0.125], "texture": "#6"},
				"west": {"uv": [0, 0, 0.125, 0.125], "texture": "#6"},
				"up": {"uv": [0, 0, 0.125, 0.125], "texture": "#6"},
				"down": {"uv": [0, 0, 0.125, 0.125], "texture": "#6"}
			}
		},
		{
			"name": "hexadecagon",
			"from": [7.91275, 8.27173, -1.62693],
			"to": [8.0868, 9.14673, 5.99807],
			"rotation": {"angle": 0, "axis": "y", "origin": [7.99977, 8.70923, 3.49807]},
			"faces": {
				"north": {"uv": [0, 0, 0.125, 0.125], "texture": "#6"},
				"east": {"uv": [0, 0, 0.125, 0.125], "texture": "#6"},
				"south": {"uv": [0, 0, 0.125, 0.125], "texture": "#6"},
				"west": {"uv": [0, 0, 0.125, 0.125], "texture": "#6"},
				"up": {"uv": [0, 0, 0.125, 0.125], "texture": "#6"},
				"down": {"uv": [0, 0, 0.125, 0.125], "texture": "#6"}
			}
		},
		{
			"name": "hexadecagon",
			"from": [7.91275, 8.27173, -1.62693],
			"to": [8.0868, 9.14673, 5.99807],
			"rotation": {"angle": -22.5, "axis": "z", "origin": [7.99977, 8.70923, 3.49807]},
			"faces": {
				"north": {"uv": [0, 0, 0.125, 0.125], "texture": "#6"},
				"east": {"uv": [0, 0, 0.125, 0.125], "texture": "#6"},
				"south": {"uv": [0, 0, 0.125, 0.125], "texture": "#6"},
				"west": {"uv": [0, 0, 0.125, 0.125], "texture": "#6"},
				"up": {"uv": [0, 0, 0.125, 0.125], "texture": "#6"},
				"down": {"uv": [0, 0, 0.125, 0.125], "texture": "#6"}
			}
		},
		{
			"from": [7.63403, 6.96919, 13.98274],
			"to": [8.38403, 7.84419, 15.23274],
			"rotation": {"angle": -22.5, "axis": "x", "origin": [8.00903, 7.21919, 14.60774]},
			"faces": {
				"north": {"uv": [0.625, 0.1, 0.1, 0.875], "texture": "#6"},
				"east": {"uv": [1.25, 0.1, 0.1, 0.875], "texture": "#6"},
				"south": {"uv": [0.625, 0.1, 0.1, 0.875], "texture": "#6"},
				"west": {"uv": [1.25, 0.1, 0.1, 0.875], "texture": "#6"},
				"up": {"uv": [0.1, 0.1, 0.625, 1.25], "texture": "#6"},
				"down": {"uv": [0.1, 1.25, 0.625, 0.1], "texture": "#6"}
			}
		},
		{
			"from": [7.63403, 7.31926, 13.21614],
			"to": [8.38403, 8.56926, 14.46614],
			"rotation": {"angle": -45, "axis": "x", "origin": [8.00903, 8.25676, 13.84114]},
			"faces": {
				"north": {"uv": [0.625, 0.1, 0.1, 1.25], "texture": "#6"},
				"east": {"uv": [1.25, 0.1, 0.1, 1.25], "texture": "#6"},
				"south": {"uv": [0.625, 0.1, 0.1, 1.25], "texture": "#6"},
				"west": {"uv": [1.25, 0.1, 0.1, 1.25], "texture": "#6"},
				"up": {"uv": [0.1, 0.1, 0.625, 1.25], "texture": "#6"},
				"down": {"uv": [0.1, 1.25, 0.625, 0.1], "texture": "#6"}
			}
		},
		{
			"from": [7.63403, 6.6024, 14.03084],
			"to": [8.38403, 7.2274, 15.28084],
			"rotation": {"angle": 0, "axis": "y", "origin": [8.00903, 6.7899, 14.65584]},
			"faces": {
				"north": {"uv": [0.625, 0.1, 0.1, 0.625], "texture": "#6"},
				"east": {"uv": [1.25, 0.1, 0.1, 0.625], "texture": "#6"},
				"south": {"uv": [0.625, 0.1, 0.1, 0.625], "texture": "#6"},
				"west": {"uv": [1.25, 0.1, 0.1, 0.625], "texture": "#6"},
				"up": {"uv": [0.1, 0.1, 0.625, 1.25], "texture": "#6"},
				"down": {"uv": [0.1, 1.25, 0.625, 0.1], "texture": "#6"}
			}
		},
		{
			"from": [7.66416, 8.22329, 13.93711],
			"to": [8.35146, 8.84829, 22.18711],
			"rotation": {"angle": 22.5, "axis": "x", "origin": [8.00771, 8.72329, 13.99961]},
			"faces": {
				"north": {"uv": [0.1, 0.1, 0.625, 0.625], "texture": "#6"},
				"east": {"uv": [0.1, 0.1, 8.25, 0.625], "texture": "#6"},
				"south": {"uv": [0.1, 0.1, 0.625, 0.625], "texture": "#6"},
				"west": {"uv": [0.1, 0.1, 8.25, 0.625], "texture": "#6"},
				"up": {"uv": [0.625, 0.1, 0.1, 8.25], "texture": "#6"},
				"down": {"uv": [0.625, 8.25, 0.1, 0.1], "texture": "#6"}
			}
		},
		{
			"from": [7.66528, 7.59829, 16.31211],
			"to": [8.35278, 8.22329, 22.18711],
			"rotation": {"angle": 22.5, "axis": "x", "origin": [8.00903, 8.72329, 13.99961]},
			"faces": {
				"north": {"uv": [0.625, 0.1, 0.1, 0.625], "texture": "#6"},
				"east": {"uv": [5.875, 0.1, 0.1, 0.625], "texture": "#6"},
				"south": {"uv": [0.625, 0.1, 0.1, 0.625], "texture": "#6"},
				"west": {"uv": [5.875, 0.1, 0.1, 0.625], "texture": "#6"},
				"up": {"uv": [0.1, 0.1, 0.625, 5.875], "texture": "#6"},
				"down": {"uv": [0.1, 5.875, 0.625, 0.1], "texture": "#6"}
			}
		},
		{
			"from": [7.66528, 6.69495, 14.05764],
			"to": [8.35278, 8.69495, 15.18264],
			"rotation": {"angle": -22.5, "axis": "x", "origin": [8.00903, 9.63245, 14.87014]},
			"faces": {
				"north": {"uv": [0.1, 1.9, 0.625, 0.1], "rotation": 180, "texture": "#6"},
				"east": {"uv": [1.9, 0.1, 0.1, 1.125], "rotation": 270, "texture": "#6"},
				"south": {"uv": [0.1, 0.1, 0.625, 1.9], "texture": "#6"},
				"west": {"uv": [1.9, 0.1, 0.1, 1.125], "rotation": 90, "texture": "#6"},
				"up": {"uv": [0.625, 0.1, 0.1, 1.125], "rotation": 180, "texture": "#6"},
				"down": {"uv": [0.625, 0.1, 0.1, 1.125], "texture": "#6"}
			}
		},
		{
			"from": [7.66528, 4.5507, 21.13335],
			"to": [8.35278, 8.3007, 21.63335],
			"rotation": {"angle": 0, "axis": "y", "origin": [8.00903, 4.8632, 24.07085]},
			"faces": {
				"north": {"uv": [0.625, 0.1, 0.1, 3.75], "texture": "#6"},
				"east": {"uv": [0.5, 0.1, 0.1, 3.75], "texture": "#6"},
				"south": {"uv": [0.625, 0.1, 0.1, 3.75], "texture": "#6"},
				"west": {"uv": [0.5, 0.1, 0.1, 3.75], "texture": "#6"},
				"up": {"uv": [0.1, 0.1, 0.625, 0.5], "texture": "#6"},
				"down": {"uv": [0.1, 0.5, 0.625, 0.1], "texture": "#6"}
			}
		},
		{
			"from": [7.66528, 6.9257, 15.75835],
			"to": [8.35278, 8.3007, 21.13335],
			"rotation": {"angle": 0, "axis": "y", "origin": [8.00903, 7.9882, 18.19585]},
			"faces": {
				"north": {"uv": [0.625, 0.1, 0.1, 1.375], "texture": "#6"},
				"east": {"uv": [5.375, 0.1, 0.1, 1.375], "texture": "#6"},
				"south": {"uv": [0.625, 0.1, 0.1, 1.375], "texture": "#6"},
				"west": {"uv": [5.375, 0.1, 0.1, 1.375], "texture": "#6"},
				"up": {"uv": [0.1, 0.1, 0.625, 5.375], "texture": "#6"},
				"down": {"uv": [0.1, 5.375, 0.625, 0.1], "texture": "#6"}
			}
		},
		{
			"from": [7.66528, 8.8802, 19.39047],
			"to": [8.35278, 9.5052, 20.95297],
			"rotation": {"angle": 22.5, "axis": "x", "origin": [8.00903, 7.1927, 18.26547]},
			"faces": {
				"north": {"uv": [0.625, 0.1, 0.1, 0.625], "texture": "#6"},
				"east": {"uv": [1.5625, 0.1, 0.1, 0.625], "texture": "#6"},
				"south": {"uv": [0.625, 0.1, 0.1, 0.625], "texture": "#6"},
				"west": {"uv": [1.5625, 0.1, 0.1, 0.625], "texture": "#6"},
				"up": {"uv": [0.1, 0.1, 0.625, 1.5625], "texture": "#6"},
				"down": {"uv": [0.1, 1.5625, 0.625, 0.1], "texture": "#6"}
			}
		},
		{
			"from": [7.66528, 8.26091, 15.51762],
			"to": [8.35278, 8.88591, 20.20512],
			"rotation": {"angle": 0, "axis": "y", "origin": [8.00903, 8.57341, 17.95512]},
			"faces": {
				"north": {"uv": [0.625, 0.1, 0.1, 0.625], "texture": "#6"},
				"east": {"uv": [4.6875, 0.1, 0.1, 0.625], "texture": "#6"},
				"south": {"uv": [0.625, 0.1, 0.1, 0.625], "texture": "#6"},
				"west": {"uv": [4.6875, 0.1, 0.1, 0.625], "texture": "#6"},
				"up": {"uv": [0.1, 0.1, 0.625, 4.6875], "texture": "#6"},
				"down": {"uv": [0.1, 4.6875, 0.625, 0.1], "texture": "#6"}
			}
		},
		{
			"from": [7.66528, 5.8007, 18.50835],
			"to": [8.35278, 6.9257, 21.13335],
			"rotation": {"angle": 0, "axis": "y", "origin": [8.00903, 7.9882, 18.19585]},
			"faces": {
				"north": {"uv": [0.625, 0.1, 0.1, 1.125], "texture": "#6"},
				"east": {"uv": [2.625, 0.1, 0.1, 1.125], "texture": "#6"},
				"south": {"uv": [0.625, 0.1, 0.1, 1.125], "texture": "#6"},
				"west": {"uv": [2.625, 0.1, 0.1, 1.125], "texture": "#6"},
				"up": {"uv": [0.1, 0.1, 0.625, 2.625], "texture": "#6"},
				"down": {"uv": [0.1, 2.625, 0.625, 0.1], "texture": "#6"}
			}
		},
		{
			"from": [7.63403, 8.00426, 12.75502],
			"to": [8.38403, 9.25426, 13.88002],
			"rotation": {"angle": 22.5, "axis": "x", "origin": [8.00903, 8.62926, 13.13002]},
			"faces": {
				"north": {"uv": [0.1, 0.1, 0.625, 1.25], "rotation": 180, "texture": "#6"},
				"east": {"uv": [1.25, 0.1, 0.1, 1.125], "rotation": 90, "texture": "#6"},
				"south": {"uv": [0.1, 1.25, 0.625, 0.1], "texture": "#6"},
				"west": {"uv": [1.25, 0.1, 0.1, 1.125], "rotation": 270, "texture": "#6"},
				"up": {"uv": [0.625, 0.1, 0.1, 1.125], "texture": "#6"},
				"down": {"uv": [0.625, 0.1, 0.1, 1.125], "rotation": 180, "texture": "#6"}
			}
		}
	],
	"gui_light": "front",
	"display": {
		"thirdperson_righthand": {
			"translation": [-1.25, 0, -2.25],
			"scale": [0.85, 0.75, 0.75]
		},
		"thirdperson_lefthand": {
			"translation": [-1.25, 0, -2.25],
			"scale": [0.85, 0.75, 0.75]
		},
		"firstperson_righthand": {
			"translation": [-8.8, -1, -21.25],
			"scale": [4, 4, 4]
		},
		"firstperson_lefthand": {
			"translation": [-9.2, -1, -21.25],
			"scale": [4, 4, 4]
		},
		"ground": {
			"rotation": [0, 0, 90],
			"translation": [0, -2.75, 0],
			"scale": [0.9, 0.9, 0.9]
		},
		"gui": {
			"rotation": [-90, 135, 90],
			"translation": [0, 0.25, 0],
			"scale": [0.6, 0.6, 0.6]
		},
		"fixed": {
			"rotation": [90, 45, -90],
			"translation": [-0.25, -0.25, -1.5],
			"scale": [1.65, 1.5, 1.5]
		}
	},
	"groups": [
		{
			"name": "Barrel",
			"origin": [8, 8, 8],
			"children": [0, 1, 2, 3, 4, 5, 6, 7]
		},
		{
			"name": "Reciever",
			"origin": [8.00429, 8.81508, 11.73587],
			"children": [8, 9, 10, 11, 12, 13, 14, 15, 16, 17, 18]
		},
		{
			"name": "Trigger",
			"origin": [8.25573, 7.80025, 11.57725],
			"children": [19, 20, 21, 22, 23, 24, 25, 26, 27, 28, 29, 30, 31]
		},
		{
			"name": "Sights",
			"origin": [8, 8, 8],
			"children": [32, 33, 34, 35, 36, 37, 38, 39, 40, 41, 42, 43, 44, 45, 46, 47, 48, 49, 50]
		},
		{
			"name": "Pump",
			"origin": [8, 8.625, -4],
			"children": [51, 52, 53, 54, 55, 56, 57, 58, 59, 60, 61, 62, 63, 64, 65, 66, 67, 68, 69, 70, 71, 72, 73, 74, 75, 76, 77, 78, 79, 80, 81, 82, 83]
		},
		{
			"name": "Stock",
			"origin": [7.99921, 8.62926, 13.13002],
			"children": [84, 85, 86, 87, 88, 89, 90, 91, 92, 93, 94, 95]
		}
	]
}