{
	"credit": "Made with Blockbench",
	"textures": {
		"1": "guns/gunmetal3",
		"3": "guns/gunmetal6",
		"4": "guns/gunmetal4",
		"5": "guns/gunmetal8",
		"6": "guns/light_metal",
		"7": "guns/sandcamo1",
		"particle": "guns/sandcamo1"
	},
	"elements": [
		{
			"from": [7.12771, 8.32792, 9.0828],
			"to": [8.87771, 9.89042, 11.5828],
			"rotation": {"angle": 0, "axis": "y", "origin": [7.15896, 9.07792, 7.86405]},
			"faces": {
				"north": {"uv": [0, 0, 1.75, 1.5625], "texture": "#5"},
				"east": {"uv": [0, 0, 2.5, 1.5625], "texture": "#3"},
				"south": {"uv": [0, 0, 1.75, 1.5625], "texture": "#3"},
				"west": {"uv": [0, 0, 2.5, 1.5625], "texture": "#3"},
				"up": {"uv": [0, 0, 1.75, 2.5], "texture": "#3"},
				"down": {"uv": [0, 0, 1.75, 2.5], "texture": "#3"}
			}
		},
		{
			"from": [7.12771, 8.32792, 1.0828],
			"to": [8.87771, 9.89042, 7.0828],
			"rotation": {"angle": 0, "axis": "y", "origin": [7.15896, 9.07792, 7.86405]},
			"faces": {
				"north": {"uv": [0, 0, 1.75, 1.5625], "texture": "#3"},
				"east": {"uv": [0, 0, 6, 1.5625], "texture": "#3"},
				"south": {"uv": [0, 0, 1.75, 1.5625], "texture": "#5"},
				"west": {"uv": [0, 0, 6, 1.5625], "texture": "#3"},
				"up": {"uv": [0, 0, 1.75, 6], "texture": "#3"},
				"down": {"uv": [0, 0, 1.75, 6], "texture": "#3"}
			}
		},
		{
			"from": [7.60074, 8.80757, 5.05035],
			"to": [8.79074, 9.87007, 9.13035],
			"rotation": {"angle": 0, "axis": "y", "origin": [7.62199, 9.31757, 9.6616]},
			"faces": {
				"north": {"uv": [0, 0, 1.75, 1.5625], "texture": "#1"},
				"east": {"uv": [0, 0, 6, 1.5625], "texture": "#1"},
				"south": {"uv": [0, 0, 1.75, 1.5625], "texture": "#1"},
				"west": {"uv": [0, 0, 6, 1.5625], "texture": "#1"},
				"up": {"uv": [0, 0, 1.75, 6], "texture": "#1"},
				"down": {"uv": [0, 0, 1.75, 6], "texture": "#1"}
			}
		},
		{
			"from": [7.12771, 9.07792, 7.0828],
			"to": [8.31521, 9.89042, 9.0828],
			"rotation": {"angle": 0, "axis": "y", "origin": [7.15896, 9.07792, 7.86405]},
			"faces": {
				"north": {"uv": [0, 0, 1.75, 0.75], "texture": "#3"},
				"east": {"uv": [0, 0, 2, 0.75], "texture": "#5"},
				"south": {"uv": [0, 0, 1.75, 0.75], "texture": "#3"},
				"west": {"uv": [2, 2, 4, 2.75], "texture": "#3"},
				"up": {"uv": [0, 0, 1.75, 2], "texture": "#3"},
				"down": {"uv": [0, 0, 1.75, 2], "texture": "#3"}
			}
		},
		{
			"from": [7.12771, 8.32792, 7.0828],
			"to": [8.87771, 9.07792, 9.0828],
			"rotation": {"angle": 0, "axis": "y", "origin": [7.15896, 9.07792, 7.86405]},
			"faces": {
				"north": {"uv": [0, 0, 1.75, 0.75], "texture": "#3"},
				"east": {"uv": [0, 0, 2, 0.75], "texture": "#3"},
				"south": {"uv": [0, 0, 1.75, 0.75], "texture": "#3"},
				"west": {"uv": [0, 0, 2, 0.75], "texture": "#3"},
				"up": {"uv": [0, 0, 1.75, 2], "texture": "#3"},
				"down": {"uv": [0, 0, 1.75, 2], "texture": "#3"}
			}
		},
		{
			"from": [8.37771, 9.39239, 8.3998],
			"to": [8.87771, 9.89239, 8.5873],
			"rotation": {"angle": 45, "axis": "x", "origin": [8.62322, 8.70616, 8.08406]},
			"faces": {
				"north": {"uv": [0, 0, 0.5, 0.5], "rotation": 180, "texture": "#3"},
				"east": {"uv": [0, 0, 0.5, 0.1875], "rotation": 90, "texture": "#3"},
				"south": {"uv": [0, 0, 0.5, 0.5], "texture": "#3"},
				"west": {"uv": [0, 0, 0.5, 0.1875], "rotation": 270, "texture": "#3"},
				"up": {"uv": [0, 0, 0.5, 0.1875], "texture": "#3"},
				"down": {"uv": [0, 0, 0.5, 0.1875], "rotation": 180, "texture": "#3"}
			}
		},
		{
			"from": [8.37771, 7.89239, 6.8998],
			"to": [8.87771, 8.39239, 7.4623],
			"rotation": {"angle": 45, "axis": "x", "origin": [8.62322, 8.70616, 8.08406]},
			"faces": {
				"north": {"uv": [0, 0, 0.5, 0.5], "rotation": 180, "texture": "#3"},
				"east": {"uv": [0, 0, 0.5, 0.5625], "rotation": 90, "texture": "#3"},
				"south": {"uv": [0, 0, 0.5, 0.5], "texture": "#3"},
				"west": {"uv": [0, 0, 0.5, 0.5625], "rotation": 270, "texture": "#3"},
				"up": {"uv": [0, 0, 0.5, 0.5625], "texture": "#3"},
				"down": {"uv": [0, 0, 0.5, 0.5625], "rotation": 180, "texture": "#3"}
			}
		},
		{
			"from": [7.12771, 6.69532, 13.49928],
			"to": [8.87771, 7.63282, 13.87428],
			"rotation": {"angle": 22.5, "axis": "x", "origin": [7.15896, 7.41407, 13.68678]},
			"faces": {
				"north": {"uv": [0, 0, 1.75, 0.9375], "rotation": 180, "texture": "#7"},
				"east": {"uv": [0, 0, 0.9375, 0.375], "rotation": 90, "texture": "#7"},
				"south": {"uv": [0, 0, 1.75, 0.9375], "texture": "#7"},
				"west": {"uv": [0, 0, 0.9375, 0.375], "rotation": 270, "texture": "#7"},
				"up": {"uv": [0, 0, 1.75, 0.375], "texture": "#7"},
				"down": {"uv": [0, 0, 1.75, 0.375], "rotation": 180, "texture": "#7"}
			}
		},
		{
			"from": [7.12771, 7.89042, 1.0828],
			"to": [8.87771, 8.26542, 14.8953],
			"rotation": {"angle": 0, "axis": "y", "origin": [7.15896, 8.07792, 7.98905]},
			"faces": {
				"north": {"uv": [0, 0, 1.75, 0.375], "texture": "#7"},
				"east": {"uv": [0, 0, 13.8125, 0.375], "texture": "#7"},
				"south": {"uv": [0, 0, 1.75, 0.375], "texture": "#7"},
				"west": {"uv": [0, 0, 13.8125, 0.375], "texture": "#7"},
				"up": {"uv": [0, 0, 1.75, 13.8125], "texture": "#7"},
				"down": {"uv": [0, 0, 1.75, 13.8125], "texture": "#7"}
			}
		},
		{
			"from": [7.12771, 5.23324, 12.72425],
			"to": [8.87771, 5.60824, 15.34925],
			"rotation": {"angle": -22.5, "axis": "x", "origin": [7.15896, 5.42074, 8.443]},
			"faces": {
				"north": {"uv": [0, 0, 1.75, 0.375], "texture": "#7"},
				"east": {"uv": [0, 0, 2.625, 0.375], "texture": "#7"},
				"south": {"uv": [0, 0, 1.75, 0.375], "texture": "#7"},
				"west": {"uv": [0, 0, 2.625, 0.375], "texture": "#7"},
				"up": {"uv": [0, 0, 1.75, 2.625], "texture": "#7"},
				"down": {"uv": [0, 0, 1.75, 2.625], "texture": "#7"}
			}
		},
		{
			"from": [7.12771, 7.22657, 13.21803],
			"to": [8.87771, 7.91407, 14.24928],
			"rotation": {"angle": -45, "axis": "x", "origin": [7.15896, 7.41407, 13.68678]},
			"faces": {
				"north": {"uv": [0, 0, 1.75, 1.0625], "texture": "#7"},
				"east": {"uv": [0, 0, 0.75, 1.0625], "texture": "#7"},
				"south": {"uv": [0, 0, 1.75, 1.0625], "texture": "#7"},
				"west": {"uv": [0, 0, 0.75, 1.0625], "texture": "#7"},
				"up": {"uv": [0, 0, 1.75, 0.75], "texture": "#7"},
				"down": {"uv": [0, 0, 1.75, 0.75], "texture": "#7"}
			}
		},
		{
			"from": [7.12771, 7.72657, 13.21803],
			"to": [8.87771, 8.41407, 13.87428],
			"rotation": {"angle": -45, "axis": "x", "origin": [7.15896, 7.41407, 13.68678]},
			"faces": {
				"north": {"uv": [0, 0, 1.75, 1.0625], "texture": "#7"},
				"east": {"uv": [0, 0, 0.75, 1.0625], "texture": "#7"},
				"south": {"uv": [0, 0, 1.75, 1.0625], "texture": "#7"},
				"west": {"uv": [0, 0, 0.75, 1.0625], "texture": "#7"},
				"up": {"uv": [0, 0, 1.75, 0.75], "texture": "#7"},
				"down": {"uv": [0, 0, 1.75, 0.75], "texture": "#7"}
			}
		},
		{
			"from": [7.12771, 6.27685, 9.65361],
			"to": [8.87771, 7.21435, 13.71611],
			"rotation": {"angle": 0, "axis": "x", "origin": [7.15896, 7.1831, 13.59111]},
			"faces": {
				"north": {"uv": [0, 0, 1.75, 0.9375], "rotation": 180, "texture": "#7"},
				"east": {"uv": [0, 0, 0.9375, 4.0625], "rotation": 90, "texture": "#7"},
				"south": {"uv": [0, 0, 1.75, 0.9375], "texture": "#7"},
				"west": {"uv": [0, 0, 0.9375, 4.0625], "rotation": 270, "texture": "#7"},
				"up": {"uv": [0, 0, 1.75, 4.0625], "texture": "#7"},
				"down": {"uv": [0, 0, 1.75, 4.0625], "rotation": 180, "texture": "#7"}
			}
		},
		{
			"from": [7.12771, 0.63429, 12.63122],
			"to": [8.87771, 6.82179, 13.88122],
			"rotation": {"angle": -22.5, "axis": "x", "origin": [7.15896, 5.91554, 13.69372]},
			"faces": {
				"north": {"uv": [0, 0, 1.75, 6.1875], "rotation": 180, "texture": "#7"},
				"east": {"uv": [0, 0, 6.1875, 1.25], "rotation": 90, "texture": "#7"},
				"south": {"uv": [0, 0, 1.75, 6.1875], "texture": "#7"},
				"west": {"uv": [0, 0, 6.1875, 1.25], "rotation": 270, "texture": "#7"},
				"up": {"uv": [0, 0, 1.75, 1.25], "texture": "#7"},
				"down": {"uv": [0, 0, 1.75, 1.25], "rotation": 180, "texture": "#7"}
			}
		},
		{
			"from": [7.12771, 1.69679, 10.06872],
			"to": [8.87771, 8.57179, 10.44372],
			"rotation": {"angle": -22.5, "axis": "x", "origin": [7.15896, 5.91554, 13.69372]},
			"faces": {
				"north": {"uv": [0, 0, 1.75, 6.875], "rotation": 180, "texture": "#7"},
				"east": {"uv": [0, 0, 6.875, 0.375], "rotation": 90, "texture": "#7"},
				"south": {"uv": [0, 0, 1.75, 6.875], "texture": "#7"},
				"west": {"uv": [0, 0, 6.875, 0.375], "rotation": 270, "texture": "#7"},
				"up": {"uv": [0, 0, 1.75, 0.375], "texture": "#7"},
				"down": {"uv": [0, 0, 1.75, 0.375], "rotation": 180, "texture": "#7"}
			}
		},
		{
			"from": [7.37771, 7.29667, 1.0828],
			"to": [8.62771, 7.89042, 6.0203],
			"rotation": {"angle": 0, "axis": "y", "origin": [7.15896, 6.95292, 2.80155]},
			"faces": {
				"north": {"uv": [0, 0, 1.25, 0.59375], "texture": "#7"},
				"east": {"uv": [0, 0, 4.9375, 0.59375], "texture": "#7"},
				"south": {"uv": [0, 0, 1.25, 0.59375], "texture": "#7"},
				"west": {"uv": [0, 0, 4.9375, 0.59375], "texture": "#7"},
				"up": {"uv": [0, 0, 1.25, 4.9375], "texture": "#7"},
				"down": {"uv": [0, 0, 1.25, 4.9375], "texture": "#7"}
			}
		},
		{
			"from": [7.12771, 6.89042, 6.0203],
			"to": [8.87771, 7.89042, 9.7078],
			"rotation": {"angle": 0, "axis": "y", "origin": [7.15896, 6.95292, 2.80155]},
			"faces": {
				"north": {"uv": [0, 0, 1.75, 1], "texture": "#7"},
				"east": {"uv": [0, 0, 3.6875, 1], "texture": "#7"},
				"south": {"uv": [0, 0, 1.75, 1], "texture": "#7"},
				"west": {"uv": [0, 0, 3.6875, 1], "texture": "#7"},
				"up": {"uv": [0, 0, 1.75, 3.6875], "texture": "#7"},
				"down": {"uv": [0, 0, 1.75, 3.6875], "texture": "#7"}
			}
		},
		{
			"from": [7.12771, 0.63069, 11.9591],
			"to": [8.87771, 1.63069, 14.74035],
			"rotation": {"angle": 0, "axis": "y", "origin": [7.15896, 0.69319, 8.74035]},
			"faces": {
				"north": {"uv": [0, 0, 1.75, 1], "texture": "#7"},
				"east": {"uv": [0, 0, 2.78125, 1], "texture": "#7"},
				"south": {"uv": [0, 0, 1.75, 1], "texture": "#7"},
				"west": {"uv": [0, 0, 2.78125, 1], "texture": "#7"},
				"up": {"uv": [0, 0, 1.75, 2.78125], "texture": "#7"},
				"down": {"uv": [0, 0, 1.75, 2.78125], "texture": "#7"}
			}
		},
		{
			"from": [7.12771, 1.57179, 11.38122],
			"to": [8.87771, 7.75929, 12.63122],
			"rotation": {"angle": -22.5, "axis": "x", "origin": [7.15896, 5.91554, 13.69372]},
			"faces": {
				"north": {"uv": [0, 0, 1.75, 6.1875], "rotation": 180, "texture": "#7"},
				"east": {"uv": [0, 0, 6.1875, 1.25], "rotation": 90, "texture": "#7"},
				"south": {"uv": [0, 0, 1.75, 6.1875], "texture": "#7"},
				"west": {"uv": [0, 0, 6.1875, 1.25], "rotation": 270, "texture": "#7"},
				"up": {"uv": [0, 0, 1.75, 1.25], "texture": "#7"},
				"down": {"uv": [0, 0, 1.75, 1.25], "rotation": 180, "texture": "#7"}
			}
		},
		{
			"from": [7.12771, 2.19679, 10.44372],
			"to": [8.87771, 7.82179, 11.38122],
			"rotation": {"angle": -22.5, "axis": "x", "origin": [7.15896, 5.91554, 13.69372]},
			"faces": {
				"north": {"uv": [0, 0, 1.75, 5.625], "rotation": 180, "texture": "#7"},
				"east": {"uv": [0, 0, 5.625, 0.9375], "rotation": 90, "texture": "#7"},
				"south": {"uv": [0, 0, 1.75, 5.625], "texture": "#7"},
				"west": {"uv": [0, 0, 5.625, 0.9375], "rotation": 270, "texture": "#7"},
				"up": {"uv": [0, 0, 1.75, 0.9375], "texture": "#7"},
				"down": {"uv": [0, 0, 1.75, 0.9375], "rotation": 180, "texture": "#7"}
			}
		},
		{
			"from": [7.12771, 7.20292, 9.7078],
			"to": [8.87771, 7.89042, 13.0203],
			"rotation": {"angle": 0, "axis": "y", "origin": [7.15896, 6.95292, 2.80155]},
			"faces": {
				"north": {"uv": [0, 0, 1.75, 0.6875], "texture": "#7"},
				"east": {"uv": [0, 0, 3.3125, 0.6875], "texture": "#7"},
				"south": {"uv": [0, 0, 1.75, 0.6875], "texture": "#7"},
				"west": {"uv": [0, 0, 3.3125, 0.6875], "texture": "#7"},
				"up": {"uv": [0, 0, 1.75, 3.3125], "texture": "#7"},
				"down": {"uv": [0, 0, 1.75, 3.3125], "texture": "#7"}
			}
		},
		{
			"from": [7.75271, 5.32792, 6.2078],
			"to": [8.25271, 6.89042, 6.5203],
			"rotation": {"angle": 0, "axis": "y", "origin": [7.15896, 6.95292, 2.80155]},
			"faces": {
				"north": {"uv": [0, 0, 0.5, 1.5625], "texture": "#7"},
				"east": {"uv": [0, 0, 0.3125, 1.5625], "texture": "#7"},
				"south": {"uv": [0, 0, 0.5, 1.5625], "texture": "#7"},
				"west": {"uv": [0, 0, 0.3125, 1.5625], "texture": "#7"},
				"up": {"uv": [0, 0, 0.5, 0.3125], "texture": "#7"},
				"down": {"uv": [0, 0, 0.5, 0.3125], "texture": "#7"}
			}
		},
		{
			"from": [7.75271, 5.01542, 6.5203],
			"to": [8.25271, 5.32792, 9.0828],
			"rotation": {"angle": 0, "axis": "y", "origin": [7.15896, 6.95292, 2.80155]},
			"faces": {
				"north": {"uv": [0, 0, 0.5, 0.3125], "texture": "#7"},
				"east": {"uv": [0, 0, 2.5625, 0.3125], "texture": "#7"},
				"south": {"uv": [0, 0, 0.5, 0.3125], "texture": "#7"},
				"west": {"uv": [0, 0, 2.5625, 0.3125], "texture": "#7"},
				"up": {"uv": [0, 0, 0.5, 2.5625], "texture": "#7"},
				"down": {"uv": [0, 0, 0.5, 2.5625], "texture": "#7"}
			}
		},
		{
			"from": [7.75271, 5.85354, 6.5594],
			"to": [8.25271, 6.16604, 6.9969],
			"rotation": {"angle": 45, "axis": "x", "origin": [7.15896, 6.00979, 5.7469]},
			"faces": {
				"north": {"uv": [0, 0, 0.5, 0.3125], "texture": "#7"},
				"east": {"uv": [0, 0, 0.4375, 0.3125], "texture": "#7"},
				"south": {"uv": [0, 0, 0.5, 0.3125], "texture": "#7"},
				"west": {"uv": [0, 0, 0.4375, 0.3125], "texture": "#7"},
				"up": {"uv": [0, 0, 0.5, 0.4375], "texture": "#7"},
				"down": {"uv": [0, 0, 0.5, 0.4375], "texture": "#7"}
			}
		},
		{
			"from": [7.75271, 5.85354, 9.2469],
			"to": [8.25271, 7.10354, 9.5594],
			"rotation": {"angle": 45, "axis": "x", "origin": [7.15896, 6.00979, 8.3094]},
			"faces": {
				"north": {"uv": [0, 0, 0.5, 1.25], "texture": "#7"},
				"east": {"uv": [0, 0, 0.3125, 1.25], "texture": "#7"},
				"south": {"uv": [0, 0, 0.5, 1.25], "texture": "#7"},
				"west": {"uv": [0, 0, 0.3125, 1.25], "texture": "#7"},
				"up": {"uv": [0, 0, 0.5, 0.3125], "texture": "#7"},
				"down": {"uv": [0, 0, 0.5, 0.3125], "texture": "#7"}
			}
		},
		{
			"from": [7.75271, 5.2866, 9.10176],
			"to": [8.25271, 5.5991, 9.97676],
			"rotation": {"angle": -22.5, "axis": "x", "origin": [7.15896, 5.56785, 9.41426]},
			"faces": {
				"north": {"uv": [0, 0, 0.5, 0.3125], "rotation": 180, "texture": "#7"},
				"east": {"uv": [0, 0, 0.3125, 0.875], "rotation": 270, "texture": "#7"},
				"south": {"uv": [0, 0, 0.5, 0.3125], "texture": "#7"},
				"west": {"uv": [0, 0, 0.3125, 0.875], "rotation": 90, "texture": "#7"},
				"up": {"uv": [0, 0, 0.5, 0.875], "rotation": 180, "texture": "#7"},
				"down": {"uv": [0, 0, 0.5, 0.875], "texture": "#7"}
			}
		},
		{
			"from": [7.75271, 6.79104, 5.2469],
			"to": [8.25271, 7.41604, 5.8094],
			"rotation": {"angle": 45, "axis": "x", "origin": [7.15896, 6.00979, 5.7469]},
			"faces": {
				"north": {"uv": [0, 0, 0.5, 0.625], "texture": "#7"},
				"east": {"uv": [0, 0, 0.5625, 0.625], "texture": "#7"},
				"south": {"uv": [0, 0, 0.5, 0.625], "texture": "#7"},
				"west": {"uv": [0, 0, 0.5625, 0.625], "texture": "#7"},
				"up": {"uv": [0, 0, 0.5, 0.5625], "texture": "#7"},
				"down": {"uv": [0, 0, 0.5, 0.5625], "texture": "#7"}
			}
		},
		{
			"from": [7.81521, 6.17346, 8.56311],
			"to": [8.12771, 7.17346, 8.93811],
			"rotation": {"angle": 0, "axis": "x", "origin": [7.15896, 6.48596, 8.75061]},
			"faces": {
				"north": {"uv": [0, 0, 0.3125, 1], "texture": "#3"},
				"east": {"uv": [0, 0, 0.375, 1], "texture": "#3"},
				"south": {"uv": [0, 0, 0.3125, 1], "texture": "#3"},
				"west": {"uv": [0, 0, 0.375, 1], "texture": "#3"},
				"up": {"uv": [0, 0, 0.3125, 0.375], "texture": "#3"},
				"down": {"uv": [0, 0, 0.3125, 0.375], "texture": "#3"}
			}
		},
		{
			"from": [7.81521, 5.56472, 8.41716],
			"to": [8.12771, 6.25222, 8.79216],
			"rotation": {"angle": 22.5, "axis": "x", "origin": [7.15896, 5.84597, 8.66716]},
			"faces": {
				"north": {"uv": [0, 0, 0.3125, 0.6875], "texture": "#3"},
				"east": {"uv": [0, 0, 0.375, 0.6875], "texture": "#3"},
				"south": {"uv": [0, 0, 0.3125, 0.6875], "texture": "#3"},
				"west": {"uv": [0, 0, 0.375, 0.6875], "texture": "#3"},
				"up": {"uv": [0, 0, 0.3125, 0.375], "texture": "#3"},
				"down": {"uv": [0, 0, 0.3125, 0.375], "texture": "#3"}
			}
		},
		{
			"from": [7.12771, 7.55794, 5.28949],
			"to": [8.87771, 7.93294, 6.35199],
			"rotation": {"angle": 22.5, "axis": "x", "origin": [8.00271, 8.05794, 4.50824]},
			"faces": {
				"north": {"uv": [0, 0, 1.75, 0.375], "texture": "#7"},
				"east": {"uv": [0, 0, 1.0625, 0.375], "texture": "#7"},
				"south": {"uv": [0, 0, 1.75, 0.375], "texture": "#7"},
				"west": {"uv": [0, 0, 1.0625, 0.375], "texture": "#7"},
				"up": {"uv": [0, 0, 1.75, 1.0625], "texture": "#7"},
				"down": {"uv": [0, 0, 1.75, 1.0625], "texture": "#7"}
			}
		},
		{
			"from": [7.2603, 9.83551, 9.0828],
			"to": [8.73686, 10.02301, 14.6453],
			"rotation": {"angle": 0, "axis": "y", "origin": [7.16655, 9.02301, 7.86405]},
			"faces": {
				"north": {"uv": [0, 0, 1.47656, 0.1875], "texture": "#3"},
				"east": {"uv": [0, 0, 6, 0.1875], "texture": "#3"},
				"south": {"uv": [0, 0, 1.47656, 0.1875], "texture": "#3"},
				"west": {"uv": [0, 0, 6, 0.1875], "texture": "#3"},
				"up": {"uv": [0, 0, 1.47656, 6], "texture": "#3"},
				"down": {"uv": [0, 0, 1.47656, 6], "texture": "#3"}
			}
		},
		{
			"from": [7.2603, 9.83551, 1.0828],
			"to": [8.73686, 10.02301, 7.0828],
			"rotation": {"angle": 0, "axis": "y", "origin": [7.16655, 9.02301, 7.86405]},
			"faces": {
				"north": {"uv": [0, 0, 1.47656, 0.1875], "texture": "#3"},
				"east": {"uv": [0, 0, 6, 0.1875], "texture": "#3"},
				"south": {"uv": [0, 0, 1.47656, 0.1875], "texture": "#3"},
				"west": {"uv": [0, 0, 6, 0.1875], "texture": "#3"},
				"up": {"uv": [0, 0, 1.47656, 6], "texture": "#3"},
				"down": {"uv": [0, 0, 1.47656, 6], "texture": "#3"}
			}
		},
		{
			"from": [7.6909, 9.83272, 5.05035],
			"to": [8.69496, 9.96022, 9.13035],
			"rotation": {"angle": 0, "axis": "y", "origin": [7.62715, 9.28022, 9.6616]},
			"faces": {
				"north": {"uv": [0, 0, 1.47656, 0.1875], "texture": "#1"},
				"east": {"uv": [0, 0, 6, 0.1875], "texture": "#1"},
				"south": {"uv": [0, 0, 1.47656, 0.1875], "texture": "#1"},
				"west": {"uv": [0, 0, 6, 0.1875], "texture": "#1"},
				"up": {"uv": [0, 0, 1.47656, 6], "texture": "#1"},
				"down": {"uv": [0, 0, 1.47656, 6], "texture": "#1"}
			}
		},
		{
			"from": [7.59213, 9.83551, 8.87489],
			"to": [8.0062, 10.02301, 9.24989],
			"rotation": {"angle": 45, "axis": "y", "origin": [7.91759, 9.92982, 8.90843]},
			"faces": {
				"north": {"uv": [0, 0, 1.47656, 0.1875], "texture": "#3"},
				"east": {"uv": [0, 0, 6, 0.1875], "texture": "#3"},
				"south": {"uv": [0, 0, 1.47656, 0.1875], "texture": "#3"},
				"west": {"uv": [0, 0, 6, 0.1875], "texture": "#3"},
				"up": {"uv": [0, 0, 1.03906, 2], "texture": "#3"},
				"down": {"uv": [0, 0, 1.47656, 6], "texture": "#3"}
			}
		},
		{
			"from": [9.06088, 9.83551, 7.46864],
			"to": [9.47495, 10.02301, 7.84364],
			"rotation": {"angle": 45, "axis": "y", "origin": [7.91759, 9.92982, 8.90843]},
			"faces": {
				"north": {"uv": [0, 0, 1.47656, 0.1875], "texture": "#3"},
				"east": {"uv": [0, 0, 6, 0.1875], "texture": "#3"},
				"south": {"uv": [0, 0, 1.47656, 0.1875], "texture": "#3"},
				"west": {"uv": [0, 0, 6, 0.1875], "texture": "#3"},
				"up": {"uv": [0, 0, 1.03906, 2], "texture": "#3"},
				"down": {"uv": [0, 0, 1.47656, 6], "texture": "#3"}
			}
		},
		{
			"from": [7.2603, 9.83551, 7.0828],
			"to": [7.98686, 10.02301, 9.0828],
			"rotation": {"angle": 0, "axis": "y", "origin": [7.16655, 9.02301, 7.86405]},
			"faces": {
				"north": {"uv": [0, 0, 1.47656, 0.1875], "texture": "#3"},
				"east": {"uv": [0, 0, 6, 0.1875], "texture": "#3"},
				"south": {"uv": [0, 0, 1.47656, 0.1875], "texture": "#3"},
				"west": {"uv": [0, 0, 6, 0.1875], "texture": "#3"},
				"up": {"uv": [0, 0, 1.03906, 2], "texture": "#3"},
				"down": {"uv": [0, 0, 1.47656, 6], "texture": "#3"}
			}
		},
		{
			"from": [7.04756, 10.08394, 1.0828],
			"to": [7.23506, 10.27144, 14.6453],
			"rotation": {"angle": 45, "axis": "z", "origin": [7.54756, 10.17769, 7.86405]},
			"faces": {
				"north": {"uv": [0, 0, 0.1875, 0.1875], "texture": "#3"},
				"east": {"uv": [0, 0, 13.5625, 0.1875], "texture": "#3"},
				"south": {"uv": [0, 0, 0.1875, 0.1875], "texture": "#3"},
				"west": {"uv": [0, 0, 13.5625, 0.1875], "texture": "#3"},
				"up": {"uv": [0, 0, 0.1875, 13.5625], "texture": "#3"},
				"down": {"uv": [0, 0, 0.1875, 13.5625], "texture": "#3"}
			}
		},
		{
			"from": [8.53239, 10.08394, 9.0828],
			"to": [8.71989, 10.27925, 14.6453],
			"rotation": {"angle": 45, "axis": "z", "origin": [9.03239, 10.17769, 7.86405]},
			"faces": {
				"north": {"uv": [0, 0, 0.1875, 0.19531], "texture": "#3"},
				"east": {"uv": [0, 0, 5.5625, 0.19531], "texture": "#3"},
				"south": {"uv": [0, 0, 0.1875, 0.19531], "texture": "#3"},
				"west": {"uv": [0, 0, 5.5625, 0.19531], "texture": "#3"},
				"up": {"uv": [0, 0, 0.1875, 5.5625], "texture": "#3"},
				"down": {"uv": [0, 0, 0.1875, 5.5625], "texture": "#3"}
			}
		},
		{
			"from": [8.53239, 10.08394, 1.0828],
			"to": [8.71989, 10.27925, 7.0828],
			"rotation": {"angle": 45, "axis": "z", "origin": [9.03239, 10.17769, 7.86405]},
			"faces": {
				"north": {"uv": [0, 0, 0.1875, 0.19531], "texture": "#3"},
				"east": {"uv": [0, 0, 6, 0.19531], "texture": "#3"},
				"south": {"uv": [0, 0, 0.1875, 0.19531], "texture": "#3"},
				"west": {"uv": [0, 0, 6, 0.19531], "texture": "#3"},
				"up": {"uv": [0, 0, 0.1875, 6], "texture": "#3"},
				"down": {"uv": [0, 0, 0.1875, 6], "texture": "#3"}
			}
		},
		{
			"from": [8.55592, 10.00166, 5.05035],
			"to": [8.68342, 10.13447, 9.13035],
			"rotation": {"angle": 45, "axis": "z", "origin": [8.89592, 10.06541, 9.6616]},
			"faces": {
				"north": {"uv": [0, 0, 0.1875, 0.19531], "texture": "#1"},
				"east": {"uv": [0, 0, 6, 0.19531], "texture": "#1"},
				"south": {"uv": [0, 0, 0.1875, 0.19531], "texture": "#1"},
				"west": {"uv": [0, 0, 6, 0.19531], "texture": "#1"},
				"up": {"uv": [0, 0, 0.1875, 6], "texture": "#1"},
				"down": {"uv": [0, 0, 0.1875, 6], "texture": "#1"}
			}
		},
		{
			"from": [7.12771, 7.29702, 5.03868],
			"to": [8.87771, 7.92202, 6.16368],
			"rotation": {"angle": 0, "axis": "y", "origin": [7.15896, 6.95327, 2.81993]},
			"faces": {
				"north": {"uv": [0, 0, 1.75, 0.625], "texture": "#7"},
				"east": {"uv": [0, 0, 1.125, 0.625], "texture": "#7"},
				"south": {"uv": [0, 0, 1.75, 0.625], "texture": "#7"},
				"west": {"uv": [0, 0, 1.125, 0.625], "texture": "#7"},
				"up": {"uv": [0, 0, 1.75, 1.125], "texture": "#7"},
				"down": {"uv": [0, 0, 1.75, 1.125], "texture": "#7"}
			}
		},
		{
			"from": [4.97422, 7.29702, 3.86266],
			"to": [6.09922, 7.92202, 4.61266],
			"rotation": {"angle": -45, "axis": "y", "origin": [5.53672, 7.60952, 7.42516]},
			"faces": {
				"north": {"uv": [0, 0, 1.125, 0.625], "texture": "#7"},
				"east": {"uv": [0, 0, 0.75, 0.625], "texture": "#7"},
				"south": {"uv": [0, 0, 1.125, 0.625], "texture": "#7"},
				"west": {"uv": [0, 0, 0.75, 0.625], "texture": "#7"},
				"up": {"uv": [0, 0, 0.75, 1.125], "rotation": 270, "texture": "#7"},
				"down": {"uv": [0, 0, 0.75, 1.125], "rotation": 90, "texture": "#7"}
			}
		},
		{
			"from": [7.29875, 7.29702, 4.38465],
			"to": [8.42375, 7.92202, 5.13465],
			"rotation": {"angle": -45, "axis": "y", "origin": [7.86125, 7.60952, 5.25965]},
			"faces": {
				"north": {"uv": [0, 0, 1.125, 0.625], "texture": "#7"},
				"east": {"uv": [0, 0, 0.75, 0.625], "texture": "#7"},
				"south": {"uv": [0, 0, 1.125, 0.625], "texture": "#7"},
				"west": {"uv": [0, 0, 0.75, 0.625], "texture": "#7"},
				"up": {"uv": [0, 0, 0.75, 1.125], "rotation": 270, "texture": "#7"},
				"down": {"uv": [0, 0, 0.75, 1.125], "rotation": 90, "texture": "#7"}
			}
		},
		{
			"from": [7.0924, 8.10067, 1.0828],
			"to": [7.5924, 8.60067, 5.5828],
			"rotation": {"angle": 45, "axis": "z", "origin": [7.9674, 8.28817, 7.98905]},
			"faces": {
				"north": {"uv": [0, 0, 0.5, 0.5], "texture": "#7"},
				"east": {"uv": [0, 0, 4.5, 0.5], "texture": "#7"},
				"south": {"uv": [0, 0, 0.5, 0.5], "texture": "#7"},
				"west": {"uv": [0, 0, 4.5, 0.5], "texture": "#7"},
				"up": {"uv": [0, 0, 0.5, 4.5], "texture": "#7"},
				"down": {"uv": [0, 0, 0.5, 4.5], "texture": "#7"}
			}
		},
		{
			"from": [8.1353, 8.10067, 1.0828],
			"to": [8.6353, 8.60067, 5.5828],
			"rotation": {"angle": 45, "axis": "z", "origin": [9.0103, 8.28817, 7.98905]},
			"faces": {
				"north": {"uv": [0, 0, 0.5, 0.5], "texture": "#7"},
				"east": {"uv": [0, 0, 4.5, 0.5], "texture": "#7"},
				"south": {"uv": [0, 0, 0.5, 0.5], "texture": "#7"},
				"west": {"uv": [0, 0, 4.5, 0.5], "texture": "#7"},
				"up": {"uv": [0, 0, 0.5, 4.5], "texture": "#7"},
				"down": {"uv": [0, 0, 0.5, 4.5], "texture": "#7"}
			}
		},
		{
			"from": [7.5728, 10.02301, 13.5203],
			"to": [7.79936, 10.33551, 14.2078],
			"rotation": {"angle": 0, "axis": "y", "origin": [7.16655, 9.02301, 7.86405]},
			"faces": {
				"north": {"uv": [0, 0, 0.22656, 0.3125], "texture": "#3"},
				"east": {"uv": [0, 0, 0.6875, 0.3125], "texture": "#3"},
				"south": {"uv": [0, 0, 1.227, 1.313], "texture": "#6"},
				"west": {"uv": [0, 0, 0.6875, 0.3125], "texture": "#3"},
				"up": {"uv": [0, 0, 0.22656, 0.6875], "texture": "#3"},
				"down": {"uv": [0, 0, 0.22656, 0.6875], "texture": "#3"}
			}
		},
		{
			"from": [8.1353, 10.02301, 13.5203],
			"to": [8.36186, 10.33551, 14.2078],
			"rotation": {"angle": 0, "axis": "y", "origin": [7.16655, 9.02301, 7.86405]},
			"faces": {
				"north": {"uv": [0, 0, 0.22656, 0.3125], "texture": "#3"},
				"east": {"uv": [0, 0, 0.6875, 0.3125], "texture": "#3"},
				"south": {"uv": [0, 0, 1.227, 1.313], "texture": "#6"},
				"west": {"uv": [0, 0, 0.6875, 0.3125], "texture": "#3"},
				"up": {"uv": [0, 0, 0.22656, 0.6875], "texture": "#3"},
				"down": {"uv": [0, 0, 0.22656, 0.6875], "texture": "#3"}
			}
		},
		{
			"from": [7.85405, 10.02301, 1.5203],
			"to": [8.08061, 10.27301, 2.2078],
			"rotation": {"angle": 0, "axis": "x", "origin": [7.16655, 9.02301, 7.86405]},
			"faces": {
				"north": {"uv": [0, 0, 0.22656, 0.25], "texture": "#3"},
				"east": {"uv": [0, 0, 0.6875, 0.25], "texture": "#3"},
				"south": {"uv": [0, 0, 1.227, 1.25], "texture": "#6"},
				"west": {"uv": [0, 0, 0.6875, 0.25], "texture": "#3"},
				"up": {"uv": [0, 0, 0.22656, 0.6875], "texture": "#3"},
				"down": {"uv": [0, 0, 0.22656, 0.6875], "texture": "#3"}
			}
		},
		{
			"from": [7.25271, 8.26542, 1.1453],
			"to": [8.75271, 8.82792, 14.5828],
			"rotation": {"angle": 0, "axis": "y", "origin": [7.15896, 9.07792, 7.86405]},
			"faces": {
				"north": {"uv": [0, 0, 1.5, 0.5625], "texture": "#4"},
				"east": {"uv": [0, 0, 13.4375, 0.5625], "texture": "#4"},
				"south": {"uv": [0, 0, 1.5, 0.5625], "texture": "#4"},
				"west": {"uv": [0, 0, 13.4375, 0.5625], "texture": "#4"},
				"up": {"uv": [0, 0, 1.5, 13.4375], "texture": "#4"},
				"down": {"uv": [0, 0, 1.5, 13.4375], "texture": "#4"}
			}
		},
		{
			"from": [7.12771, 8.32792, 12.3328],
			"to": [8.87771, 9.89042, 12.5828],
			"rotation": {"angle": 0, "axis": "y", "origin": [7.15896, 9.07792, 7.86405]},
			"faces": {
				"north": {"uv": [0, 0, 1.75, 1.5625], "texture": "#3"},
				"east": {"uv": [0, 0, 0.25, 1.5625], "texture": "#3"},
				"south": {"uv": [0, 0, 1.75, 1.5625], "texture": "#3"},
				"west": {"uv": [0, 0, 0.25, 1.5625], "texture": "#3"},
				"up": {"uv": [0, 0, 1.75, 0.25], "texture": "#3"},
				"down": {"uv": [0, 0, 1.75, 0.25], "texture": "#3"}
			}
		},
		{
			"from": [7.12771, 8.32792, 11.8328],
			"to": [8.87771, 9.89042, 12.0828],
			"rotation": {"angle": 0, "axis": "y", "origin": [7.15896, 9.07792, 7.86405]},
			"faces": {
				"north": {"uv": [0, 0, 1.75, 1.5625], "texture": "#3"},
				"east": {"uv": [0, 0, 0.25, 1.5625], "texture": "#3"},
				"south": {"uv": [0, 0, 1.75, 1.5625], "texture": "#3"},
				"west": {"uv": [0, 0, 0.25, 1.5625], "texture": "#3"},
				"up": {"uv": [0, 0, 1.75, 0.25], "texture": "#3"},
				"down": {"uv": [0, 0, 1.75, 0.25], "texture": "#3"}
			}
		},
		{
			"from": [7.19021, 8.32792, 11.5828],
			"to": [8.81521, 9.89042, 13.3328],
			"rotation": {"angle": 0, "axis": "y", "origin": [7.15896, 9.07792, 8.86405]},
			"faces": {
				"north": {"uv": [0, 0, 1.625, 1.5625], "texture": "#5"},
				"east": {"uv": [0, 0, 1.75, 1.5625], "texture": "#5"},
				"south": {"uv": [0, 0, 1.625, 1.5625], "texture": "#5"},
				"west": {"uv": [0, 0, 1.75, 1.5625], "texture": "#5"},
				"up": {"uv": [0, 0, 1.625, 1.75], "texture": "#5"},
				"down": {"uv": [0, 0, 1.625, 1.75], "texture": "#5"}
			}
		},
		{
			"from": [7.12771, 8.32792, 12.8328],
			"to": [8.87771, 9.89042, 13.0828],
			"rotation": {"angle": 0, "axis": "y", "origin": [7.15896, 9.07792, 8.86405]},
			"faces": {
				"north": {"uv": [0, 0, 1.75, 1.5625], "texture": "#3"},
				"east": {"uv": [0, 0, 0.25, 1.5625], "texture": "#3"},
				"south": {"uv": [0, 0, 1.75, 1.5625], "texture": "#3"},
				"west": {"uv": [0, 0, 0.25, 1.5625], "texture": "#3"},
				"up": {"uv": [0, 0, 1.75, 0.25], "texture": "#3"},
				"down": {"uv": [0, 0, 1.75, 0.25], "texture": "#3"}
			}
		},
		{
			"from": [7.12771, 8.32792, 13.3328],
			"to": [8.87771, 9.89042, 14.6453],
			"rotation": {"angle": 0, "axis": "y", "origin": [7.15896, 9.07792, 9.86405]},
			"faces": {
				"north": {"uv": [0, 0, 1.75, 1.5625], "texture": "#3"},
				"east": {"uv": [0, 0, 1.3125, 1.5625], "texture": "#3"},
				"south": {"uv": [0, 0, 1.75, 1.5625], "texture": "#3"},
				"west": {"uv": [0, 0, 1.3125, 1.5625], "texture": "#3"},
				"up": {"uv": [0, 0, 1.75, 1.3125], "texture": "#3"},
				"down": {"uv": [0, 0, 1.75, 1.3125], "texture": "#3"}
			}
		},
		{
			"from": [7.31521, 0.44319, 12.2091],
			"to": [8.69021, 1.44319, 15.55285],
			"rotation": {"angle": 0, "axis": "y", "origin": [7.15896, 0.69319, 8.74035]},
			"faces": {
				"north": {"uv": [0, 0, 1.375, 1], "texture": "#1"},
				"east": {"uv": [0, 0, 3.34375, 1], "texture": "#1"},
				"south": {"uv": [0, 0, 1.375, 1], "texture": "#1"},
				"west": {"uv": [0, 0, 3.34375, 1], "texture": "#1"},
				"up": {"uv": [0, 0, 1.375, 3.34375], "texture": "#1"},
				"down": {"uv": [0, 0, 1.375, 3.34375], "texture": "#1"}
			}
		},
		{
			"name": "hexadecagon",
			"from": [7.91023, 8.77994, 0.91891],
			"to": [8.05942, 9.52994, 2.91891],
			"rotation": {"angle": -45, "axis": "z", "origin": [7.98483, 9.15494, 1.91891]},
			"faces": {
				"north": {"uv": [0, 0, 0.0625, 0.0625], "texture": "#1"},
				"east": {"uv": [0, 0, 0.0625, 0.0625], "texture": "#1"},
				"south": {"uv": [0, 0, 0.0625, 0.0625], "texture": "#1"},
				"west": {"uv": [0, 0, 0.0625, 0.0625], "texture": "#1"},
				"up": {"uv": [0, 0, 0.0625, 0.0625], "texture": "#1"},
				"down": {"uv": [0, 0, 0.0625, 0.0625], "texture": "#1"}
			}
		},
		{
			"name": "hexadecagon",
			"from": [7.91023, 8.77994, 0.91891],
			"to": [8.05942, 9.52994, 2.91891],
			"rotation": {"angle": -22.5, "axis": "z", "origin": [7.98483, 9.15494, 1.91891]},
			"faces": {
				"north": {"uv": [0, 0, 0.0625, 0.0625], "texture": "#1"},
				"east": {"uv": [0, 0, 0.0625, 0.0625], "texture": "#1"},
				"south": {"uv": [0, 0, 0.0625, 0.0625], "texture": "#1"},
				"west": {"uv": [0, 0, 0.0625, 0.0625], "texture": "#1"},
				"up": {"uv": [0, 0, 0.0625, 0.0625], "texture": "#1"},
				"down": {"uv": [0, 0, 0.0625, 0.0625], "texture": "#1"}
			}
		},
		{
			"name": "hexadecagon",
			"from": [7.91023, 8.77994, 0.91891],
			"to": [8.05942, 9.52994, 2.91891],
			"rotation": {"angle": 0, "axis": "z", "origin": [7.98483, 9.15494, 1.91891]},
			"faces": {
				"north": {"uv": [0, 0, 0.0625, 0.0625], "texture": "#1"},
				"east": {"uv": [0, 0, 0.0625, 0.0625], "texture": "#1"},
				"south": {"uv": [0, 0, 0.0625, 0.0625], "texture": "#1"},
				"west": {"uv": [0, 0, 0.0625, 0.0625], "texture": "#1"},
				"up": {"uv": [0, 0, 0.0625, 0.0625], "texture": "#1"},
				"down": {"uv": [0, 0, 0.0625, 0.0625], "texture": "#1"}
			}
		},
		{
			"name": "hexadecagon",
			"from": [7.91023, 8.77994, 0.91891],
			"to": [8.05942, 9.52994, 2.91891],
			"rotation": {"angle": 22.5, "axis": "z", "origin": [7.98483, 9.15494, 1.91891]},
			"faces": {
				"north": {"uv": [0, 0, 0.0625, 0.0625], "texture": "#1"},
				"east": {"uv": [0, 0, 0.0625, 0.0625], "texture": "#1"},
				"south": {"uv": [0, 0, 0.0625, 0.0625], "texture": "#1"},
				"west": {"uv": [0, 0, 0.0625, 0.0625], "texture": "#1"},
				"up": {"uv": [0, 0, 0.0625, 0.0625], "texture": "#1"},
				"down": {"uv": [0, 0, 0.0625, 0.0625], "texture": "#1"}
			}
		},
		{
			"name": "hexadecagon",
			"from": [7.91023, 8.77994, 0.91891],
			"to": [8.05942, 9.52994, 2.91891],
			"rotation": {"angle": 45, "axis": "z", "origin": [7.98483, 9.15494, 1.91891]},
			"faces": {
				"north": {"uv": [0, 0, 0.0625, 0.0625], "texture": "#1"},
				"east": {"uv": [0, 0, 0.0625, 0.0625], "texture": "#1"},
				"south": {"uv": [0, 0, 0.0625, 0.0625], "texture": "#1"},
				"west": {"uv": [0, 0, 0.0625, 0.0625], "texture": "#1"},
				"up": {"uv": [0, 0, 0.0625, 0.0625], "texture": "#1"},
				"down": {"uv": [0, 0, 0.0625, 0.0625], "texture": "#1"}
			}
		},
		{
			"name": "hexadecagon",
			"from": [7.60983, 9.08035, 0.91891],
			"to": [8.35983, 9.22953, 2.91891],
			"rotation": {"angle": -22.5, "axis": "z", "origin": [7.98483, 9.15494, 1.91891]},
			"faces": {
				"north": {"uv": [0, 0, 0.0625, 0.0625], "texture": "#1"},
				"east": {"uv": [0, 0, 0.0625, 0.0625], "texture": "#1"},
				"south": {"uv": [0, 0, 0.0625, 0.0625], "texture": "#1"},
				"west": {"uv": [0, 0, 0.0625, 0.0625], "texture": "#1"},
				"up": {"uv": [0, 0, 0.0625, 0.0625], "texture": "#1"},
				"down": {"uv": [0, 0, 0.0625, 0.0625], "texture": "#1"}
			}
		},
		{
			"name": "hexadecagon",
			"from": [7.60983, 9.08035, 0.91891],
			"to": [8.35983, 9.22953, 2.91891],
			"rotation": {"angle": 0, "axis": "z", "origin": [7.98483, 9.15494, 1.91891]},
			"faces": {
				"north": {"uv": [0, 0, 0.0625, 0.0625], "texture": "#1"},
				"east": {"uv": [0, 0, 0.0625, 0.0625], "texture": "#1"},
				"south": {"uv": [0, 0, 0.0625, 0.0625], "texture": "#1"},
				"west": {"uv": [0, 0, 0.0625, 0.0625], "texture": "#1"},
				"up": {"uv": [0, 0, 0.0625, 0.0625], "texture": "#1"},
				"down": {"uv": [0, 0, 0.0625, 0.0625], "texture": "#1"}
			}
		},
		{
			"name": "hexadecagon",
			"from": [7.60983, 9.08035, 0.91891],
			"to": [8.35983, 9.22953, 2.91891],
			"rotation": {"angle": 22.5, "axis": "z", "origin": [7.98483, 9.15494, 1.91891]},
			"faces": {
				"north": {"uv": [0, 0, 0.0625, 0.0625], "texture": "#1"},
				"east": {"uv": [0, 0, 0.0625, 0.0625], "texture": "#1"},
				"south": {"uv": [0, 0, 0.0625, 0.0625], "texture": "#1"},
				"west": {"uv": [0, 0, 0.0625, 0.0625], "texture": "#1"},
				"up": {"uv": [0, 0, 0.0625, 0.0625], "texture": "#1"},
				"down": {"uv": [0, 0, 0.0625, 0.0625], "texture": "#1"}
			}
		}
	],
	"display": {
		"thirdperson_righthand": {
			"translation": [-1.25, 0.75, 0.25],
			"scale": [0.5, 0.5, 0.5]
		},
		"thirdperson_lefthand": {
			"translation": [-1.25, 0.75, 0.25],
			"scale": [0.5, 0.5, 0.5]
		},
		"firstperson_righthand": {
			"translation": [-9, -1, -59.5],
			"scale": [4, 4, 2.93]
		},
		"firstperson_lefthand": {
			"translation": [-9.25, -1, -59.5],
			"scale": [4, 4, 2.93]
		},
		"ground": {
			"rotation": [0, 0, 90],
			"translation": [-2.75, 0, 0],
			"scale": [0.75, 0.75, 0.75]
		},
		"gui": {
			"rotation": [-90, 135, 90],
			"translation": [0, 2, 0],
			"scale": [0.8, 0.8, 0.8]
		},
		"fixed": {
			"rotation": [90, 45, -90],
			"translation": [0.25, 2.25, -1.75]
		}
	},
	"groups": [
		{
			"name": "group",
			"origin": [7.23664, 1.41326, 7.50894],
			"children": [0, 1, 2, 3, 4, 5, 6, 7, 8, 9, 10, 11, 12, 13, 14, 15, 16, 17, 18, 19, 20, 21, 22, 23, 24, 25, 26, 27, 28, 29, 30, 31, 32, 33, 34, 35, 36, 37, 38, 39, 40, 41, 42, 43, 44, 45, 46, 47, 48, 49, 50, 51, 52, 53, 54]
		},
		{
			"name": "hexadecagon",
			"origin": [8, 8, 8],
			"children": [55, 56, 57, 58, 59, 60, 61, 62]
		}
	]
}