{
	"credit": "Made with Blockbench",
	"textures": {
		"1": "guns/gunmetal3",
		"2": "guns/wood",
		"3": "guns/gunmetal4",
		"4": "guns/ak47_tex",
		"5": "guns/gunmetal8",
		"particle": "guns/wood"
	},
	"elements": [
		{
			"from": [7.62292, 0.37935, 11.51255],
			"to": [8.37292, 3.81685, 13.07505],
			"rotation": {"angle": -22.5, "axis": "x", "origin": [8.00006, 8.04679, 5.01231]},
			"faces": {
				"north": {"uv": [15, 15, 16, 16], "texture": "#2"},
				"east": {"uv": [15, 15, 16, 16], "texture": "#2"},
				"south": {"uv": [15, 15, 16, 16], "texture": "#2"},
				"west": {"uv": [15, 15, 16, 16], "texture": "#2"},
				"up": {"uv": [15, 15, 16, 16], "texture": "#2"},
				"down": {"uv": [15, 15, 16, 16], "texture": "#2"}
			}
		},
		{
			"from": [7.62292, 3.45054, 13.95195],
			"to": [8.37292, 3.76304, 14.51445],
			"rotation": {"angle": 0, "axis": "x", "origin": [8.00006, 8.04679, 5.01231]},
			"faces": {
				"north": {"uv": [15, 15, 16, 16], "texture": "#2"},
				"east": {"uv": [15, 15, 16, 16], "texture": "#2"},
				"south": {"uv": [15, 15, 16, 16], "texture": "#2"},
				"west": {"uv": [15, 15, 16, 16], "texture": "#2"},
				"up": {"uv": [15, 15, 16, 16], "texture": "#2"},
				"down": {"uv": [15, 15, 16, 16], "texture": "#2"}
			}
		},
		{
			"from": [7.62292, 0.1641, 12.30537],
			"to": [8.37292, 0.4766, 12.55537],
			"rotation": {"angle": -22.5, "axis": "x", "origin": [8.00006, 8.04679, 5.01231]},
			"faces": {
				"north": {"uv": [15, 15, 16, 16], "texture": "#2"},
				"east": {"uv": [15, 15, 16, 16], "texture": "#2"},
				"south": {"uv": [15, 15, 16, 16], "texture": "#2"},
				"west": {"uv": [15, 15, 16, 16], "texture": "#2"},
				"up": {"uv": [15, 15, 16, 16], "texture": "#2"},
				"down": {"uv": [15, 15, 16, 16], "texture": "#2"}
			}
		},
		{
			"from": [7.62292, 0.16409, 12.03224],
			"to": [8.37292, 0.47659, 12.34474],
			"rotation": {"angle": -22.5, "axis": "x", "origin": [8.00006, 8.04679, 5.01231]},
			"faces": {
				"north": {"uv": [15, 15, 16, 16], "texture": "#2"},
				"east": {"uv": [15, 15, 16, 16], "texture": "#2"},
				"south": {"uv": [15, 15, 16, 16], "texture": "#2"},
				"west": {"uv": [15, 15, 16, 16], "texture": "#2"},
				"up": {"uv": [15, 15, 16, 16], "texture": "#2"},
				"down": {"uv": [15, 15, 16, 16], "texture": "#2"}
			}
		},
		{
			"from": [7.62292, -2.12248, 8.96462],
			"to": [8.37292, -1.80998, 9.52712],
			"rotation": {"angle": -45, "axis": "x", "origin": [8.00006, 8.04679, 5.01231]},
			"faces": {
				"north": {"uv": [15, 15, 16, 16], "texture": "#2"},
				"east": {"uv": [15, 15, 16, 16], "texture": "#2"},
				"south": {"uv": [15, 15, 16, 16], "texture": "#2"},
				"west": {"uv": [15, 15, 16, 16], "texture": "#2"},
				"up": {"uv": [15, 15, 16, 16], "texture": "#2"},
				"down": {"uv": [15, 15, 16, 16], "texture": "#2"}
			}
		},
		{
			"from": [7.62292, 6.97431, 14.08004],
			"to": [8.37292, 7.28681, 14.89254],
			"rotation": {"angle": 0, "axis": "x", "origin": [8.00006, 8.04679, 5.01231]},
			"faces": {
				"north": {"uv": [15, 15, 16, 16], "texture": "#2"},
				"east": {"uv": [15, 15, 16, 16], "texture": "#2"},
				"south": {"uv": [15, 15, 16, 16], "texture": "#2"},
				"west": {"uv": [15, 15, 16, 16], "texture": "#2"},
				"up": {"uv": [15, 15, 16, 16], "texture": "#2"},
				"down": {"uv": [15, 15, 16, 16], "texture": "#2"}
			}
		},
		{
			"from": [7.62292, 9.52446, 14.30087],
			"to": [8.37292, 10.83696, 14.55087],
			"rotation": {"angle": 22.5, "axis": "x", "origin": [8.00006, 8.04679, 5.01231]},
			"faces": {
				"north": {"uv": [15, 15, 16, 16], "texture": "#2"},
				"east": {"uv": [15, 15, 16, 16], "texture": "#2"},
				"south": {"uv": [15, 15, 16, 16], "texture": "#2"},
				"west": {"uv": [15, 15, 16, 16], "texture": "#2"},
				"up": {"uv": [15, 15, 16, 16], "texture": "#2"},
				"down": {"uv": [15, 15, 16, 16], "texture": "#2"}
			}
		},
		{
			"from": [7.62292, 5.9471, 14.46342],
			"to": [8.37292, 6.2596, 14.58842],
			"rotation": {"angle": 0, "axis": "x", "origin": [8.00006, 8.04679, 5.01231]},
			"faces": {
				"north": {"uv": [15, 15, 16, 16], "texture": "#2"},
				"east": {"uv": [15, 15, 16, 16], "texture": "#2"},
				"south": {"uv": [15, 15, 16, 16], "texture": "#2"},
				"west": {"uv": [15, 15, 16, 16], "texture": "#2"},
				"up": {"uv": [15, 15, 16, 16], "texture": "#2"},
				"down": {"uv": [15, 15, 16, 16], "texture": "#2"}
			}
		},
		{
			"from": [7.62292, 10.02446, 13.86337],
			"to": [8.37292, 10.77446, 14.30087],
			"rotation": {"angle": 22.5, "axis": "x", "origin": [8.00006, 8.04679, 5.01231]},
			"faces": {
				"north": {"uv": [15, 15, 16, 16], "texture": "#2"},
				"east": {"uv": [15, 15, 16, 16], "texture": "#2"},
				"south": {"uv": [15, 15, 16, 16], "texture": "#2"},
				"west": {"uv": [15, 15, 16, 16], "texture": "#2"},
				"up": {"uv": [15, 15, 16, 16], "texture": "#2"},
				"down": {"uv": [15, 15, 16, 16], "texture": "#2"}
			}
		},
		{
			"from": [7.62292, 6.66181, 12.26754],
			"to": [8.37292, 7.28681, 14.08004],
			"rotation": {"angle": 0, "axis": "x", "origin": [8.00006, 8.04679, 5.01231]},
			"faces": {
				"north": {"uv": [15, 15, 16, 16], "texture": "#2"},
				"east": {"uv": [15, 15, 16, 16], "texture": "#2"},
				"south": {"uv": [15, 15, 16, 16], "texture": "#2"},
				"west": {"uv": [15, 15, 16, 16], "texture": "#2"},
				"up": {"uv": [15, 15, 16, 16], "texture": "#2"},
				"down": {"uv": [15, 15, 16, 16], "texture": "#2"}
			}
		},
		{
			"from": [7.49792, 12.22524, 14.59828],
			"to": [8.49792, 12.85024, 16.41078],
			"rotation": {"angle": 22.5, "axis": "x", "origin": [8.00006, 8.04679, 5.01231]},
			"faces": {
				"north": {"uv": [15, 15, 16, 16], "texture": "#2"},
				"east": {"uv": [15, 15, 16, 16], "texture": "#2"},
				"south": {"uv": [15, 15, 16, 16], "texture": "#2"},
				"west": {"uv": [15, 15, 16, 16], "texture": "#2"},
				"up": {"uv": [15, 15, 16, 16], "texture": "#2"},
				"down": {"uv": [15, 15, 16, 16], "texture": "#2"}
			}
		},
		{
			"from": [7.49792, 11.72524, 14.84828],
			"to": [8.49792, 12.35024, 21.66078],
			"rotation": {"angle": 22.5, "axis": "x", "origin": [8.00006, 8.04679, 5.01231]},
			"faces": {
				"north": {"uv": [15, 15, 16, 16], "texture": "#2"},
				"east": {"uv": [15, 15, 16, 16], "texture": "#2"},
				"south": {"uv": [15, 15, 16, 16], "texture": "#2"},
				"west": {"uv": [15, 15, 16, 16], "texture": "#2"},
				"up": {"uv": [15, 15, 16, 16], "texture": "#2"},
				"down": {"uv": [15, 15, 16, 16], "texture": "#2"}
			}
		},
		{
			"from": [7.50202, 2.41759, 15.82348],
			"to": [8.50202, 3.54259, 17.13598],
			"rotation": {"angle": -22.5, "axis": "x", "origin": [8.00006, 8.04679, 5.01231]},
			"faces": {
				"north": {"uv": [15, 15, 16, 16], "texture": "#2"},
				"east": {"uv": [15, 15, 16, 16], "texture": "#2"},
				"south": {"uv": [15, 15, 16, 16], "texture": "#2"},
				"west": {"uv": [15, 15, 16, 16], "texture": "#2"},
				"up": {"uv": [15, 15, 16, 16], "texture": "#2"},
				"down": {"uv": [15, 15, 16, 16], "texture": "#2"}
			}
		},
		{
			"from": [7.50202, 6.14998, 17.9368],
			"to": [8.50202, 8.52498, 21.2493],
			"rotation": {"angle": 0, "axis": "x", "origin": [8.00006, 8.04679, 5.01231]},
			"faces": {
				"north": {"uv": [15, 15, 16, 16], "texture": "#2"},
				"east": {"uv": [15, 15, 16, 16], "texture": "#2"},
				"south": {"uv": [15, 15, 16, 16], "texture": "#2"},
				"west": {"uv": [15, 15, 16, 16], "texture": "#2"},
				"up": {"uv": [15, 15, 16, 16], "texture": "#2"},
				"down": {"uv": [15, 15, 16, 16], "texture": "#2"}
			}
		},
		{
			"from": [7.49962, 11.2316, 14.92915],
			"to": [8.49962, 11.8566, 22.24165],
			"rotation": {"angle": 22.5, "axis": "x", "origin": [8.00006, 8.04679, 5.01231]},
			"faces": {
				"north": {"uv": [15, 15, 16, 16], "texture": "#2"},
				"east": {"uv": [15, 15, 16, 16], "texture": "#2"},
				"south": {"uv": [15, 15, 16, 16], "texture": "#2"},
				"west": {"uv": [15, 15, 16, 16], "texture": "#2"},
				"up": {"uv": [15, 15, 16, 16], "texture": "#2"},
				"down": {"uv": [15, 15, 16, 16], "texture": "#2"}
			}
		},
		{
			"from": [7.50132, 7.19403, 15.39487],
			"to": [8.50132, 8.81903, 15.70737],
			"rotation": {"angle": 0, "axis": "x", "origin": [8.00006, 8.04679, 5.01231]},
			"faces": {
				"north": {"uv": [15, 15, 16, 16], "texture": "#2"},
				"east": {"uv": [15, 15, 16, 16], "texture": "#2"},
				"south": {"uv": [15, 15, 16, 16], "texture": "#2"},
				"west": {"uv": [15, 15, 16, 16], "texture": "#2"},
				"up": {"uv": [15, 15, 16, 16], "texture": "#2"},
				"down": {"uv": [15, 15, 16, 16], "texture": "#2"}
			}
		},
		{
			"from": [7.49963, 5.02074, 20.77397],
			"to": [8.49963, 8.52074, 22.33647],
			"rotation": {"angle": 0, "axis": "x", "origin": [8.00006, 8.04679, 5.01231]},
			"faces": {
				"north": {"uv": [15, 15, 16, 16], "texture": "#2"},
				"east": {"uv": [15, 15, 16, 16], "texture": "#2"},
				"south": {"uv": [15, 15, 16, 16], "texture": "#2"},
				"west": {"uv": [15, 15, 16, 16], "texture": "#2"},
				"up": {"uv": [15, 15, 16, 16], "texture": "#2"},
				"down": {"uv": [15, 15, 16, 16], "texture": "#2"}
			}
		},
		{
			"from": [7.49963, 4.39574, 22.14897],
			"to": [8.49963, 8.52074, 23.08647],
			"rotation": {"angle": 0, "axis": "x", "origin": [8.00006, 8.04679, 5.01231]},
			"faces": {
				"north": {"uv": [15, 15, 16, 16], "texture": "#2"},
				"east": {"uv": [15, 15, 16, 16], "texture": "#2"},
				"south": {"uv": [15, 15, 16, 16], "texture": "#2"},
				"west": {"uv": [15, 15, 16, 16], "texture": "#2"},
				"up": {"uv": [15, 15, 16, 16], "texture": "#2"},
				"down": {"uv": [15, 15, 16, 16], "texture": "#2"}
			}
		},
		{
			"from": [7.49963, 4.39574, 23.08647],
			"to": [8.49963, 8.52074, 23.27397],
			"rotation": {"angle": 0, "axis": "x", "origin": [8.00006, 8.04679, 5.01231]},
			"faces": {
				"east": {"uv": [0.1875, 0, 0, 4.125], "texture": "#3"},
				"south": {"uv": [1, 0, 0, 4.125], "texture": "#3"},
				"west": {"uv": [0.1875, 0, 0, 4.125], "texture": "#3"},
				"up": {"uv": [1, 0, 0, 0.1875], "texture": "#3"},
				"down": {"uv": [1, 0, 0, 0.1875], "texture": "#3"}
			}
		},
		{
			"from": [7.62292, 12.19769, 11.12186],
			"to": [8.37292, 12.76019, 11.55936],
			"rotation": {"angle": 45, "axis": "x", "origin": [8.00006, 8.04679, 5.01231]},
			"faces": {
				"north": {"uv": [15, 15, 16, 16], "texture": "#2"},
				"east": {"uv": [15, 15, 16, 16], "texture": "#2"},
				"south": {"uv": [15, 15, 16, 16], "texture": "#2"},
				"west": {"uv": [15, 15, 16, 16], "texture": "#2"},
				"up": {"uv": [15, 15, 16, 16], "texture": "#2"},
				"down": {"uv": [15, 15, 16, 16], "texture": "#2"}
			}
		},
		{
			"from": [7.74792, 9.17548, 12.65892],
			"to": [8.24792, 9.42548, 12.72142],
			"rotation": {"angle": 22.5, "axis": "x", "origin": [8.00006, 8.04679, 5.01231]},
			"faces": {
				"north": {"uv": [0.5, 0, 0, 0.25], "texture": "#1"},
				"east": {"uv": [0.0625, 0, 0, 0.25], "texture": "#1"},
				"south": {"uv": [0.5, 0, 0, 0.25], "texture": "#1"},
				"west": {"uv": [0.0625, 0, 0, 0.25], "texture": "#1"},
				"down": {"uv": [0.5, 0, 0, 0.0625], "texture": "#1"}
			}
		},
		{
			"from": [7.87157, 4.07503, 9.61336],
			"to": [8.12157, 4.20003, 9.67586],
			"rotation": {"angle": -22.5, "axis": "x", "origin": [8.00006, 8.04679, 5.01231]},
			"faces": {
				"north": {"uv": [0.5, 0, 0.25, 0.125], "texture": "#1"},
				"east": {"uv": [0.125, 0, 0.0625, 0.125], "texture": "#1"},
				"south": {"uv": [0.5, 0, 0.25, 0.125], "texture": "#1"},
				"west": {"uv": [0.125, 0, 0.0625, 0.125], "texture": "#1"},
				"up": {"uv": [0.25, 0.0625, 0, 0.125], "texture": "#1"},
				"down": {"uv": [0.25, 0.0625, 0, 0.125], "texture": "#1"}
			}
		},
		{
			"from": [7.49708, 6.50355, 9.92327],
			"to": [8.49708, 7.37855, 10.73577],
			"rotation": {"angle": 0, "axis": "x", "origin": [8.00006, 8.04679, 5.01231]},
			"faces": {
				"north": {"uv": [1.25, 0, 0.25, 0.875], "texture": "#3"},
				"east": {"uv": [0.875, 0, 0.0625, 0.875], "texture": "#3"},
				"south": {"uv": [1.25, 0, 0.25, 0.875], "texture": "#3"},
				"west": {"uv": [0.875, 0, 0.0625, 0.875], "texture": "#3"},
				"down": {"uv": [1, 0.0625, 0, 0.875], "texture": "#3"}
			}
		},
		{
			"from": [7.62208, 6.37855, 9.23577],
			"to": [8.37208, 7.25355, 9.92327],
			"rotation": {"angle": 0, "axis": "x", "origin": [8.00006, 8.04679, 5.01231]},
			"faces": {
				"north": {"uv": [1, 0, 0.25, 0.875], "texture": "#3"},
				"east": {"uv": [0.75, 0, 0.0625, 0.875], "texture": "#3"},
				"south": {"uv": [1, 0, 0.25, 0.875], "texture": "#3"},
				"west": {"uv": [0.75, 0, 0.0625, 0.875], "texture": "#3"},
				"up": {"uv": [0, 0, 0, 0], "texture": "#3"},
				"down": {"uv": [0.75, 0.0625, 0, 0.75], "texture": "#3"}
			}
		},
		{
			"from": [7.68458, 6.38636, 7.73577],
			"to": [8.30958, 7.25355, 9.29827],
			"rotation": {"angle": 0, "axis": "x", "origin": [8.00006, 8.04679, 5.01231]},
			"faces": {
				"north": {"uv": [0.875, 0, 0.25, 0.74219], "texture": "#3"},
				"east": {"uv": [1.5, 0, 0.0625, 0.74219], "texture": "#3"},
				"south": {"uv": [0, 0, 0, 0], "texture": "#3"},
				"west": {"uv": [1.5, 0, 0.0625, 0.74219], "texture": "#3"},
				"up": {"uv": [0, 0, 0, 0], "texture": "#3"},
				"down": {"uv": [0.625, 0.0625, 0, 1.5], "texture": "#3"}
			}
		},
		{
			"from": [7.62255, 5.32133, 9.9148],
			"to": [8.37255, 8.19633, 10.6023],
			"rotation": {"angle": 22.5, "axis": "x", "origin": [8.00053, 8.98957, 5.69134]},
			"faces": {
				"north": {"uv": [1, 0, 0.25, 2.875], "texture": "#3"},
				"east": {"uv": [0.75, 0, 0.0625, 2.875], "texture": "#3"},
				"south": {"uv": [1, 0, 0.25, 2.875], "texture": "#3"},
				"west": {"uv": [0.75, 0, 0.0625, 2.875], "texture": "#3"},
				"up": {"uv": [0.75, 0.0625, 0, 0.75], "texture": "#3"},
				"down": {"uv": [0.75, 0.0625, 0, 0.75], "texture": "#3"}
			}
		},
		{
			"from": [7.68505, 5.32133, 8.4148],
			"to": [8.31005, 8.03227, 9.9773],
			"rotation": {"angle": 22.5, "axis": "x", "origin": [8.00053, 8.98957, 5.69134]},
			"faces": {
				"north": {"uv": [0.875, 0, 0.25, 2.58594], "texture": "#3"},
				"east": {"uv": [1.5, 0, 0.0625, 2.58594], "texture": "#3"},
				"south": {"uv": [0, 0, 0, 0], "texture": "#3"},
				"west": {"uv": [1.5, 0, 0.0625, 2.58594], "texture": "#3"},
				"up": {"uv": [0.625, 0.0625, 0, 1.5], "texture": "#3"},
				"down": {"uv": [0.625, 0.0625, 0, 1.5], "texture": "#3"}
			}
		},
		{
			"from": [7.6214, 1.35887, 7.43714],
			"to": [8.3714, 4.92137, 8.12464],
			"rotation": {"angle": 45, "axis": "x", "origin": [7.99134, 3.48159, 7.02704]},
			"faces": {
				"north": {"uv": [1, 0, 0.25, 3.5625], "texture": "#3"},
				"east": {"uv": [0.75, 0, 0.0625, 3.5625], "texture": "#3"},
				"south": {"uv": [1, 0, 0.25, 3.5625], "texture": "#3"},
				"west": {"uv": [0.75, 0, 0.0625, 3.5625], "texture": "#3"},
				"up": {"uv": [0.75, 0.0625, 0, 0.75], "texture": "#3"},
				"down": {"uv": [0.75, 0.0625, 0, 0.75], "texture": "#5"}
			}
		},
		{
			"from": [7.6839, 1.35887, 5.93714],
			"to": [8.3089, 4.74949, 7.49964],
			"rotation": {"angle": 45, "axis": "x", "origin": [7.99134, 3.48159, 7.02704]},
			"faces": {
				"north": {"uv": [0.875, 0, 0.25, 3.39062], "texture": "#3"},
				"east": {"uv": [1.5, 0, 0.0625, 3.39062], "texture": "#3"},
				"south": {"uv": [0, 0, 0, 0], "texture": "#3"},
				"west": {"uv": [1.5, 0, 0.0625, 3.39062], "texture": "#3"},
				"up": {"uv": [0.625, 0.0625, 0, 1.5], "texture": "#3"},
				"down": {"uv": [0.625, 0.0625, 0, 1.5], "texture": "#5"}
			}
		},
		{
			"from": [7.55958, 9.12855, 1.01702],
			"to": [8.44239, 10.06605, 3.98577],
			"rotation": {"angle": 0, "axis": "x", "origin": [8.00006, 8.04679, 5.01231]},
			"faces": {
				"north": {"uv": [15, 15, 16, 16], "texture": "#2"},
				"east": {"uv": [15, 15, 16, 16], "texture": "#2"},
				"south": {"uv": [15, 15, 16, 16], "texture": "#2"},
				"west": {"uv": [15, 15, 16, 16], "texture": "#2"},
				"up": {"uv": [15, 15, 16, 16], "texture": "#2"},
				"down": {"uv": [15, 15, 16, 16], "texture": "#2"}
			}
		},
		{
			"from": [7.55958, 7.25355, 4.04827],
			"to": [8.43458, 9.06605, 5.54827],
			"rotation": {"angle": 0, "axis": "x", "origin": [8.00006, 8.04679, 5.01231]},
			"faces": {
				"north": {"uv": [15, 15, 16, 16], "texture": "#2"},
				"east": {"uv": [15, 15, 16, 16], "texture": "#2"},
				"south": {"uv": [15, 15, 16, 16], "texture": "#2"},
				"west": {"uv": [15, 15, 16, 16], "texture": "#2"},
				"up": {"uv": [15, 15, 16, 16], "texture": "#2"},
				"down": {"uv": [15, 15, 16, 16], "texture": "#2"}
			}
		},
		{
			"from": [7.56501, 7.62018, 1.11722],
			"to": [8.44001, 8.87018, 4.17972],
			"rotation": {"angle": 0, "axis": "x", "origin": [8.00006, 8.04679, 5.01231]},
			"faces": {
				"north": {"uv": [15, 15, 16, 16], "texture": "#2"},
				"east": {"uv": [15, 15, 16, 16], "texture": "#2"},
				"south": {"uv": [15, 15, 16, 16], "texture": "#2"},
				"west": {"uv": [15, 15, 16, 16], "texture": "#2"},
				"up": {"uv": [15, 15, 16, 16], "texture": "#2"},
				"down": {"uv": [15, 15, 16, 16], "texture": "#2"}
			}
		},
		{
			"from": [7.56501, 7.80768, 3.74222],
			"to": [8.44001, 9.18268, 3.99222],
			"rotation": {"angle": 0, "axis": "x", "origin": [8.00006, 8.04679, 5.01231]},
			"faces": {
				"north": {"uv": [15, 15, 16, 16], "texture": "#2"},
				"east": {"uv": [15, 15, 16, 16], "texture": "#2"},
				"south": {"uv": [15, 15, 16, 16], "texture": "#2"},
				"west": {"uv": [15, 15, 16, 16], "texture": "#2"},
				"up": {"uv": [15, 15, 16, 16], "texture": "#2"},
				"down": {"uv": [15, 15, 16, 16], "texture": "#2"}
			}
		},
		{
			"from": [7.56501, 7.21638, 3.40826],
			"to": [8.44001, 8.59138, 3.65826],
			"rotation": {"angle": 22.5, "axis": "x", "origin": [8.00006, 8.04679, 5.01231]},
			"faces": {
				"north": {"uv": [15, 15, 16, 16], "texture": "#2"},
				"east": {"uv": [15, 15, 16, 16], "texture": "#2"},
				"south": {"uv": [15, 15, 16, 16], "texture": "#2"},
				"west": {"uv": [15, 15, 16, 16], "texture": "#2"},
				"up": {"uv": [15, 15, 16, 16], "texture": "#2"},
				"down": {"uv": [15, 15, 16, 16], "texture": "#2"}
			}
		},
		{
			"from": [7.56501, 7.21638, 2.09576],
			"to": [8.44001, 8.59138, 2.59576],
			"rotation": {"angle": 22.5, "axis": "x", "origin": [8.00006, 8.04679, 5.01231]},
			"faces": {
				"north": {"uv": [15, 15, 16, 16], "texture": "#2"},
				"east": {"uv": [15, 15, 16, 16], "texture": "#2"},
				"south": {"uv": [15, 15, 16, 16], "texture": "#2"},
				"west": {"uv": [15, 15, 16, 16], "texture": "#2"},
				"up": {"uv": [15, 15, 16, 16], "texture": "#2"},
				"down": {"uv": [15, 15, 16, 16], "texture": "#2"}
			}
		},
		{
			"from": [7.56501, 7.21638, 1.72076],
			"to": [8.44001, 8.59138, 2.22076],
			"rotation": {"angle": 22.5, "axis": "x", "origin": [8.00006, 8.04679, 5.01231]},
			"faces": {
				"north": {"uv": [15, 15, 16, 16], "texture": "#2"},
				"east": {"uv": [15, 15, 16, 16], "texture": "#2"},
				"south": {"uv": [15, 15, 16, 16], "texture": "#2"},
				"west": {"uv": [15, 15, 16, 16], "texture": "#2"},
				"up": {"uv": [15, 15, 16, 16], "texture": "#2"},
				"down": {"uv": [15, 15, 16, 16], "texture": "#2"}
			}
		},
		{
			"from": [7.56501, 6.71638, 0.65826],
			"to": [8.44001, 8.09138, 0.90826],
			"rotation": {"angle": 22.5, "axis": "x", "origin": [8.00006, 8.04679, 5.01231]},
			"faces": {
				"north": {"uv": [15, 15, 16, 16], "texture": "#2"},
				"east": {"uv": [15, 15, 16, 16], "texture": "#2"},
				"south": {"uv": [15, 15, 16, 16], "texture": "#2"},
				"west": {"uv": [15, 15, 16, 16], "texture": "#2"},
				"up": {"uv": [15, 15, 16, 16], "texture": "#2"},
				"down": {"uv": [15, 15, 16, 16], "texture": "#2"}
			}
		},
		{
			"from": [7.5596, 8.81607, 3.79827],
			"to": [8.4346, 9.06607, 4.04827],
			"rotation": {"angle": 0, "axis": "x", "origin": [8.00006, 8.04679, 5.01231]},
			"faces": {
				"north": {"uv": [15, 15, 16, 16], "texture": "#2"},
				"east": {"uv": [15, 15, 16, 16], "texture": "#2"},
				"south": {"uv": [15, 15, 16, 16], "texture": "#2"},
				"west": {"uv": [15, 15, 16, 16], "texture": "#2"},
				"up": {"uv": [15, 15, 16, 16], "texture": "#2"},
				"down": {"uv": [15, 15, 16, 16], "texture": "#2"}
			}
		},
		{
			"from": [7.5729, 7.98554, 0.25238],
			"to": [8.4479, 9.73554, 0.87738],
			"rotation": {"angle": 0, "axis": "x", "origin": [8.00006, 8.04679, 5.01231]},
			"faces": {
				"north": {"uv": [15, 15, 16, 16], "texture": "#2"},
				"east": {"uv": [15, 15, 16, 16], "texture": "#2"},
				"south": {"uv": [15, 15, 16, 16], "texture": "#2"},
				"west": {"uv": [15, 15, 16, 16], "texture": "#2"},
				"up": {"uv": [15, 15, 16, 16], "texture": "#2"},
				"down": {"uv": [15, 15, 16, 16], "texture": "#2"}
			}
		},
		{
			"from": [7.56352, 8.12021, 0.49069],
			"to": [8.43852, 8.87021, 1.11569],
			"rotation": {"angle": 0, "axis": "x", "origin": [8.00006, 8.04679, 5.01231]},
			"faces": {
				"north": {"uv": [15, 15, 16, 16], "texture": "#2"},
				"east": {"uv": [15, 15, 16, 16], "texture": "#2"},
				"south": {"uv": [15, 15, 16, 16], "texture": "#2"},
				"west": {"uv": [15, 15, 16, 16], "texture": "#2"},
				"up": {"uv": [15, 15, 16, 16], "texture": "#2"},
				"down": {"uv": [15, 15, 16, 16], "texture": "#2"}
			}
		},
		{
			"from": [7.56025, 6.94729, 3.48347],
			"to": [8.43525, 7.82229, 4.42097],
			"rotation": {"angle": 22.5, "axis": "x", "origin": [8.00006, 8.04679, 5.01231]},
			"faces": {
				"north": {"uv": [15, 15, 16, 16], "texture": "#2"},
				"east": {"uv": [15, 15, 16, 16], "texture": "#2"},
				"south": {"uv": [15, 15, 16, 16], "texture": "#2"},
				"west": {"uv": [15, 15, 16, 16], "texture": "#2"},
				"up": {"uv": [15, 15, 16, 16], "texture": "#2"},
				"down": {"uv": [15, 15, 16, 16], "texture": "#2"}
			}
		},
		{
			"from": [7.57076, 6.16703, 0.63812],
			"to": [8.44576, 7.04203, 1.57562],
			"rotation": {"angle": 22.5, "axis": "x", "origin": [8.00006, 8.04679, 5.01231]},
			"faces": {
				"north": {"uv": [15, 15, 16, 16], "texture": "#2"},
				"east": {"uv": [15, 15, 16, 16], "texture": "#2"},
				"south": {"uv": [15, 15, 16, 16], "texture": "#2"},
				"west": {"uv": [15, 15, 16, 16], "texture": "#2"},
				"up": {"uv": [15, 15, 16, 16], "texture": "#2"},
				"down": {"uv": [15, 15, 16, 16], "texture": "#2"}
			}
		},
		{
			"from": [7.5752, 10.92766, 1.26309],
			"to": [8.4502, 11.42766, 1.88809],
			"rotation": {"angle": -22.5, "axis": "x", "origin": [8.00006, 8.04679, 5.01231]},
			"faces": {
				"north": {"uv": [15, 15, 16, 16], "texture": "#2"},
				"east": {"uv": [15, 15, 16, 16], "texture": "#2"},
				"south": {"uv": [15, 15, 16, 16], "texture": "#2"},
				"west": {"uv": [15, 15, 16, 16], "texture": "#2"},
				"up": {"uv": [15, 15, 16, 16], "texture": "#2"},
				"down": {"uv": [15, 15, 16, 16], "texture": "#2"}
			}
		},
		{
			"from": [7.55936, 10.92894, 1.49774],
			"to": [8.43436, 11.42894, 2.12274],
			"rotation": {"angle": -22.5, "axis": "x", "origin": [8.00006, 8.04679, 5.01231]},
			"faces": {
				"north": {"uv": [15, 15, 16, 16], "texture": "#2"},
				"east": {"uv": [15, 15, 16, 16], "texture": "#2"},
				"south": {"uv": [15, 15, 16, 16], "texture": "#2"},
				"west": {"uv": [15, 15, 16, 16], "texture": "#2"},
				"up": {"uv": [15, 15, 16, 16], "texture": "#2"},
				"down": {"uv": [15, 15, 16, 16], "texture": "#2"}
			}
		},
		{
			"from": [8.2086, 9.97699, -6.10798],
			"to": [8.2711, 10.14887, -5.85798],
			"rotation": {"angle": -22.5, "axis": "z", "origin": [8.18458, 10.16761, -5.98298]},
			"faces": {
				"north": {"uv": [0.3125, 0, 0.25, 0.59375], "texture": "#3"},
				"east": {"uv": [0.3125, 0, 0.0625, 0.59375], "texture": "#3"},
				"south": {"uv": [0.3125, 0, 0.25, 0.59375], "texture": "#3"},
				"west": {"uv": [0.3125, 0, 0.0625, 0.59375], "texture": "#3"},
				"up": {"uv": [0.0625, 0.0625, 0, 0.3125], "texture": "#3"}
			}
		},
		{
			"from": [8.19484, 10.11719, -6.10798],
			"to": [8.25734, 10.28906, -5.85798],
			"rotation": {"angle": 0, "axis": "z", "origin": [8.17921, 10.32812, -5.98298]},
			"faces": {
				"north": {"uv": [0.3125, 0, 0.25, 0.59375], "texture": "#3"},
				"east": {"uv": [0.3125, 0, 0.0625, 0.59375], "texture": "#3"},
				"south": {"uv": [0.3125, 0, 0.25, 0.59375], "texture": "#3"},
				"west": {"uv": [0.3125, 0, 0.0625, 0.59375], "texture": "#3"},
				"up": {"uv": [0.0625, 0.0625, 0, 0.3125], "texture": "#3"}
			}
		},
		{
			"from": [8.1488, 10.255, -6.10798],
			"to": [8.2113, 10.42688, -5.85798],
			"rotation": {"angle": 22.5, "axis": "z", "origin": [8.1487, 10.38775, -5.98298]},
			"faces": {
				"north": {"uv": [0.3125, 0, 0.25, 0.59375], "texture": "#3"},
				"east": {"uv": [0.3125, 0, 0.0625, 0.59375], "texture": "#3"},
				"south": {"uv": [0.3125, 0, 0.25, 0.59375], "texture": "#3"},
				"west": {"uv": [0.3125, 0, 0.0625, 0.59375], "texture": "#3"},
				"up": {"uv": [0.0625, 0.0625, 0, 0.3125], "texture": "#3"}
			}
		},
		{
			"from": [7.96583, 9.75355, -6.10798],
			"to": [8.02833, 10.3473, -5.98298],
			"rotation": {"angle": 0, "axis": "x", "origin": [8.00006, 8.04679, 5.01231]},
			"faces": {
				"north": {"uv": [0.3125, 0, 0.25, 0.59375], "texture": "#3"},
				"east": {"uv": [0.3125, 0, 0.0625, 0.59375], "texture": "#3"},
				"south": {"uv": [0.3125, 0, 0.25, 0.59375], "texture": "#3"},
				"west": {"uv": [0.3125, 0, 0.0625, 0.59375], "texture": "#3"},
				"up": {"uv": [0.0625, 0.0625, 0, 0.3125], "texture": "#3"}
			}
		},
		{
			"from": [7.7289, 9.97699, -6.10798],
			"to": [7.7914, 10.14887, -5.85798],
			"rotation": {"angle": 22.5, "axis": "z", "origin": [7.81542, 10.16761, -5.98298]},
			"faces": {
				"north": {"uv": [0.25, 0, 0.3125, 0.59375], "texture": "#3"},
				"east": {"uv": [0.0625, 0, 0.3125, 0.59375], "texture": "#3"},
				"south": {"uv": [0.25, 0, 0.3125, 0.59375], "texture": "#3"},
				"west": {"uv": [0.0625, 0, 0.3125, 0.59375], "texture": "#3"},
				"up": {"uv": [0, 0.0625, 0.0625, 0.3125], "texture": "#3"}
			}
		},
		{
			"from": [7.74266, 10.11719, -6.10798],
			"to": [7.80516, 10.28906, -5.85798],
			"rotation": {"angle": 0, "axis": "z", "origin": [7.82079, 10.32812, -5.98298]},
			"faces": {
				"north": {"uv": [0.25, 0, 0.3125, 0.59375], "texture": "#3"},
				"east": {"uv": [0.0625, 0, 0.3125, 0.59375], "texture": "#3"},
				"south": {"uv": [0.25, 0, 0.3125, 0.59375], "texture": "#3"},
				"west": {"uv": [0.0625, 0, 0.3125, 0.59375], "texture": "#3"},
				"up": {"uv": [0, 0.0625, 0.0625, 0.3125], "texture": "#3"}
			}
		},
		{
			"from": [7.7887, 10.255, -6.10798],
			"to": [7.8512, 10.42688, -5.85798],
			"rotation": {"angle": -22.5, "axis": "z", "origin": [7.8513, 10.38775, -5.98298]},
			"faces": {
				"north": {"uv": [0.25, 0, 0.3125, 0.59375], "texture": "#3"},
				"east": {"uv": [0.0625, 0, 0.3125, 0.59375], "texture": "#3"},
				"south": {"uv": [0.25, 0, 0.3125, 0.59375], "texture": "#3"},
				"west": {"uv": [0.0625, 0, 0.3125, 0.59375], "texture": "#3"},
				"up": {"uv": [0, 0.0625, 0.0625, 0.3125], "texture": "#3"}
			}
		},
		{
			"from": [7.74708, 4.42026, 8.97592],
			"to": [8.24708, 4.79526, 9.50717],
			"rotation": {"angle": -22.5, "axis": "x", "origin": [8.00006, 8.04679, 5.01231]},
			"faces": {
				"north": {"uv": [0.5, 0, 0.25, 0.375], "texture": "#1"},
				"east": {"uv": [0.6875, 0, 0.0625, 0.375], "texture": "#1"},
				"south": {"uv": [0, 0, 0, 0], "texture": "#1"},
				"west": {"uv": [0.6875, 0, 0.0625, 0.375], "texture": "#1"},
				"up": {"uv": [0, 0, 0, 0], "texture": "#1"},
				"down": {"uv": [0.25, 0.0625, 0, 0.6875], "texture": "#1"}
			}
		},
		{
			"from": [7.87208, 3.92026, 8.97592],
			"to": [8.12208, 4.42026, 9.06967],
			"rotation": {"angle": -22.5, "axis": "x", "origin": [8.00006, 8.04679, 5.01231]},
			"faces": {
				"north": {"uv": [0.5, 0, 0.25, 0.375], "texture": "#1"},
				"east": {"uv": [0.6875, 0, 0.0625, 0.375], "texture": "#1"},
				"south": {"uv": [0, 0, 0, 0], "texture": "#1"},
				"west": {"uv": [0.6875, 0, 0.0625, 0.375], "texture": "#1"},
				"up": {"uv": [0, 0, 0, 0], "texture": "#1"},
				"down": {"uv": [0.25, 0.0625, 0, 0.6875], "texture": "#1"}
			}
		},
		{
			"from": [7.87208, 6.25355, 10.73577],
			"to": [8.12208, 7.37855, 10.79827],
			"rotation": {"angle": 0, "axis": "x", "origin": [8.00006, 8.04679, 5.01231]},
			"faces": {
				"north": {"uv": [0.5, 0, 0.25, 1.125], "texture": "#1"},
				"east": {"uv": [0.125, 0, 0.0625, 1.125], "texture": "#1"},
				"south": {"uv": [0.5, 0, 0.25, 1.125], "texture": "#1"},
				"west": {"uv": [0.125, 0, 0.0625, 1.125], "texture": "#1"},
				"down": {"uv": [0.25, 0.0625, 0, 0.125], "texture": "#1"}
			}
		},
		{
			"from": [7.74782, 11.91465, 11.63976],
			"to": [8.24782, 12.03965, 11.70226],
			"rotation": {"angle": 45, "axis": "x", "origin": [8.00006, 8.04679, 5.01231]},
			"faces": {
				"north": {"uv": [0.5, 0, 0, 0.125], "texture": "#1"},
				"east": {"uv": [0.0625, 0, 0, 0.125], "texture": "#1"},
				"south": {"uv": [0.5, 0, 0, 0.125], "texture": "#1"},
				"west": {"uv": [0.0625, 0, 0, 0.125], "texture": "#1"},
				"up": {"uv": [0.5, 0, 0, 0.0625], "texture": "#1"}
			}
		},
		{
			"from": [7.87146, 2.49154, 7.74361],
			"to": [8.12146, 2.61654, 7.80611],
			"rotation": {"angle": -45, "axis": "x", "origin": [8.00006, 8.04679, 5.01231]},
			"faces": {
				"north": {"uv": [0.5, 0, 0.25, 0.125], "texture": "#1"},
				"east": {"uv": [0.125, 0, 0.0625, 0.125], "texture": "#1"},
				"south": {"uv": [0.5, 0, 0.25, 0.125], "texture": "#1"},
				"west": {"uv": [0.125, 0, 0.0625, 0.125], "texture": "#1"},
				"up": {"uv": [0.25, 0.0625, 0, 0.125], "texture": "#1"},
				"down": {"uv": [0.25, 0.0625, 0, 0.125], "texture": "#1"}
			}
		},
		{
			"from": [7.74711, 6.00276, 10.98727],
			"to": [8.24711, 6.06526, 12.36227],
			"rotation": {"angle": 0, "axis": "x", "origin": [8.00006, 8.04679, 5.01231]},
			"faces": {
				"north": {"uv": [0.5, 0, 0, 0.0625], "rotation": 180, "texture": "#1"},
				"east": {"uv": [0, 1.375, 0.0625, 0], "rotation": 90, "texture": "#1"},
				"south": {"uv": [0.5, 0, 0, 0.0625], "texture": "#1"},
				"west": {"uv": [0, 1.375, 0.0625, 0], "rotation": 270, "texture": "#1"},
				"up": {"uv": [0.5, 0, 0, 1.375], "rotation": 180, "texture": "#1"},
				"down": {"uv": [0.5, 0, 0, 1.375], "texture": "#1"}
			}
		},
		{
			"from": [7.74711, 6.62776, 11.92477],
			"to": [8.24711, 7.25276, 12.04977],
			"rotation": {"angle": 0, "axis": "x", "origin": [8.00006, 8.04679, 4.94981]},
			"faces": {
				"north": {"uv": [0.5, 0, 0, 0.625], "rotation": 180, "texture": "#1"},
				"east": {"uv": [0, 0.125, 0.625, 0], "rotation": 90, "texture": "#1"},
				"south": {"uv": [0.5, 0, 0, 0.625], "texture": "#1"},
				"west": {"uv": [0, 0.125, 0.625, 0], "rotation": 270, "texture": "#1"},
				"up": {"uv": [0.5, 0, 0, 0.125], "rotation": 180, "texture": "#1"}
			}
		},
		{
			"from": [7.74711, 8.90936, 12.76908],
			"to": [8.24711, 9.28436, 12.89408],
			"rotation": {"angle": 22.5, "axis": "x", "origin": [8.00006, 10.07839, 5.79412]},
			"faces": {
				"north": {"uv": [0.5, 0, 0, 0.375], "rotation": 180, "texture": "#1"},
				"east": {"uv": [0, 0.125, 0.375, 0], "rotation": 90, "texture": "#1"},
				"south": {"uv": [0.5, 0, 0, 0.375], "texture": "#1"},
				"west": {"uv": [0, 0.125, 0.375, 0], "rotation": 270, "texture": "#1"},
				"down": {"uv": [0.5, 0, 0, 0.125], "texture": "#1"}
			}
		},
		{
			"from": [7.74782, 3.34625, 11.02088],
			"to": [8.24782, 3.40875, 11.14588],
			"rotation": {"angle": -22.5, "axis": "x", "origin": [8.00006, 8.04679, 5.01231]},
			"faces": {
				"north": {"uv": [0.5, 0, 0, 0.0625], "rotation": 180, "texture": "#1"},
				"east": {"uv": [0, 0.125, 0.0625, 0], "rotation": 90, "texture": "#1"},
				"west": {"uv": [0, 0.125, 0.0625, 0], "rotation": 270, "texture": "#1"},
				"up": {"uv": [0.5, 0, 0, 0.125], "rotation": 180, "texture": "#1"},
				"down": {"uv": [0.5, 0, 0, 0.125], "texture": "#1"}
			}
		},
		{
			"from": [7.87146, 8.44429, 11.18992],
			"to": [8.12146, 8.50679, 11.31492],
			"rotation": {"angle": 22.5, "axis": "x", "origin": [8.00006, 8.04679, 5.01231]},
			"faces": {
				"east": {"uv": [0, 0.25, 0.0625, 0.125], "rotation": 90, "texture": "#1"},
				"south": {"uv": [0.5, 0, 0.25, 0.0625], "rotation": 180, "texture": "#1"},
				"west": {"uv": [0, 0.25, 0.0625, 0.125], "rotation": 270, "texture": "#1"},
				"up": {"uv": [0.25, 0.125, 0, 0.25], "rotation": 180, "texture": "#1"},
				"down": {"uv": [0.25, 0.125, 0, 0.25], "texture": "#1"}
			}
		},
		{
			"from": [7.62292, 9.37628, 12.64948],
			"to": [8.37292, 9.93878, 13.08698],
			"rotation": {"angle": 22.5, "axis": "x", "origin": [8.00006, 8.04679, 5.01231]},
			"faces": {
				"north": {"uv": [15, 15, 16, 16], "texture": "#2"},
				"east": {"uv": [15, 15, 16, 16], "texture": "#2"},
				"south": {"uv": [15, 15, 16, 16], "texture": "#2"},
				"west": {"uv": [15, 15, 16, 16], "texture": "#2"},
				"up": {"uv": [15, 15, 16, 16], "texture": "#2"},
				"down": {"uv": [15, 15, 16, 16], "texture": "#2"}
			}
		},
		{
			"name": "hexadecagon",
			"from": [8.19089, 8.06041, -3.13355],
			"to": [8.28041, 8.51041, 0.36645],
			"rotation": {"angle": 45, "axis": "z", "origin": [8.00006, 8.04679, 5.01231]},
			"faces": {
				"north": {"uv": [0.08952, 0, 0, 0.45], "texture": "#3"},
				"south": {"uv": [0.08952, 0, 0, 0.45], "texture": "#3"},
				"west": {"uv": [3.5, 0, 0, 0.45], "texture": "#3"},
				"up": {"uv": [0.08952, 0, 0, 3.5], "texture": "#3"},
				"down": {"uv": [0.08952, 0, 0, 3.5], "texture": "#3"}
			}
		},
		{
			"name": "hexadecagon",
			"from": [8.08164, 8.1324, -3.13355],
			"to": [8.17116, 8.5824, 0.36645],
			"rotation": {"angle": 22.5, "axis": "z", "origin": [8.00006, 8.04679, 5.01231]},
			"faces": {
				"north": {"uv": [0.08952, 0, 0, 0.45], "texture": "#3"},
				"south": {"uv": [0.08952, 0, 0, 0.45], "texture": "#3"},
				"up": {"uv": [0.08952, 0, 0, 3.5], "texture": "#3"},
				"down": {"uv": [0.08952, 0, 0, 3.5], "texture": "#3"}
			}
		},
		{
			"name": "hexadecagon",
			"from": [7.95316, 8.1571, -3.13355],
			"to": [8.04268, 8.6071, 0.36645],
			"rotation": {"angle": 0, "axis": "z", "origin": [8.00006, 8.04679, 5.01231]},
			"faces": {
				"up": {"uv": [0.08952, 0, 0, 3.5], "texture": "#3"},
				"down": {"uv": [0.08952, 0, 0, 3.5], "texture": "#3"}
			}
		},
		{
			"name": "hexadecagon",
			"from": [7.82501, 8.13076, -3.13355],
			"to": [7.91453, 8.58076, 0.36645],
			"rotation": {"angle": -22.5, "axis": "z", "origin": [8.00006, 8.04679, 5.01231]},
			"faces": {
				"north": {"uv": [0.08952, 0, 0, 0.45], "texture": "#3"},
				"south": {"uv": [0.08952, 0, 0, 0.45], "texture": "#3"},
				"up": {"uv": [0.08952, 0, 0, 3.5], "texture": "#3"},
				"down": {"uv": [0.08952, 0, 0, 3.5], "texture": "#3"}
			}
		},
		{
			"name": "hexadecagon",
			"from": [7.71669, 8.05738, -3.13355],
			"to": [7.80621, 8.50738, 0.36645],
			"rotation": {"angle": -45, "axis": "z", "origin": [8.00006, 8.04679, 5.01231]},
			"faces": {
				"north": {"uv": [0.08952, 0, 0, 0.45], "texture": "#3"},
				"south": {"uv": [0.08952, 0, 0, 0.45], "texture": "#3"},
				"up": {"uv": [0.08952, 0, 0, 3.5], "texture": "#3"},
				"down": {"uv": [0.08952, 0, 0, 3.5], "texture": "#3"}
			}
		},
		{
			"name": "hexadecagon",
			"from": [7.9014, 8.31264, -3.13355],
			"to": [8.3514, 8.40216, 0.36645],
			"rotation": {"angle": 22.5, "axis": "z", "origin": [8.00006, 8.04679, 5.01231]},
			"faces": {
				"north": {"uv": [0.45, 0, 0, 0.08952], "texture": "#3"},
				"east": {"uv": [3.5, 0, 0, 0.08952], "texture": "#3"},
				"south": {"uv": [0.45, 0, 0, 0.08952], "texture": "#3"},
				"west": {"uv": [3.5, 0, 0, 0.08952], "texture": "#3"}
			}
		},
		{
			"name": "hexadecagon",
			"from": [7.77292, 8.33734, -3.13355],
			"to": [8.22292, 8.42686, 0.36645],
			"rotation": {"angle": 0, "axis": "z", "origin": [8.00006, 8.04679, 5.01231]},
			"faces": {
				"east": {"uv": [3.5, 0, 0, 0.08952], "texture": "#3"},
				"west": {"uv": [3.5, 0, 0, 0.08952], "texture": "#3"}
			}
		},
		{
			"name": "hexadecagon",
			"from": [7.64477, 8.311, -3.13355],
			"to": [8.09477, 8.40052, 0.36645],
			"rotation": {"angle": -22.5, "axis": "z", "origin": [8.00006, 8.04679, 5.01231]},
			"faces": {
				"north": {"uv": [0.45, 0, 0, 0.08952], "texture": "#3"},
				"east": {"uv": [3.5, 0, 0, 0.08952], "texture": "#3"},
				"south": {"uv": [0.45, 0, 0, 0.08952], "texture": "#3"},
				"west": {"uv": [3.5, 0, 0, 0.08952], "texture": "#3"},
				"down": {"uv": [0.45, 0, 0, 3.5], "texture": "#3"}
			}
		},
		{
			"name": "hexadecagon",
			"from": [8.19587, 8.08541, -6.82105],
			"to": [8.27543, 8.48541, -3.07105],
			"rotation": {"angle": 45, "axis": "z", "origin": [8.00006, 8.04679, 5.01231]},
			"faces": {
				"north": {"uv": [0.07956, 0, 0, 0.4], "texture": "#3"},
				"east": {"uv": [3.75, 0, 0, 0.4], "texture": "#3"},
				"west": {"uv": [3.75, 0, 0, 0.4], "texture": "#3"},
				"up": {"uv": [0.07956, 0, 0, 3.75], "texture": "#3"},
				"down": {"uv": [0.07956, 0, 0, 3.75], "texture": "#3"}
			}
		},
		{
			"name": "hexadecagon",
			"from": [8.08662, 8.1574, -6.82105],
			"to": [8.16618, 8.5574, -3.07105],
			"rotation": {"angle": 22.5, "axis": "z", "origin": [8.00006, 8.04679, 5.01231]},
			"faces": {
				"north": {"uv": [0.07956, 0, 0, 0.4], "texture": "#3"},
				"east": {"uv": [3.75, 0, 0, 0.4], "texture": "#3"},
				"up": {"uv": [0.07956, 0, 0, 3.75], "texture": "#3"},
				"down": {"uv": [0.07956, 0, 0, 3.75], "texture": "#3"}
			}
		},
		{
			"name": "hexadecagon",
			"from": [7.95814, 8.1821, -6.82105],
			"to": [8.0377, 8.5821, -3.07105],
			"rotation": {"angle": 0, "axis": "z", "origin": [8.00006, 8.04679, 5.01231]},
			"faces": {
				"north": {"uv": [0.07956, 0, 0, 0.4], "texture": "#3"},
				"east": {"uv": [3.75, 0, 0, 0.4], "texture": "#3"},
				"west": {"uv": [3.75, 0, 0, 0.4], "texture": "#3"},
				"up": {"uv": [0.07956, 0, 0, 3.75], "texture": "#3"},
				"down": {"uv": [0.07956, 0, 0, 3.75], "texture": "#3"}
			}
		},
		{
			"name": "hexadecagon",
			"from": [7.82999, 8.15576, -6.82105],
			"to": [7.90955, 8.55576, -3.07105],
			"rotation": {"angle": -22.5, "axis": "z", "origin": [8.00006, 8.04679, 5.01231]},
			"faces": {
				"north": {"uv": [0.07956, 0, 0, 0.4], "texture": "#3"},
				"east": {"uv": [3.75, 0, 0, 0.4], "texture": "#3"},
				"west": {"uv": [3.75, 0, 0, 0.4], "texture": "#3"},
				"up": {"uv": [0.07956, 0, 0, 3.75], "texture": "#3"},
				"down": {"uv": [0.07956, 0, 0, 3.75], "texture": "#3"}
			}
		},
		{
			"name": "hexadecagon",
			"from": [7.72167, 8.08238, -6.82105],
			"to": [7.80123, 8.48238, -3.07105],
			"rotation": {"angle": -45, "axis": "z", "origin": [8.00006, 8.04679, 5.01231]},
			"faces": {
				"north": {"uv": [0.07956, 0, 0, 0.4], "texture": "#3"},
				"east": {"uv": [3.75, 0, 0, 0.4], "texture": "#3"},
				"west": {"uv": [3.75, 0, 0, 0.4], "texture": "#3"},
				"up": {"uv": [0.07956, 0, 0, 3.75], "texture": "#3"},
				"down": {"uv": [0.07956, 0, 0, 3.75], "texture": "#3"}
			}
		},
		{
			"name": "hexadecagon",
			"from": [7.9264, 8.31762, -6.82105],
			"to": [8.3264, 8.39718, -3.07105],
			"rotation": {"angle": 22.5, "axis": "z", "origin": [8.00006, 8.04679, 5.01231]},
			"faces": {
				"north": {"uv": [0.4, 0, 0, 0.07956], "texture": "#3"},
				"east": {"uv": [3.75, 0, 0, 0.07956], "texture": "#3"},
				"west": {"uv": [3.75, 0, 0, 0.07956], "texture": "#3"},
				"down": {"uv": [0.4, 0, 0, 3.75], "texture": "#3"}
			}
		},
		{
			"name": "hexadecagon",
			"from": [7.79792, 8.34232, -6.82105],
			"to": [8.19792, 8.42188, -3.07105],
			"rotation": {"angle": 0, "axis": "z", "origin": [8.00006, 8.04679, 5.01231]},
			"faces": {
				"north": {"uv": [0.4, 0, 0, 0.07956], "texture": "#3"},
				"east": {"uv": [3.75, 0, 0, 0.07956], "texture": "#3"},
				"west": {"uv": [3.75, 0, 0, 0.07956], "texture": "#3"},
				"up": {"uv": [0.4, 0, 0, 3.75], "texture": "#3"}
			}
		},
		{
			"name": "hexadecagon",
			"from": [7.66977, 8.31598, -6.82105],
			"to": [8.06977, 8.39554, -3.07105],
			"rotation": {"angle": -22.5, "axis": "z", "origin": [8.00006, 8.04679, 5.01231]},
			"faces": {
				"north": {"uv": [0.4, 0, 0, 0.07956], "texture": "#3"},
				"east": {"uv": [3.75, 0, 0, 0.07956], "texture": "#3"},
				"west": {"uv": [3.75, 0, 0, 0.07956], "texture": "#3"},
				"up": {"uv": [0.4, 0, 0, 3.75], "texture": "#3"},
				"down": {"uv": [0.4, 0, 0, 3.75], "texture": "#3"}
			}
		},
		{
			"name": "hexadecagon",
			"from": [8.898, 8.76751, -2.63355],
			"to": [8.98752, 9.21751, 0.36645],
			"rotation": {"angle": 45, "axis": "z", "origin": [8.00006, 8.04679, 5.01231]},
			"faces": {
				"north": {"uv": [0.08952, 0, 0, 0.45], "texture": "#3"},
				"south": {"uv": [0.08952, 0, 0, 0.45], "texture": "#3"},
				"up": {"uv": [0.08952, 0, 0, 3], "texture": "#3"},
				"down": {"uv": [0.08952, 0, 0, 3], "texture": "#3"}
			}
		},
		{
			"name": "hexadecagon",
			"from": [8.46433, 9.05628, -2.63355],
			"to": [8.55385, 9.50628, 0.36645],
			"rotation": {"angle": 22.5, "axis": "z", "origin": [8.00006, 8.04679, 5.01231]},
			"faces": {
				"north": {"uv": [0.08952, 0, 0, 0.45], "texture": "#3"},
				"south": {"uv": [0.08952, 0, 0, 0.45], "texture": "#3"},
				"up": {"uv": [0.08952, 0, 0, 3], "texture": "#3"},
				"down": {"uv": [0.08952, 0, 0, 3], "texture": "#3"}
			}
		},
		{
			"name": "hexadecagon",
			"from": [7.95316, 9.1571, -2.63355],
			"to": [8.04268, 9.6071, 0.36645],
			"rotation": {"angle": 0, "axis": "z", "origin": [8.00006, 8.04679, 5.01231]},
			"faces": {
				"up": {"uv": [0.08952, 0, 0, 3], "texture": "#3"},
				"down": {"uv": [0.08952, 0, 0, 3], "texture": "#3"}
			}
		},
		{
			"name": "hexadecagon",
			"from": [7.76775, 5.44018, -2.6515],
			"to": [8.23226, 6.56518, -2.014],
			"rotation": {"angle": 22.5, "axis": "x", "origin": [8.00006, 8.04679, 5.01231]},
			"faces": {
				"north": {"uv": [0.46451, 0, 0, 1.125], "rotation": 180, "texture": "#3"},
				"east": {"uv": [0, 0.6375, 1.125, 0], "rotation": 270, "texture": "#3"},
				"south": {"uv": [0.46451, 0, 0, 1.125], "texture": "#3"},
				"west": {"uv": [0, 0.6375, 1.125, 0], "rotation": 90, "texture": "#3"},
				"up": {"uv": [0.46451, 0, 0, 0.6375], "texture": "#3"},
				"down": {"uv": [0.46451, 0, 0, 0.6375], "rotation": 180, "texture": "#3"}
			}
		},
		{
			"name": "hexadecagon",
			"from": [7.76894, 9.16037, -2.63354],
			"to": [8.23345, 9.61037, -2.00854],
			"rotation": {"angle": 0, "axis": "x", "origin": [8.00006, 8.04679, 5.01231]},
			"faces": {
				"north": {"uv": [0.46451, 0, 0, 0.45], "texture": "#3"},
				"east": {"uv": [0.625, 0, 0, 0.45], "texture": "#3"},
				"south": {"uv": [0.46451, 0, 0, 0.45], "texture": "#3"},
				"west": {"uv": [0.625, 0, 0, 0.45], "texture": "#3"},
				"up": {"uv": [0.46451, 0, 0, 0.625], "texture": "#3"},
				"down": {"uv": [0.46451, 0, 0, 0.625], "texture": "#3"}
			}
		},
		{
			"name": "hexadecagon",
			"from": [7.76669, 7.87216, -3.62995],
			"to": [8.23121, 8.63466, -2.31745],
			"rotation": {"angle": 0, "axis": "x", "origin": [8.00006, 8.04679, 5.01231]},
			"faces": {
				"north": {"uv": [0.46452, 0, 0, 0.7625], "texture": "#3"},
				"east": {"uv": [1.3125, 0, 0, 0.7625], "texture": "#3"},
				"south": {"uv": [0.46452, 0, 0, 0.7625], "texture": "#3"},
				"west": {"uv": [1.3125, 0, 0, 0.7625], "texture": "#3"},
				"up": {"uv": [0.46452, 0, 0, 1.3125], "texture": "#3"},
				"down": {"uv": [0.46452, 0, 0, 1.3125], "texture": "#3"}
			}
		},
		{
			"name": "hexadecagon",
			"from": [7.76669, 8.12216, -6.25495],
			"to": [8.23121, 8.63466, -5.19245],
			"rotation": {"angle": 0, "axis": "x", "origin": [8.00006, 8.04679, 5.01231]},
			"faces": {
				"north": {"uv": [0.46452, 0, 0, 0.5125], "texture": "#3"},
				"east": {"uv": [1.0625, 0, 0, 0.5125], "texture": "#3"},
				"south": {"uv": [0.46452, 0, 0, 0.5125], "texture": "#3"},
				"west": {"uv": [1.0625, 0, 0, 0.5125], "texture": "#3"},
				"up": {"uv": [0.46452, 0, 0, 1.0625], "texture": "#3"},
				"down": {"uv": [0.46452, 0, 0, 1.0625], "texture": "#3"}
			}
		},
		{
			"name": "hexadecagon",
			"from": [7.76916, 7.8606, -6.26418],
			"to": [8.23368, 8.3731, -5.82668],
			"rotation": {"angle": 0, "axis": "x", "origin": [8.00006, 8.04679, 5.01231]},
			"faces": {
				"north": {"uv": [0.46452, 0, 0, 0.5125], "texture": "#3"},
				"east": {"uv": [0.4375, 0, 0, 0.5125], "texture": "#3"},
				"south": {"uv": [0.46452, 0, 0, 0.5125], "texture": "#3"},
				"west": {"uv": [0.4375, 0, 0, 0.5125], "texture": "#3"},
				"up": {"uv": [0.46452, 0, 0, 0.4375], "texture": "#3"},
				"down": {"uv": [0.46452, 0, 0, 0.4375], "texture": "#3"}
			}
		},
		{
			"name": "hexadecagon",
			"from": [7.76852, 12.02148, -5.07287],
			"to": [8.23303, 12.53398, -4.38537],
			"rotation": {"angle": -22.5, "axis": "x", "origin": [8.00006, 8.04679, 5.01231]},
			"faces": {
				"north": {"uv": [0.46451, 0, 0, 0.5125], "texture": "#3"},
				"east": {"uv": [0.6875, 0, 0, 0.5125], "texture": "#3"},
				"south": {"uv": [0.46451, 0, 0, 0.5125], "texture": "#3"},
				"west": {"uv": [0.6875, 0, 0, 0.5125], "texture": "#3"},
				"up": {"uv": [0.46451, 0, 0, 0.6875], "texture": "#3"},
				"down": {"uv": [0.46451, 0, 0, 0.6875], "texture": "#3"}
			}
		},
		{
			"name": "hexadecagon",
			"from": [7.79682, 8.6049, -6.21438],
			"to": [8.19883, 9.9924, -6.02688],
			"rotation": {"angle": 0, "axis": "x", "origin": [8.00006, 8.04679, 5.01231]},
			"faces": {
				"north": {"uv": [0.40201, 0, 0, 1.3875], "texture": "#3"},
				"east": {"uv": [0.1875, 0, 0, 1.3875], "texture": "#3"},
				"south": {"uv": [0.40201, 0, 0, 1.3875], "texture": "#3"},
				"west": {"uv": [0.1875, 0, 0, 1.3875], "texture": "#3"},
				"up": {"uv": [0.40201, 0, 0, 0.1875], "texture": "#3"}
			}
		},
		{
			"name": "hexadecagon",
			"from": [7.79682, 8.6049, -6.08938],
			"to": [8.19883, 8.8674, -5.38235],
			"rotation": {"angle": 0, "axis": "x", "origin": [8.00006, 8.04679, 5.01231]},
			"faces": {
				"east": {"uv": [0.70703, 0, 0, 0.2625], "texture": "#3"},
				"south": {"uv": [0.40201, 0, 0, 0.2625], "texture": "#3"},
				"west": {"uv": [0.70703, 0, 0, 0.2625], "texture": "#3"},
				"up": {"uv": [0.40201, 0, 0, 0.70703], "texture": "#3"}
			}
		},
		{
			"name": "hexadecagon",
			"from": [7.79682, 9.7299, -6.08938],
			"to": [8.19883, 9.9924, -5.75735],
			"rotation": {"angle": 0, "axis": "x", "origin": [8.00006, 8.04679, 5.01231]},
			"faces": {
				"east": {"uv": [0.33203, 0, 0, 0.2625], "texture": "#3"},
				"south": {"uv": [0.40201, 0, 0, 0.2625], "texture": "#3"},
				"west": {"uv": [0.33203, 0, 0, 0.2625], "texture": "#3"},
				"up": {"uv": [0.40201, 0, 0, 0.33203], "texture": "#3"},
				"down": {"uv": [0.40201, 0, 0, 0.33203], "texture": "#3"}
			}
		},
		{
			"name": "hexadecagon",
			"from": [7.79702, 12.49439, -4.37861],
			"to": [8.19903, 13.96392, -4.19111],
			"rotation": {"angle": -22.5, "axis": "x", "origin": [8.00006, 8.04679, 5.01231]},
			"faces": {
				"north": {"uv": [0.40201, 0, 0, 1.46953], "texture": "#3"},
				"east": {"uv": [0.1875, 0, 0, 1.46953], "texture": "#3"},
				"south": {"uv": [0.40201, 0, 0, 1.46953], "texture": "#3"},
				"west": {"uv": [0.1875, 0, 0, 1.46953], "texture": "#3"},
				"up": {"uv": [0.40201, 0, 0, 0.1875], "texture": "#3"}
			}
		},
		{
			"name": "hexadecagon",
			"from": [7.44232, 9.05464, -2.63355],
			"to": [7.53184, 9.50464, 0.36645],
			"rotation": {"angle": -22.5, "axis": "z", "origin": [8.00006, 8.04679, 5.01231]},
			"faces": {
				"north": {"uv": [0.08952, 0, 0, 0.45], "texture": "#3"},
				"south": {"uv": [0.08952, 0, 0, 0.45], "texture": "#3"},
				"up": {"uv": [0.08952, 0, 0, 3], "texture": "#3"},
				"down": {"uv": [0.08952, 0, 0, 3], "texture": "#3"}
			}
		},
		{
			"name": "hexadecagon",
			"from": [7.00958, 8.76449, -2.63355],
			"to": [7.0991, 9.21449, 0.36645],
			"rotation": {"angle": -45, "axis": "z", "origin": [8.00006, 8.04679, 5.01231]},
			"faces": {
				"north": {"uv": [0.08952, 0, 0, 0.45], "texture": "#3"},
				"south": {"uv": [0.08952, 0, 0, 0.45], "texture": "#3"},
				"up": {"uv": [0.08952, 0, 0, 3], "texture": "#3"},
				"down": {"uv": [0.08952, 0, 0, 3], "texture": "#3"}
			}
		},
		{
			"name": "hexadecagon",
			"from": [8.28409, 9.23652, -2.63355],
			"to": [8.73409, 9.32604, 0.36645],
			"rotation": {"angle": 22.5, "axis": "z", "origin": [8.00006, 8.04679, 5.01231]},
			"faces": {
				"north": {"uv": [0.45, 0, 0, 0.08952], "texture": "#3"},
				"east": {"uv": [3, 0, 0, 0.08952], "texture": "#3"},
				"south": {"uv": [0.45, 0, 0, 0.08952], "texture": "#3"},
				"west": {"uv": [3, 0, 0, 0.08952], "texture": "#3"}
			}
		},
		{
			"name": "hexadecagon",
			"from": [7.77292, 9.33734, -2.63355],
			"to": [8.22292, 9.42686, 0.36645],
			"rotation": {"angle": 0, "axis": "z", "origin": [8.00006, 8.04679, 5.01231]},
			"faces": {
				"east": {"uv": [3, 0, 0, 0.08952], "texture": "#3"},
				"west": {"uv": [3, 0, 0, 0.08952], "texture": "#3"}
			}
		},
		{
			"name": "hexadecagon",
			"from": [7.26208, 9.23488, -2.63355],
			"to": [7.71208, 9.3244, 0.36645],
			"rotation": {"angle": -22.5, "axis": "z", "origin": [8.00006, 8.04679, 5.01231]},
			"faces": {
				"north": {"uv": [0.45, 0, 0, 0.08952], "texture": "#3"},
				"east": {"uv": [3, 0, 0, 0.08952], "texture": "#3"},
				"south": {"uv": [0.45, 0, 0, 0.08952], "texture": "#3"},
				"west": {"uv": [3, 0, 0, 0.08952], "texture": "#3"}
			}
		},
		{
			"name": "hexadecagon",
			"from": [7.93257, 7.89253, -6.36519],
			"to": [7.96241, 8.04253, 0.63481],
			"rotation": {"angle": 45, "axis": "z", "origin": [8.00006, 8.04679, 5.01231]},
			"faces": {
				"north": {"uv": [0.02984, 0, 0, 0.15], "texture": "#3"},
				"east": {"uv": [7, 0, 0, 0.15], "texture": "#3"},
				"south": {"uv": [0.02984, 0, 0, 0.15], "texture": "#3"},
				"up": {"uv": [0.02984, 0, 0, 7], "texture": "#3"},
				"down": {"uv": [0.02984, 0, 0, 7], "texture": "#3"}
			}
		},
		{
			"name": "hexadecagon",
			"from": [7.9669, 7.87845, -6.36519],
			"to": [7.99674, 8.02845, 0.63481],
			"rotation": {"angle": 22.5, "axis": "z", "origin": [8.00006, 8.04679, 5.01231]},
			"faces": {
				"north": {"uv": [0.02984, 0, 0, 0.15], "texture": "#3"},
				"south": {"uv": [0.02984, 0, 0, 0.15], "texture": "#3"},
				"up": {"uv": [0.02984, 0, 0, 7], "texture": "#3"},
				"down": {"uv": [0.02984, 0, 0, 7], "texture": "#3"}
			}
		},
		{
			"name": "hexadecagon",
			"from": [8.00401, 7.87857, -6.36519],
			"to": [8.03385, 8.02857, 0.63481],
			"rotation": {"angle": 0, "axis": "z", "origin": [8.00006, 8.04679, 5.01231]},
			"faces": {
				"north": {"uv": [0.02984, 0, 0, 0.15], "texture": "#3"},
				"up": {"uv": [0.02984, 0, 0, 7], "texture": "#3"},
				"down": {"uv": [0.02984, 0, 0, 7], "texture": "#3"}
			}
		},
		{
			"name": "hexadecagon",
			"from": [8.03825, 7.89289, -6.36519],
			"to": [8.06809, 8.04289, 0.63481],
			"rotation": {"angle": -22.5, "axis": "z", "origin": [8.00006, 8.04679, 5.01231]},
			"faces": {
				"north": {"uv": [0.02984, 0, 0, 0.15], "texture": "#3"},
				"south": {"uv": [0.02984, 0, 0, 0.15], "texture": "#3"},
				"up": {"uv": [0.02984, 0, 0, 7], "texture": "#3"},
				"down": {"uv": [0.02984, 0, 0, 7], "texture": "#3"}
			}
		},
		{
			"name": "hexadecagon",
			"from": [8.0644, 7.91922, -6.36519],
			"to": [8.09424, 8.06922, 0.63481],
			"rotation": {"angle": -45, "axis": "z", "origin": [8.00006, 8.04679, 5.01231]},
			"faces": {
				"north": {"uv": [0.02984, 0, 0, 0.15], "texture": "#3"},
				"south": {"uv": [0.02984, 0, 0, 0.15], "texture": "#3"},
				"west": {"uv": [7, 0, 0, 0.15], "texture": "#3"},
				"up": {"uv": [0.02984, 0, 0, 7], "texture": "#3"},
				"down": {"uv": [0.02984, 0, 0, 7], "texture": "#3"}
			}
		},
		{
			"name": "hexadecagon",
			"from": [7.90682, 7.93854, -6.36519],
			"to": [8.05682, 7.96837, 0.63481],
			"rotation": {"angle": 22.5, "axis": "z", "origin": [8.00006, 8.04679, 5.01231]},
			"faces": {
				"north": {"uv": [0.15, 0, 0, 0.02983], "texture": "#3"},
				"east": {"uv": [7, 0, 0, 0.02983], "texture": "#3"},
				"south": {"uv": [0.15, 0, 0, 0.02983], "texture": "#3"},
				"west": {"uv": [7, 0, 0, 0.02983], "texture": "#3"},
				"down": {"uv": [0.15, 0, 0, 7], "texture": "#3"}
			}
		},
		{
			"name": "hexadecagon",
			"from": [7.94393, 7.93866, -6.36519],
			"to": [8.09393, 7.96849, 0.63481],
			"rotation": {"angle": 0, "axis": "z", "origin": [8.00006, 8.04679, 5.01231]},
			"faces": {
				"north": {"uv": [0.15, 0, 0, 0.02983], "texture": "#3"},
				"east": {"uv": [7, 0, 0, 0.02983], "texture": "#3"},
				"west": {"uv": [7, 0, 0, 0.02983], "texture": "#3"},
				"up": {"uv": [0.15, 0, 0, 7], "texture": "#3"}
			}
		},
		{
			"name": "hexadecagon",
			"from": [7.97817, 7.95298, -6.36519],
			"to": [8.12817, 7.98281, 0.63481],
			"rotation": {"angle": -22.5, "axis": "z", "origin": [8.00006, 8.04679, 5.01231]},
			"faces": {
				"north": {"uv": [0.15, 0, 0, 0.02983], "texture": "#3"},
				"east": {"uv": [7, 0, 0, 0.02983], "texture": "#3"},
				"south": {"uv": [0.15, 0, 0, 0.02983], "texture": "#3"},
				"west": {"uv": [7, 0, 0, 0.02983], "texture": "#3"},
				"up": {"uv": [0.15, 0, 0, 7], "texture": "#3"},
				"down": {"uv": [0.15, 0, 0, 7], "texture": "#3"}
			}
		},
		{
			"from": [7.6027, 8.99004, 4.27478],
			"to": [7.8902, 9.95879, 5.39978],
			"rotation": {"angle": 0, "axis": "y", "origin": [7.99913, 8.03328, 4.98882]},
			"faces": {
				"north": {"uv": [0, 0, 0, 0], "texture": "#3"},
				"east": {"uv": [0, 0, 1.125, 0.96875], "texture": "#3"},
				"south": {"uv": [0, 0, 0, 0], "texture": "#3"},
				"west": {"uv": [0, 0, 1.125, 0.96875], "texture": "#3"},
				"up": {"uv": [0, 0, 0.2875, 1.125], "texture": "#3"},
				"down": {"uv": [0, 0, 0, 0], "texture": "#3"}
			}
		},
		{
			"from": [7.6027, 8.89629, 3.96228],
			"to": [8.0152, 9.95879, 4.27478],
			"rotation": {"angle": 0, "axis": "y", "origin": [7.99913, 7.93953, 4.98882]},
			"faces": {
				"north": {"uv": [0, 0, 0, 0], "texture": "#3"},
				"east": {"uv": [0, 0, 0, 0], "texture": "#3"},
				"south": {"uv": [0, 0, 0.4125, 1.0625], "texture": "#3"},
				"west": {"uv": [0, 0, 0.3125, 1.0625], "texture": "#3"},
				"up": {"uv": [0, 0, 0.4125, 0.3125], "texture": "#3"},
				"down": {"uv": [0, 0, 0, 0], "texture": "#3"}
			}
		},
		{
			"from": [7.65987, 9.81605, 3.98577],
			"to": [8.33487, 10.12855, 6.48577],
			"rotation": {"angle": 0, "axis": "y", "origin": [8.00005, 8.04679, 5.01231]},
			"faces": {
				"north": {"uv": [0, 0, 0, 0], "texture": "#3"},
				"east": {"uv": [0, 0, 2.5, 0.3125], "texture": "#3"},
				"south": {"uv": [0, 0, 0, 0], "texture": "#3"},
				"west": {"uv": [0, 0, 2.5, 0.3125], "texture": "#3"},
				"up": {"uv": [0, 0, 0.675, 2.5], "texture": "#3"},
				"down": {"uv": [0, 0, 0, 0], "texture": "#3"}
			}
		},
		{
			"from": [7.62862, 9.81605, 5.98577],
			"to": [7.88487, 10.37855, 6.29827],
			"rotation": {"angle": 0, "axis": "y", "origin": [8.00005, 8.04679, 5.01231]},
			"faces": {
				"north": {"uv": [0, 0, 0.25625, 0.625], "texture": "#3"},
				"east": {"uv": [0, 0, 0.3125, 0.625], "texture": "#3"},
				"south": {"uv": [0, 0, 0.25625, 0.625], "texture": "#3"},
				"west": {"uv": [0, 0, 0.3125, 0.625], "texture": "#3"},
				"up": {"uv": [0, 0, 0.25625, 0.3125], "texture": "#3"},
				"down": {"uv": [0, 0, 0, 0], "texture": "#3"}
			}
		},
		{
			"from": [7.6027, 8.14629, 5.39978],
			"to": [7.92145, 9.95879, 6.58728],
			"rotation": {"angle": 0, "axis": "y", "origin": [7.99913, 8.06453, 4.98882]},
			"faces": {
				"north": {"uv": [0, 0, 0, 0], "texture": "#3"},
				"east": {"uv": [0, 0, 1.1875, 1.8125], "texture": "#3"},
				"south": {"uv": [0, 0, 0.31875, 1.8125], "texture": "#3"},
				"west": {"uv": [0, 0, 1.1875, 1.8125], "texture": "#3"},
				"up": {"uv": [0, 0, 0.31875, 1.1875], "texture": "#3"},
				"down": {"uv": [0, 0, 0, 0], "texture": "#3"}
			}
		},
		{
			"from": [7.6027, 9.29039, 6.68158],
			"to": [8.41832, 9.91539, 6.93158],
			"rotation": {"angle": -22.5, "axis": "x", "origin": [7.9402, 9.07164, 6.65033]},
			"faces": {
				"north": {"uv": [0, 0, 0, 0], "texture": "#3"},
				"east": {"uv": [0, 0.625, 0, 0.625], "rotation": 270, "texture": "#3"},
				"south": {"uv": [0, 0, 0.81562, 0.625], "texture": "#3"},
				"west": {"uv": [0, 0.625, 0, 0.625], "rotation": 90, "texture": "#3"},
				"up": {"uv": [0, 0.625, 0, 0.625], "rotation": 180, "texture": "#3"},
				"down": {"uv": [0, 0, 0, 0], "texture": "#3"}
			}
		},
		{
			"from": [7.5755, 7.25355, 5.54827],
			"to": [8.41925, 8.12855, 15.42327],
			"rotation": {"angle": 0, "axis": "y", "origin": [8.00005, 8.04679, 5.01231]},
			"faces": {
				"north": {"uv": [0, 0, 0, 0], "texture": "#3"},
				"east": {"uv": [0, 0, 9.875, 0.875], "texture": "#3"},
				"south": {"uv": [0, 0, 0, 0], "texture": "#3"},
				"west": {"uv": [0, 0, 9.875, 0.875], "rotation": 180, "texture": "#3"},
				"up": {"uv": [0, 0, 0, 0], "texture": "#3"},
				"down": {"uv": [0, 0, 0.84375, 9.875], "texture": "#3"}
			}
		},
		{
			"from": [7.5755, 8.12855, 5.54827],
			"to": [8.41925, 9.00355, 15.42327],
			"rotation": {"angle": 0, "axis": "y", "origin": [8.00005, 8.04679, 5.01231]},
			"faces": {
				"north": {"uv": [0, 0, 0, 0], "texture": "#3"},
				"east": {"uv": [0, 0, 9.875, 0.875], "texture": "#3"},
				"south": {"uv": [0, 0, 0.84375, 0.875], "texture": "#3"},
				"west": {"uv": [0, 0, 9.875, 0.875], "texture": "#3"},
				"up": {"uv": [0, 0, 0.84375, 9.875], "texture": "#3"},
				"down": {"uv": [0, 0, 0, 0], "texture": "#3"}
			}
		},
		{
			"from": [7.60362, 8.67543, 12.20452],
			"to": [8.41925, 9.37855, 14.70452],
			"rotation": {"angle": 0, "axis": "y", "origin": [8.00025, 8.0562, 5.01387]},
			"faces": {
				"north": {"uv": [2, 6.5, 2, 6.5], "rotation": 180, "texture": "#3"},
				"east": {"uv": [0, 6.5, 2, 6.5], "rotation": 90, "texture": "#3"},
				"south": {"uv": [0, 0, 0, 0], "texture": "#3"},
				"west": {"uv": [2, 6.5, 4, 6.5], "rotation": 270, "texture": "#3"},
				"up": {"uv": [2, 6.5, 2, 4.5], "rotation": 180, "texture": "#3"},
				"down": {"uv": [0, 0, 0, 0], "texture": "#3"}
			}
		},
		{
			"from": [7.6027, 12.87385, 11.97306],
			"to": [8.41832, 12.99885, 14.22306],
			"rotation": {"angle": 22.5, "axis": "x", "origin": [8.00364, 8.04961, 5.01346]},
			"faces": {
				"up": {"uv": [0, 2.985, 2, 8.985], "texture": "#4"}
			}
		},
		{
			"from": [7.60362, 8.47384, 14.47483],
			"to": [8.41925, 8.94258, 15.22483],
			"rotation": {"angle": 22.5, "axis": "x", "origin": [8.01144, 8.5754, 15.72483]},
			"faces": {
				"north": {"uv": [2, 6.5, 2, 6.5], "rotation": 180, "texture": "#3"},
				"east": {"uv": [0, 6.5, 2, 6.5], "rotation": 90, "texture": "#3"},
				"south": {"uv": [4, 6.5, 4, 6.5], "texture": "#3"},
				"west": {"uv": [2, 6.5, 4, 6.5], "rotation": 270, "texture": "#3"},
				"up": {"uv": [2, 6.5, 2, 4.5], "rotation": 180, "texture": "#3"},
				"down": {"uv": [0, 0, 0, 0], "texture": "#3"}
			}
		},
		{
			"from": [7.59917, 8.03244, 15.2899],
			"to": [8.41479, 9.09494, 15.4149],
			"rotation": {"angle": 0, "axis": "y", "origin": [8.00005, 8.04679, 5.01231]},
			"faces": {
				"north": {"uv": [0, 0, 0.81562, 1.0625], "texture": "#3"},
				"east": {"uv": [0, 0, 2.875, 1.0625], "texture": "#3"},
				"south": {"uv": [0, 0, 0.81562, 1.0625], "texture": "#3"},
				"west": {"uv": [0, 0, 2.875, 1.0625], "texture": "#3"},
				"up": {"uv": [0, 0, 0.81562, 2.875], "texture": "#3"},
				"down": {"uv": [0, 0, 0, 0], "texture": "#3"}
			}
		},
		{
			"from": [7.69217, 9.1987, 6.57952],
			"to": [7.75779, 9.8237, 14.70452],
			"rotation": {"angle": -22.5, "axis": "z", "origin": [8.09998, 9.5112, 9.95452]},
			"faces": {
				"west": {"uv": [0, 0, 15.125, 2.625], "rotation": 270, "texture": "#4"}
			}
		},
		{
			"from": [8.26508, 9.1987, 6.57952],
			"to": [8.3307, 9.8237, 14.70452],
			"rotation": {"angle": 22.5, "axis": "z", "origin": [7.92289, 9.5112, 9.95452]},
			"faces": {
				"east": {"uv": [0, 10.258, 15.125, 12.883], "rotation": 90, "texture": "#4"}
			}
		},
		{
			"from": [7.84569, 9.26847, 6.45452],
			"to": [8.18007, 9.95597, 13.34514],
			"rotation": {"angle": 0, "axis": "y", "origin": [8.25775, 8.06171, 6.16856]},
			"faces": {
				"north": {"uv": [0, 0, 0, 0], "texture": "#3"},
				"east": {"uv": [0, 3.375, 1, 4.375], "texture": "#3"},
				"south": {"uv": [2, 3.375, 2, 4.375], "texture": "#3"},
				"west": {"uv": [1, 3.375, 2, 4.375], "texture": "#3"},
				"up": {"uv": [0, 0, 0.33437, 6.76562], "texture": "#3"},
				"down": {"uv": [0, 0, 0, 0], "texture": "#3"}
			}
		},
		{
			"from": [8.09957, 8.14629, 5.39978],
			"to": [8.41832, 9.95879, 6.58728],
			"rotation": {"angle": 0, "axis": "y", "origin": [8.496, 8.06453, 4.98882]},
			"faces": {
				"north": {"uv": [0, 0, 0, 0], "texture": "#3"},
				"east": {"uv": [0, 0, 1.1875, 1.8125], "texture": "#3"},
				"south": {"uv": [0, 0, 0.31875, 1.8125], "texture": "#3"},
				"west": {"uv": [0, 0, 1.1875, 1.8125], "texture": "#3"},
				"up": {"uv": [0, 0, 0.31875, 1.1875], "texture": "#3"},
				"down": {"uv": [0, 0, 0, 0], "texture": "#3"}
			}
		},
		{
			"from": [8.13082, 8.99004, 4.27478],
			"to": [8.41832, 9.95879, 5.39978],
			"rotation": {"angle": 0, "axis": "y", "origin": [8.52725, 8.03328, 4.98882]},
			"faces": {
				"north": {"uv": [0, 0, 0, 0], "texture": "#3"},
				"east": {"uv": [0, 0, 1.125, 0.96875], "texture": "#3"},
				"south": {"uv": [0, 0, 0, 0], "texture": "#3"},
				"west": {"uv": [0, 0, 1.125, 0.96875], "texture": "#3"},
				"up": {"uv": [0, 0, 0.2875, 1.125], "texture": "#3"},
				"down": {"uv": [0, 0, 0, 0], "texture": "#3"}
			}
		},
		{
			"from": [8.00582, 8.89629, 3.96228],
			"to": [8.41832, 9.95879, 4.27478],
			"rotation": {"angle": 0, "axis": "y", "origin": [8.40225, 7.93953, 4.98882]},
			"faces": {
				"north": {"uv": [0, 0, 0, 0], "texture": "#3"},
				"east": {"uv": [0, 0, 0.3125, 1.0625], "texture": "#3"},
				"south": {"uv": [0, 0, 0.4125, 1.0625], "texture": "#3"},
				"west": {"uv": [0, 0, 0, 0], "texture": "#3"},
				"up": {"uv": [0, 0, 0.4125, 0.3125], "texture": "#3"},
				"down": {"uv": [0, 0, 0, 0], "texture": "#3"}
			}
		},
		{
			"from": [7.65987, 9.83515, 6.26757],
			"to": [8.33487, 10.08515, 6.83007],
			"rotation": {"angle": -22.5, "axis": "x", "origin": [7.99737, 9.2414, 6.54882]},
			"faces": {
				"north": {"uv": [0, 0, 0, 0], "texture": "#3"},
				"east": {"uv": [0, 0.625, 0, 0.625], "rotation": 270, "texture": "#3"},
				"south": {"uv": [0, 0, 0.675, 0.25], "texture": "#3"},
				"west": {"uv": [0, 0.625, 0, 0.625], "rotation": 90, "texture": "#3"},
				"up": {"uv": [0, 0, 0, 0], "texture": "#3"},
				"down": {"uv": [0, 0, 0, 0], "texture": "#3"}
			}
		},
		{
			"from": [8.10987, 9.94105, 5.98577],
			"to": [8.39737, 10.37855, 6.29827],
			"rotation": {"angle": 0, "axis": "y", "origin": [8.00005, 8.04679, 5.01231]},
			"faces": {
				"north": {"uv": [0, 0, 0.2875, 0.5], "texture": "#3"},
				"east": {"uv": [0, 0, 0.3125, 0.5], "texture": "#3"},
				"south": {"uv": [0, 0, 0.2875, 0.5], "texture": "#3"},
				"west": {"uv": [0, 0, 0.3125, 0.5], "texture": "#3"},
				"up": {"uv": [0, 0, 0.2875, 0.3125], "texture": "#3"},
				"down": {"uv": [0, 0, 0, 0], "texture": "#3"}
			}
		},
		{
			"from": [7.60362, 8.50355, 6.57952],
			"to": [8.39112, 9.37855, 12.20452],
			"rotation": {"angle": 0, "axis": "y", "origin": [8.00005, 8.04679, 5.01231]},
			"faces": {
				"north": {"uv": [0, 0, 0, 0], "texture": "#3"},
				"east": {"uv": [0, 5, 5, 5], "texture": "#1"},
				"south": {"uv": [0, 0, 0, 0], "texture": "#3"},
				"west": {"uv": [5, 5, 10, 5], "texture": "#3"},
				"up": {"uv": [0, 0, 0, 0], "texture": "#3"},
				"down": {"uv": [0, 0, 0, 0], "texture": "#3"}
			}
		},
		{
			"from": [8.67237, 9.0348, 6.67327],
			"to": [9.07862, 9.3473, 6.79827],
			"rotation": {"angle": 0, "axis": "y", "origin": [8.00005, 8.07804, 5.01231]},
			"faces": {
				"north": {"uv": [0, 0, 0.40625, 0.3125], "texture": "#3"},
				"east": {"uv": [0, 0, 0.125, 0.3125], "texture": "#3"},
				"south": {"uv": [0, 0, 0.40625, 0.3125], "texture": "#3"},
				"west": {"uv": [0, 0, 0.125, 0.3125], "texture": "#3"},
				"up": {"uv": [0, 0, 0.40625, 0.125], "texture": "#3"},
				"down": {"uv": [0, 0, 0.40625, 0.125], "texture": "#3"}
			}
		},
		{
			"from": [8.22237, 9.0973, 6.67327],
			"to": [8.77237, 9.2848, 6.79827],
			"rotation": {"angle": 0, "axis": "y", "origin": [8.00005, 8.07804, 5.01231]},
			"faces": {
				"north": {"uv": [0, 0, 0.55, 0.1875], "texture": "#3"},
				"east": {"uv": [0, 0, 0, 0], "texture": "#3"},
				"south": {"uv": [0, 0, 0.55, 0.1875], "texture": "#3"},
				"west": {"uv": [0, 0, 0, 0], "texture": "#3"},
				"up": {"uv": [0, 0, 0.55, 0.125], "texture": "#3"},
				"down": {"uv": [0, 0, 0.55, 0.125], "texture": "#3"}
			}
		}
	],
	"display": {
		"thirdperson_righthand": {
			"translation": [-1.5, 0.75, -2.5],
			"scale": [0.75, 0.75, 0.75]
		},
		"thirdperson_lefthand": {
			"translation": [-1.5, 0.75, -2.5],
			"scale": [0.75, 0.75, 0.75]
		},
		"firstperson_righthand": {
			"translation": [-8.97, 1.9, -8],
			"scale": [2.75, 2.75, 2.21]
		},
		"firstperson_lefthand": {
			"translation": [-9.145, 1.4, -9.25],
			"scale": [3, 3, 3]
		},
		"ground": {
			"rotation": [0, 0, 90],
			"translation": [0, -3, 0],
			"scale": [0.9, 0.9, 0.9]
		},
		"gui": {
			"rotation": [-90, 135, 90],
			"translation": [0, 0.5, 0],
			"scale": [0.6, 0.6, 0.6]
		},
		"fixed": {
			"rotation": [90, 45, -90],
			"translation": [0, 0.25, -1.75],
			"scale": [1.5, 1.5, 1.5]
		}
	},
	"groups": [
		{
			"name": "group",
			"origin": [8.00006, 8.04679, 5.01231],
			"children": [0, 1, 2, 3, 4, 5, 6, 7, 8, 9, 10, 11, 12, 13, 14, 15, 16, 17, 18, 19, 20, 21, 22, 23, 24, 25, 26, 27, 28, 29, 30, 31, 32, 33, 34, 35, 36, 37, 38, 39, 40, 41, 42, 43,
				{
					"name": "group",
					"origin": [7.8513, 10.38775, -5.98298],
					"children": [44, 45, 46, 47, 48, 49, 50]
				}, 51, 52, 53, 54, 55, 56, 57, 58, 59, 60, 61, 62, 63, 64, 65, 66, 67, 68, 69, 70, 71, 72, 73, 74, 75, 76, 77, 78, 79, 80, 81, 82, 83, 84, 85, 86, 87, 88, 89, 90, 91, 92, 93, 94, 95, 96, 97, 98, 99, 100, 101, 102, 103]
		},
		{
			"name": "group",
			"origin": [8.00005, 8.07804, 5.01231],
			"children": [104, 105, 106, 107, 108, 109, 110, 111, 112, 113, 114, 115, 116, 117, 118, 119, 120, 121, 122, 123, 124, 125, 126]
		}
	]
}