{
	"credit": "Made with Blockbench",
	"textures": {
		"0": "gui/gtable",
		"particle": "gui/gtable"
	},
	"elements": [
		{
			"from": [-16, -0.0625, 8],
			"to": [32, 16.0625, 8],
			"faces": {
				"north": {"uv": [0, 0, 16, 5.333], "texture": "#0"},
				"east": {"uv": [0, 0, 16, 5.333], "texture": "#0"},
				"south": {"uv": [0, 0, 16, 5.333], "texture": "#0"},
				"west": {"uv": [0, 0, 16, 5.333], "texture": "#0"},
				"up": {"uv": [0, 0, 16, 5.333], "texture": "#0"},
				"down": {"uv": [0, 0, 16, 5.333], "texture": "#0"}
			}
		}
	],
	"gui_light": "front",
	"display": {
		"gui": {
			"translation": [72.1, -18.2, -80],
			"scale": [3.38, 3.36, 4]
		}
	}
}