{
	"credit": "Made with Blockbench",
	"texture_size": [64, 64],
	"textures": {
		"0": "hats/gasmask",
		"particle": "hats/gasmask"
	},
	"elements": [
		{
			"from": [0, 0, 0],
			"to": [16, 16, 8],
			"faces": {
				"north": {"uv": [2, 2, 6, 6], "texture": "#0"},
				"east": {"uv": [0, 2, 2, 6], "texture": "#0"},
				"south": {"uv": [8, 2, 12, 6], "texture": "#0"},
				"west": {"uv": [6, 2, 8, 6], "texture": "#0"},
				"up": {"uv": [6, 2, 2, 0], "texture": "#0"},
				"down": {"uv": [10, 0, 6, 2], "texture": "#0"}
			}
		},
		{
			"from": [5, 1, -4.125],
			"to": [11, 7, -0.125],
			"rotation": {"angle": 0, "axis": "y", "origin": [5, 8, 8]},
			"faces": {
				"north": {"uv": [1, 9.25, 2.5, 10.75], "texture": "#0"},
				"east": {"uv": [0, 9.25, 1, 10.75], "texture": "#0"},
				"south": {"uv": [3.5, 9.25, 5, 10.75], "texture": "#0"},
				"west": {"uv": [2.5, 9.25, 3.5, 10.75], "texture": "#0"},
				"up": {"uv": [2.5, 9.25, 1, 8.25], "texture": "#0"},
				"down": {"uv": [4, 8.25, 2.5, 9.25], "texture": "#0"}
			}
		},
		{
			"from": [9, 7, -1],
			"to": [15, 13, 0],
			"rotation": {"angle": 0, "axis": "y", "origin": [5, 8.5, 8.5]},
			"faces": {
				"north": {"uv": [5.75, 9.25, 7.25, 10.75], "texture": "#0"},
				"east": {"uv": [5.5, 9.25, 5.75, 10.75], "texture": "#0"},
				"west": {"uv": [7.25, 9.25, 7.5, 10.75], "texture": "#0"},
				"up": {"uv": [7.25, 9.25, 5.75, 9], "texture": "#0"},
				"down": {"uv": [8.75, 9, 7.25, 9.25], "texture": "#0"}
			}
		},
		{
			"from": [1, 7, -1],
			"to": [7, 13, 0],
			"rotation": {"angle": 0, "axis": "y", "origin": [11, 8.5, 8.5]},
			"faces": {
				"north": {"uv": [9.75, 9.25, 11.25, 10.75], "texture": "#0"},
				"east": {"uv": [9.5, 9.25, 9.75, 10.75], "texture": "#0"},
				"west": {"uv": [11.25, 9.25, 11.5, 10.75], "texture": "#0"},
				"up": {"uv": [11.25, 9.25, 9.75, 9], "texture": "#0"},
				"down": {"uv": [12.75, 9, 11.25, 9.25], "texture": "#0"}
			}
		},
		{
			"from": [-2.25, -1.125, -3.75],
			"to": [1.75, 4.875, 2.25],
			"rotation": {"angle": -45, "axis": "y", "origin": [0.75, 1.875, -0.5]},
			"faces": {
				"north": {"uv": [7.5, 7.5, 8.5, 9], "texture": "#0"},
				"east": {"uv": [6, 7.5, 7.5, 9], "texture": "#0"},
				"south": {"uv": [10, 7.5, 11, 9], "texture": "#0"},
				"west": {"uv": [8.5, 7.5, 10, 9], "texture": "#0"},
				"up": {"uv": [8.5, 7.5, 7.5, 6], "texture": "#0"},
				"down": {"uv": [9.5, 6, 8.5, 7.5], "texture": "#0"}
			}
		},
		{
			"from": [1.75, 1.125, -1.75],
			"to": [2.75, 4.125, 0.375],
			"rotation": {"angle": -45, "axis": "y", "origin": [0.75, 1.875, -0.5]},
			"faces": {
				"north": {"uv": [0.5, 0.5, 0.75, 1.25], "texture": "#0"},
				"up": {"uv": [0.75, 0.5, 0.5, 0], "texture": "#0"},
				"down": {"uv": [1, 0, 0.75, 0.5], "texture": "#0"}
			}
		},
		{
			"from": [6, 15, 8],
			"to": [10, 16, 16],
			"rotation": {"angle": 0, "axis": "y", "origin": [2, 8, 8]},
			"faces": {
				"east": {"uv": [0, 8, 2, 8.25], "texture": "#0"},
				"south": {"uv": [5, 8, 6, 8.25], "texture": "#0"},
				"west": {"uv": [3, 8, 5, 8.25], "texture": "#0"},
				"up": {"uv": [3, 8, 2, 6], "texture": "#0"},
				"down": {"uv": [4, 6, 3, 8], "texture": "#0"}
			}
		},
		{
			"from": [10, 4, 15],
			"to": [16, 8, 16],
			"rotation": {"angle": 0, "axis": "y", "origin": [2, 8, 8]},
			"faces": {
				"north": {"uv": [9.75, 6.25, 11.25, 7.25], "texture": "#0"},
				"east": {"uv": [9.5, 6.25, 9.75, 7.25], "texture": "#0"},
				"south": {"uv": [11.5, 6.25, 13, 7.25], "texture": "#0"},
				"up": {"uv": [11.25, 6.25, 9.75, 6], "texture": "#0"},
				"down": {"uv": [12.75, 6, 11.25, 6.25], "texture": "#0"}
			}
		},
		{
			"from": [15, 4, 8],
			"to": [16, 8, 15],
			"rotation": {"angle": 0, "axis": "y", "origin": [2, 8, 8]},
			"faces": {
				"east": {"uv": [3.25, 10.75, 5, 11.75], "texture": "#0"},
				"west": {"uv": [5.25, 10.75, 7, 11.75], "texture": "#0"},
				"up": {"uv": [5.25, 10.75, 5, 9], "texture": "#0"},
				"down": {"uv": [5.5, 9, 5.25, 10.75], "texture": "#0"}
			}
		},
		{
			"from": [0, 4, 8],
			"to": [1, 8, 15],
			"rotation": {"angle": 0, "axis": "y", "origin": [2, 8, 8]},
			"faces": {
				"east": {"uv": [7.25, 10.75, 9, 11.75], "texture": "#0"},
				"west": {"uv": [9.25, 10.75, 11, 11.75], "texture": "#0"},
				"up": {"uv": [9.25, 10.75, 9, 9], "texture": "#0"},
				"down": {"uv": [9.5, 9, 9.25, 10.75], "texture": "#0"}
			}
		},
		{
			"from": [0, 4, 15],
			"to": [6, 8, 16],
			"rotation": {"angle": 0, "axis": "y", "origin": [2, 8, 8]},
			"faces": {
				"north": {"uv": [4.25, 6.25, 5.75, 7.25], "texture": "#0"},
				"south": {"uv": [6, 6.25, 7.5, 7.25], "texture": "#0"},
				"west": {"uv": [5.75, 6.25, 6, 7.25], "texture": "#0"},
				"up": {"uv": [5.75, 6.25, 4.25, 6], "texture": "#0"},
				"down": {"uv": [7.25, 6, 5.75, 6.25], "texture": "#0"}
			}
		},
		{
			"from": [6, 4, 15],
			"to": [10, 15, 16],
			"rotation": {"angle": 0, "axis": "y", "origin": [2, 8, 8]},
			"faces": {
				"north": {"uv": [0.25, 11, 1.25, 13.75], "texture": "#0"},
				"east": {"uv": [0, 11, 0.25, 13.75], "texture": "#0"},
				"south": {"uv": [1.5, 11, 2.5, 13.75], "texture": "#0"},
				"west": {"uv": [1.25, 11, 1.5, 13.75], "texture": "#0"},
				"down": {"uv": [2.25, 10.75, 1.25, 11], "texture": "#0"}
			}
		}
	],
	"display": {
		"thirdperson_righthand": {
			"rotation": [75, 45, 0],
			"translation": [0, 2.5, 0],
			"scale": [0.375, 0.375, 0.375]
		},
		"thirdperson_lefthand": {
			"rotation": [75, 45, 0],
			"translation": [0, 2.5, 0],
			"scale": [0.375, 0.375, 0.375]
		},
		"firstperson_righthand": {
			"rotation": [0, 135, 0],
			"scale": [0.4, 0.4, 0.4]
		},
		"firstperson_lefthand": {
			"rotation": [0, 135, 0],
			"scale": [0.4, 0.4, 0.4]
		},
		"ground": {
			"translation": [0, 3, 0],
			"scale": [0.5, 0.5, 0.5]
		},
		"gui": {
			"rotation": [30, 225, 0],
			"translation": [-0.75, 0.75, 0],
			"scale": [0.59, 0.59, 0.59]
		},
		"head": {
			"scale": [0.81, 0.81, 0.81]
		}
	}
}