{
	"credit": "Made with Blockbench",
	"textures": {
		"1": "guns/gunmetal3",
		"3": "guns/gunmetal4",
		"4": "guns/gunmetal5",
		"5": "guns/gunmetal8",
		"6": "guns/gunmetal2",
		"7": "guns/gunmetal6",
		"particle": "guns/gunmetal4"
	},
	"elements": [
		{
			"name": "hexadecagon",
			"from": [7.49921, 8.30727, -0.14462],
			"to": [7.74921, 9.64396, 11.85538],
			"rotation": {"angle": 0, "axis": "z", "origin": [7.99921, 8.81936, -0.89462]},
			"faces": {
				"north": {"uv": [0, 0, 0.175, 0.88], "texture": "#3"},
				"east": {"uv": [0, 12, 12, 13.33669], "texture": "#3"},
				"south": {"uv": [24, 12, 24.25, 13.33669], "texture": "#3"},
				"west": {"uv": [0, 0, 12, 1.33669], "texture": "#3"},
				"up": {"uv": [12, 12, 12.25, 0], "texture": "#3"},
				"down": {"uv": [12, 0, 12.25, 12], "texture": "#3"}
			}
		},
		{
			"name": "hexadecagon",
			"from": [8.24921, 8.30727, -0.14462],
			"to": [8.49921, 9.64396, 11.85538],
			"rotation": {"angle": 0, "axis": "z", "origin": [7.99921, 8.81936, -0.89462]},
			"faces": {
				"north": {"uv": [0, 0, 0.175, 0.88], "texture": "#3"},
				"east": {"uv": [0, 12, 12, 13.33669], "texture": "#3"},
				"west": {"uv": [0, 0, 12, 1.33669], "texture": "#3"},
				"up": {"uv": [12, 12, 12.25, 0], "texture": "#3"},
				"down": {"uv": [12, 0, 12.25, 12], "texture": "#3"}
			}
		},
		{
			"name": "hexadecagon",
			"from": [7.87421, 9.43227, 4.29288],
			"to": [8.12421, 10.08146, 4.66788],
			"rotation": {"angle": 0, "axis": "z", "origin": [7.62421, 8.75686, -2.20712]},
			"faces": {
				"east": {"uv": [0, 0, 0.375, 0.64919], "texture": "#1"},
				"south": {"uv": [0, 0, 0.25, 0.64919], "texture": "#1"},
				"west": {"uv": [0, 0, 0.375, 0.64919], "texture": "#1"},
				"up": {"uv": [0, 0, 0.25, 0.375], "texture": "#1"}
			}
		},
		{
			"name": "hexadecagon",
			"from": [7.87421, 9.43227, 4.16788],
			"to": [8.12421, 9.89396, 4.66788],
			"rotation": {"angle": 0, "axis": "z", "origin": [7.62421, 8.75686, -2.20712]},
			"faces": {
				"north": {"uv": [0, 0, 0.175, 0.88], "texture": "#1"},
				"east": {"uv": [0, 0, 0.5, 0.46169], "texture": "#1"},
				"west": {"uv": [0, 0, 0.5, 0.46169], "texture": "#1"},
				"up": {"uv": [0, 0, 0.25, 0.5], "texture": "#1"}
			}
		},
		{
			"name": "hexadecagon",
			"from": [7.87366, 9.35542, 3.39817],
			"to": [8.12366, 9.81711, 4.27317],
			"rotation": {"angle": -22.5, "axis": "x", "origin": [7.99168, 9.59087, 4.02554]},
			"faces": {
				"east": {"uv": [0, 0, 0.875, 0.46169], "texture": "#1"},
				"south": {"uv": [0, 0, 0.25, 0.46169], "texture": "#1"},
				"west": {"uv": [0, 0, 0.875, 0.46169], "texture": "#1"},
				"up": {"uv": [0, 0, 0.25, 0.875], "texture": "#1"}
			}
		},
		{
			"name": "hexadecagon",
			"from": [7.87421, 9.83852, 4.29288],
			"to": [8.12421, 10.33146, 4.41788],
			"rotation": {"angle": 22.5, "axis": "x", "origin": [7.99125, 10.16783, 4.35863]},
			"faces": {
				"north": {"uv": [0, 0, 0.175, 0.88], "texture": "#1"},
				"east": {"uv": [0, 0, 0.125, 0.49294], "texture": "#1"},
				"south": {"uv": [0, 0, 0.25, 0.49294], "texture": "#1"},
				"west": {"uv": [0, 0, 0.125, 0.49294], "texture": "#1"},
				"up": {"uv": [0, 0, 0.25, 0.125], "texture": "#1"}
			}
		},
		{
			"name": "hexadecagon",
			"from": [7.87312, 9.94992, 4.2515],
			"to": [8.12312, 10.59911, 4.564],
			"rotation": {"angle": -22.5, "axis": "x", "origin": [7.99093, 10.27918, 4.28528]},
			"faces": {
				"north": {"uv": [0, 0, 0.175, 0.88], "texture": "#1"},
				"east": {"uv": [0, 0, 0.3125, 0.64919], "texture": "#1"},
				"south": {"uv": [0, 0, 0.25, 0.64919], "texture": "#1"},
				"west": {"uv": [0, 0, 0.3125, 0.64919], "texture": "#1"},
				"up": {"uv": [0, 0, 0.25, 0.3125], "texture": "#1"},
				"down": {"uv": [0, 0, 0.25, 0.3125], "texture": "#1"}
			}
		},
		{
			"name": "hexadecagon",
			"from": [7.87339, 10.59586, 4.14183],
			"to": [8.12339, 10.81461, 4.36058],
			"rotation": {"angle": 22.5, "axis": "x", "origin": [7.99119, 10.5984, 4.05551]},
			"faces": {
				"north": {"uv": [0, 0, 0.175, 0.88], "rotation": 180, "texture": "#1"},
				"east": {"uv": [0, 0, 0.21875, 0.21875], "rotation": 180, "texture": "#1"},
				"south": {"uv": [0, 0, 0.25, 0.21875], "rotation": 180, "texture": "#1"},
				"west": {"uv": [0, 0, 0.21875, 0.21875], "rotation": 180, "texture": "#1"},
				"up": {"uv": [0, 0, 0.25, 0.21875], "rotation": 180, "texture": "#1"},
				"down": {"uv": [0, 0, 0.25, 0.21875], "rotation": 180, "texture": "#1"}
			}
		},
		{
			"name": "hexadecagon",
			"from": [7.74921, 8.30727, -0.14462],
			"to": [8.24921, 9.64396, 2.98038],
			"rotation": {"angle": 0, "axis": "z", "origin": [7.99921, 8.81936, -0.89462]},
			"faces": {
				"north": {"uv": [0, 0, 0.175, 0.88], "texture": "#3"},
				"south": {"uv": [6, 3, 6.5, 4.33669], "texture": "#3"},
				"up": {"uv": [3, 3.125, 3.5, 0], "texture": "#3"}
			}
		},
		{
			"name": "hexadecagon",
			"from": [7.74921, 8.30727, 9.60538],
			"to": [8.24921, 9.64396, 11.85538],
			"rotation": {"angle": 0, "axis": "z", "origin": [7.99921, 8.81936, -0.89462]},
			"faces": {
				"north": {"uv": [0, 0, 0.175, 0.88], "texture": "#3"},
				"up": {"uv": [2, 2.25, 2.5, 0], "texture": "#3"}
			}
		},
		{
			"name": "hexadecagon",
			"from": [7.74921, 8.30727, 2.98038],
			"to": [8.24921, 9.58146, 9.60538],
			"rotation": {"angle": 0, "axis": "z", "origin": [7.99921, 8.81936, -0.89462]},
			"faces": {
				"up": {"uv": [6, 6.625, 6.5, 0], "texture": "#6"}
			}
		},
		{
			"name": "hexadecagon",
			"from": [7.53046, 10.95571, 0.41788],
			"to": [7.71796, 11.53459, 11.29288],
			"rotation": {"angle": 0, "axis": "z", "origin": [8.03046, 8.81936, -0.89462]},
			"faces": {
				"north": {"uv": [0, 0, 0.175, 0.88], "texture": "#3"},
				"east": {"uv": [0, 10, 10.875, 10.57888], "texture": "#3"},
				"south": {"uv": [20, 10, 20.1875, 10.57888], "texture": "#3"},
				"west": {"uv": [0, 0, 10.875, 0.57888], "texture": "#3"},
				"up": {"uv": [10, 10.875, 10.1875, 0], "texture": "#3"},
				"down": {"uv": [10, 0, 10.1875, 10.875], "texture": "#3"}
			}
		},
		{
			"name": "hexadecagon",
			"from": [8.28046, 10.95571, 0.41788],
			"to": [8.46796, 11.53459, 11.29288],
			"rotation": {"angle": 0, "axis": "z", "origin": [8.78046, 8.81936, -0.89462]},
			"faces": {
				"north": {"uv": [0, 0, 0.175, 0.88], "texture": "#3"},
				"east": {"uv": [0, 10, 10.875, 10.57888], "texture": "#3"},
				"south": {"uv": [20, 10, 20.1875, 10.57888], "texture": "#3"},
				"west": {"uv": [0, 0, 10.875, 0.57888], "texture": "#3"},
				"up": {"uv": [10, 10.875, 10.1875, 0], "texture": "#3"},
				"down": {"uv": [10, 0, 10.1875, 10.875], "texture": "#3"}
			}
		},
		{
			"name": "hexadecagon",
			"from": [7.53046, 9.64321, 10.48038],
			"to": [7.71796, 10.9799, 11.85538],
			"rotation": {"angle": 0, "axis": "z", "origin": [8.03046, 8.81936, -0.89462]},
			"faces": {
				"north": {"uv": [0, 0, 0.175, 0.88], "texture": "#3"},
				"east": {"uv": [0, 1, 1.375, 2.33669], "texture": "#3"},
				"south": {"uv": [2, 1, 2.1875, 2.33669], "texture": "#3"},
				"west": {"uv": [0, 0, 1.375, 1.33669], "texture": "#3"}
			}
		},
		{
			"name": "hexadecagon",
			"from": [8.28046, 9.64321, 10.48038],
			"to": [8.46796, 10.9799, 11.85538],
			"rotation": {"angle": 0, "axis": "z", "origin": [8.78046, 8.81936, -0.89462]},
			"faces": {
				"north": {"uv": [0, 0, 0.175, 0.88], "texture": "#3"},
				"east": {"uv": [0, 1, 1.375, 2.33669], "texture": "#3"},
				"south": {"uv": [2, 1, 2.1875, 2.33669], "texture": "#3"},
				"west": {"uv": [0, 0, 1.375, 1.33669], "texture": "#3"}
			}
		},
		{
			"name": "hexadecagon",
			"from": [7.53046, 10.94999, 11.06669],
			"to": [7.71796, 11.22418, 11.75419],
			"rotation": {"angle": -45, "axis": "x", "origin": [7.65546, 11.08709, 11.41044]},
			"faces": {
				"east": {"uv": [0, 0, 0.6875, 0.27419], "texture": "#3"},
				"south": {"uv": [0, 0, 0.1875, 0.27419], "texture": "#3"},
				"west": {"uv": [0, 0, 0.6875, 0.27419], "texture": "#3"}
			}
		},
		{
			"name": "hexadecagon",
			"from": [8.28046, 10.94999, 11.06669],
			"to": [8.46796, 11.22418, 11.75419],
			"rotation": {"angle": -45, "axis": "x", "origin": [8.40546, 11.08709, 11.41044]},
			"faces": {
				"east": {"uv": [0, 0, 0.6875, 0.27419], "texture": "#3"},
				"south": {"uv": [0, 0, 0.1875, 0.27419], "texture": "#3"},
				"west": {"uv": [0, 0, 0.6875, 0.27419], "texture": "#3"}
			}
		},
		{
			"name": "hexadecagon",
			"from": [7.53046, 10.94999, -0.04326],
			"to": [7.71796, 11.22418, 0.64424],
			"rotation": {"angle": 45, "axis": "x", "origin": [7.65546, 11.08709, 0.30049]},
			"faces": {
				"north": {"uv": [0, 0, 0.175, 0.88], "texture": "#3"},
				"east": {"uv": [0, 0, 0.6875, 0.27419], "texture": "#3"},
				"west": {"uv": [0, 0, 0.6875, 0.27419], "texture": "#3"},
				"up": {"uv": [0, 0, 0.1875, 0.6875], "texture": "#3"},
				"down": {"uv": [0, 0, 0.1875, 0.6875], "texture": "#3"}
			}
		},
		{
			"name": "hexadecagon",
			"from": [8.28046, 10.94999, -0.04326],
			"to": [8.46796, 11.22418, 0.64424],
			"rotation": {"angle": 45, "axis": "x", "origin": [8.40546, 11.08709, 0.30049]},
			"faces": {
				"north": {"uv": [0, 0, 0.175, 0.88], "texture": "#3"},
				"east": {"uv": [0, 0, 0.6875, 0.27419], "texture": "#3"},
				"west": {"uv": [0, 0, 0.6875, 0.27419], "texture": "#3"},
				"up": {"uv": [0, 0, 0.1875, 0.6875], "texture": "#3"},
				"down": {"uv": [0, 0, 0.1875, 0.6875], "texture": "#3"}
			}
		},
		{
			"name": "hexadecagon",
			"from": [7.53046, 10.81823, 11.15346],
			"to": [7.71796, 11.50573, 11.43546],
			"rotation": {"angle": 22.5, "axis": "x", "origin": [7.65546, 11.16198, 11.29836]},
			"faces": {
				"north": {"uv": [0, 0, 0.175, 0.88], "rotation": 180, "texture": "#3"},
				"east": {"uv": [0, 0, 0.282, 0.6875], "rotation": 180, "texture": "#3"},
				"west": {"uv": [0, 0, 0.282, 0.6875], "rotation": 180, "texture": "#3"},
				"up": {"uv": [0, 0, 0.1875, 0.282], "rotation": 180, "texture": "#3"}
			}
		},
		{
			"name": "hexadecagon",
			"from": [8.28046, 10.81823, 11.15346],
			"to": [8.46796, 11.50573, 11.43546],
			"rotation": {"angle": 22.5, "axis": "x", "origin": [8.40546, 11.16198, 11.29836]},
			"faces": {
				"north": {"uv": [0, 0, 0.175, 0.88], "rotation": 180, "texture": "#3"},
				"east": {"uv": [0, 0, 0.282, 0.6875], "rotation": 180, "texture": "#3"},
				"west": {"uv": [0, 0, 0.282, 0.6875], "rotation": 180, "texture": "#3"},
				"up": {"uv": [0, 0, 0.1875, 0.282], "rotation": 180, "texture": "#3"}
			}
		},
		{
			"name": "hexadecagon",
			"from": [7.53046, 10.81823, 0.27548],
			"to": [7.71796, 11.50573, 0.55748],
			"rotation": {"angle": -22.5, "axis": "x", "origin": [7.65546, 11.16198, 0.41257]},
			"faces": {
				"north": {"uv": [0, 0, 0.175, 0.88], "texture": "#3"},
				"east": {"uv": [0, 0, 0.282, 0.6875], "texture": "#3"},
				"south": {"uv": [0, 0, 0.1875, 0.6875], "texture": "#3"},
				"west": {"uv": [0, 0, 0.282, 0.6875], "texture": "#3"},
				"up": {"uv": [0, 0, 0.1875, 0.282], "texture": "#3"}
			}
		},
		{
			"name": "hexadecagon",
			"from": [8.28046, 10.81823, 0.27548],
			"to": [8.46796, 11.50573, 0.55748],
			"rotation": {"angle": -22.5, "axis": "x", "origin": [8.40546, 11.16198, 0.41257]},
			"faces": {
				"north": {"uv": [0, 0, 0.175, 0.88], "texture": "#3"},
				"east": {"uv": [0, 0, 0.282, 0.6875], "texture": "#3"},
				"south": {"uv": [0, 0, 0.1875, 0.6875], "texture": "#3"},
				"west": {"uv": [0, 0, 0.282, 0.6875], "texture": "#3"},
				"up": {"uv": [0, 0, 0.1875, 0.282], "texture": "#3"}
			}
		},
		{
			"name": "hexadecagon",
			"from": [7.53046, 10.83791, 11.14158],
			"to": [7.71796, 11.1121, 11.82908],
			"rotation": {"angle": -22.5, "axis": "x", "origin": [7.65546, 10.97501, 11.48533]},
			"faces": {
				"east": {"uv": [0, 0, 0.6875, 0.27419], "texture": "#3"},
				"south": {"uv": [0, 0, 0.1875, 0.27419], "texture": "#3"},
				"west": {"uv": [0, 0, 0.6875, 0.27419], "texture": "#3"}
			}
		},
		{
			"name": "hexadecagon",
			"from": [8.28046, 10.83791, 11.14158],
			"to": [8.46796, 11.1121, 11.82908],
			"rotation": {"angle": -22.5, "axis": "x", "origin": [8.40546, 10.97501, 11.48533]},
			"faces": {
				"east": {"uv": [0, 0, 0.6875, 0.27419], "texture": "#3"},
				"south": {"uv": [0, 0, 0.1875, 0.27419], "texture": "#3"},
				"west": {"uv": [0, 0, 0.6875, 0.27419], "texture": "#3"}
			}
		},
		{
			"name": "hexadecagon",
			"from": [7.53046, 10.83791, -0.11814],
			"to": [7.71796, 11.1121, 0.56936],
			"rotation": {"angle": 22.5, "axis": "x", "origin": [7.65546, 10.97501, 0.22561]},
			"faces": {
				"north": {"uv": [0, 0, 0.175, 0.88], "texture": "#3"},
				"east": {"uv": [0, 0, 0.6875, 0.27419], "texture": "#3"},
				"west": {"uv": [0, 0, 0.6875, 0.27419], "texture": "#3"}
			}
		},
		{
			"name": "hexadecagon",
			"from": [8.28046, 10.83791, -0.11814],
			"to": [8.46796, 11.1121, 0.56936],
			"rotation": {"angle": 22.5, "axis": "x", "origin": [8.40546, 10.97501, 0.22561]},
			"faces": {
				"north": {"uv": [0, 0, 0.175, 0.88], "texture": "#3"},
				"east": {"uv": [0, 0, 0.6875, 0.27419], "texture": "#3"},
				"west": {"uv": [0, 0, 0.6875, 0.27419], "texture": "#3"}
			}
		},
		{
			"name": "hexadecagon",
			"from": [7.53046, 9.64321, -0.14462],
			"to": [7.71796, 10.9799, 1.23038],
			"rotation": {"angle": 0, "axis": "z", "origin": [8.03046, 8.81936, -0.89462]},
			"faces": {
				"north": {"uv": [0, 0, 0.175, 0.88], "texture": "#3"},
				"east": {"uv": [0, 1, 1.375, 2.33669], "texture": "#3"},
				"south": {"uv": [2, 1, 2.1875, 2.33669], "texture": "#3"},
				"west": {"uv": [0, 0, 1.375, 1.33669], "texture": "#3"},
				"up": {"uv": [1, 1.375, 1.1875, 0], "texture": "#3"}
			}
		},
		{
			"name": "hexadecagon",
			"from": [8.28046, 9.64321, -0.14462],
			"to": [8.46796, 10.9799, 1.23038],
			"rotation": {"angle": 0, "axis": "z", "origin": [8.78046, 8.81936, -0.89462]},
			"faces": {
				"north": {"uv": [0, 0, 0.175, 0.88], "texture": "#3"},
				"east": {"uv": [0, 1, 1.375, 2.33669], "texture": "#3"},
				"south": {"uv": [2, 1, 2.1875, 2.33669], "texture": "#3"},
				"west": {"uv": [0, 0, 1.375, 1.33669], "texture": "#3"},
				"up": {"uv": [1, 1.375, 1.1875, 0], "texture": "#3"}
			}
		},
		{
			"name": "hexadecagon",
			"from": [7.71796, 9.64321, 1.04288],
			"to": [8.28046, 10.9799, 1.23038],
			"rotation": {"angle": 0, "axis": "z", "origin": [8.78046, 8.81936, -0.89462]},
			"faces": {
				"north": {"uv": [0, 0, 0.175, 0.88], "texture": "#3"},
				"south": {"uv": [0, 0, 0.5625, 1.33669], "texture": "#3"}
			}
		},
		{
			"name": "hexadecagon",
			"from": [7.71796, 10.95646, 1.04288],
			"to": [8.28046, 11.05021, 10.60538],
			"rotation": {"angle": 0, "axis": "z", "origin": [8.78046, 8.8123, -0.89462]},
			"faces": {
				"north": {"uv": [0, 0, 0.175, 0.88], "texture": "#3"},
				"up": {"uv": [9, 9.5625, 9.5625, 0], "texture": "#3"},
				"down": {"uv": [9, 0, 9.5625, 9.5625], "texture": "#3"}
			}
		},
		{
			"name": "hexadecagon",
			"from": [7.71796, 9.6049, 10.48038],
			"to": [8.28046, 11.19865, 10.60538],
			"rotation": {"angle": 0, "axis": "z", "origin": [8.78046, 8.8123, -0.89462]},
			"faces": {
				"north": {"uv": [0, 0, 0.175, 0.88], "texture": "#3"},
				"south": {"uv": [0, 0, 0.5625, 1.59375], "texture": "#3"},
				"up": {"uv": [0, 0, 0.5625, 0.125], "texture": "#3"}
			}
		},
		{
			"name": "hexadecagon",
			"from": [7.71796, 11.19865, 10.48038],
			"to": [7.88984, 11.38615, 10.60538],
			"rotation": {"angle": 0, "axis": "z", "origin": [8.78046, 8.8123, -0.89462]},
			"faces": {
				"north": {"uv": [0, 0, 0.175, 0.88], "texture": "#3"},
				"east": {"uv": [0, 0, 0.125, 0.1875], "texture": "#3"},
				"south": {"uv": [0, 0, 0.17188, 0.1875], "texture": "#3"}
			}
		},
		{
			"name": "hexadecagon",
			"from": [7.96015, 11.01115, 1.23038],
			"to": [8.03827, 11.27677, 1.35538],
			"rotation": {"angle": 0, "axis": "z", "origin": [8.78046, 8.8123, -0.89462]},
			"faces": {
				"north": {"uv": [0, 0, 0.175, 0.88], "texture": "#3"},
				"east": {"uv": [0, 0, 0.125, 0.26562], "texture": "#3"},
				"south": {"uv": [0, 0, 0.07812, 0.26562], "texture": "#3"},
				"west": {"uv": [0, 0, 0.125, 0.26562], "texture": "#3"},
				"up": {"uv": [0, 0, 0.07812, 0.125], "texture": "#3"}
			}
		},
		{
			"name": "hexadecagon",
			"from": [8.10859, 11.19865, 10.48038],
			"to": [8.28046, 11.38615, 10.60538],
			"rotation": {"angle": 0, "axis": "z", "origin": [8.78046, 8.8123, -0.89462]},
			"faces": {
				"north": {"uv": [0, 0, 0.175, 0.88], "texture": "#3"},
				"south": {"uv": [0, 0, 0.17187, 0.1875], "texture": "#3"},
				"west": {"uv": [0, 0, 0.125, 0.1875], "texture": "#3"}
			}
		},
		{
			"name": "hexadecagon",
			"from": [7.71796, 11.38615, 10.48038],
			"to": [8.28046, 11.4799, 10.60538],
			"rotation": {"angle": 0, "axis": "z", "origin": [8.78046, 8.8123, -0.89462]},
			"faces": {
				"north": {"uv": [0, 0, 0.175, 0.88], "texture": "#3"},
				"south": {"uv": [0, 0, 0.5625, 0.09375], "texture": "#3"},
				"up": {"uv": [0, 0, 0.5625, 0.125], "texture": "#3"},
				"down": {"uv": [0, 0, 0.5625, 0.125], "texture": "#3"}
			}
		},
		{
			"name": "hexadecagon",
			"from": [7.53046, 9.61248, 0.93129],
			"to": [8.46796, 9.98748, 1.89298],
			"rotation": {"angle": 22.5, "axis": "x", "origin": [8.03046, 9.29998, 1.09964]},
			"faces": {
				"east": {"uv": [0, 0, 0.96169, 0.375], "rotation": 180, "texture": "#3"},
				"west": {"uv": [0, 0, 0.96169, 0.375], "rotation": 180, "texture": "#3"},
				"up": {"uv": [0, 0, 0.9375, 0.96169], "rotation": 180, "texture": "#3"}
			}
		},
		{
			"name": "hexadecagon",
			"from": [7.43671, 8.86977, 12.41788],
			"to": [7.56171, 9.51896, 15.41788],
			"rotation": {"angle": 0, "axis": "z", "origin": [7.99921, 8.69436, -0.89462]},
			"faces": {
				"north": {"uv": [0, 0, 0.175, 0.88], "texture": "#7"},
				"south": {"uv": [7, 3, 7.125, 3.64919], "texture": "#7"},
				"west": {"uv": [0, 0, 3, 0.64919], "texture": "#7"},
				"up": {"uv": [3.125, 3, 3, 0], "texture": "#7"},
				"down": {"uv": [4.125, 0, 4, 3], "texture": "#7"}
			}
		},
		{
			"name": "hexadecagon",
			"from": [7.79034, 9.51603, 12.41815],
			"to": [8.21222, 9.66522, 15.41815],
			"rotation": {"angle": 0, "axis": "z", "origin": [7.99347, 8.71562, -0.89435]},
			"faces": {
				"north": {"uv": [0, 0, 0.175, 0.88], "texture": "#7"},
				"east": {"uv": [0, 3, 3, 3.14919], "texture": "#7"},
				"south": {"uv": [6, 3, 6.42188, 3.14919], "texture": "#7"},
				"up": {"uv": [3, 3, 3.42188, 0], "rotation": 180, "texture": "#7"}
			}
		},
		{
			"name": "hexadecagon",
			"from": [8.1597, 9.44981, 12.41665],
			"to": [8.54252, 9.599, 15.41665],
			"rotation": {"angle": -22.5, "axis": "z", "origin": [8.354, 9.51135, 13.91992]},
			"faces": {
				"north": {"uv": [0, 0, 0.175, 0.88], "texture": "#7"},
				"east": {"uv": [0, 3, 3, 3.14919], "texture": "#7"},
				"south": {"uv": [6, 3, 6.38282, 3.14919], "texture": "#7"},
				"west": {"uv": [0, 0, 3, 0.14919], "texture": "#7"},
				"up": {"uv": [3, 3, 3.38282, 0], "texture": "#7"},
				"down": {"uv": [3, 0, 3.38282, 3], "texture": "#7"}
			}
		},
		{
			"name": "hexadecagon",
			"from": [7.45542, 9.45058, 12.41815],
			"to": [7.83823, 9.59977, 15.41815],
			"rotation": {"angle": 22.5, "axis": "z", "origin": [7.64972, 9.51211, 13.92142]},
			"faces": {
				"north": {"uv": [0, 0, 0.175, 0.88], "texture": "#7"},
				"east": {"uv": [0, 3, 3, 3.14919], "texture": "#7"},
				"south": {"uv": [6, 3, 6.38281, 3.14919], "texture": "#7"},
				"west": {"uv": [0, 0, 3, 0.14919], "texture": "#7"},
				"up": {"uv": [3, 3, 3.38281, 0], "texture": "#7"},
				"down": {"uv": [3, 0, 3.38281, 3], "texture": "#7"}
			}
		},
		{
			"name": "hexadecagon",
			"from": [7.49921, 7.49477, 11.85538],
			"to": [8.49921, 9.51896, 15.73038],
			"rotation": {"angle": 0, "axis": "z", "origin": [7.99921, 8.69436, -0.89462]},
			"faces": {
				"north": {"uv": [0, 0, 0.175, 0.88], "texture": "#3"},
				"east": {"uv": [0, 3, 3.875, 5.02419], "texture": "#3"},
				"west": {"uv": [0, 0, 3.875, 2.02419], "texture": "#3"},
				"up": {"uv": [4, 3.875, 3, 0], "texture": "#3"},
				"down": {"uv": [5, 0, 4, 3.875], "texture": "#3"}
			}
		},
		{
			"name": "hexadecagon",
			"from": [7.49921, 7.52913, 14.91189],
			"to": [8.49921, 9.27913, 16.06108],
			"rotation": {"angle": 22.5, "axis": "x", "origin": [7.99921, 7.34163, 15.92398]},
			"faces": {
				"east": {"uv": [0, 1, 1.14919, 2.75], "rotation": 180, "texture": "#3"},
				"west": {"uv": [0, 0, 1.14919, 1.75], "rotation": 180, "texture": "#3"},
				"up": {"uv": [2, 1.14919, 1, 0], "rotation": 180, "texture": "#3"}
			}
		},
		{
			"name": "hexadecagon",
			"from": [7.49922, 9.21664, 11.03687],
			"to": [8.49922, 9.40414, 12.18606],
			"rotation": {"angle": 22.5, "axis": "x", "origin": [7.99922, 7.46664, 12.04896]},
			"faces": {
				"east": {"uv": [0, 1, 1.14919, 1.1875], "rotation": 180, "texture": "#3"},
				"west": {"uv": [0, 0, 1.14919, 0.1875], "rotation": 180, "texture": "#3"},
				"up": {"uv": [2, 1.14919, 1, 0], "rotation": 180, "texture": "#3"}
			}
		},
		{
			"name": "hexadecagon",
			"from": [7.62421, 6.93227, 12.48038],
			"to": [8.37421, 7.64396, 16.16788],
			"rotation": {"angle": 0, "axis": "z", "origin": [7.99921, 8.81936, -0.89462]},
			"faces": {
				"east": {"uv": [0, 3, 3.6875, 3.71169], "texture": "#3"},
				"west": {"uv": [0, 0, 3.6875, 0.71169], "texture": "#3"},
				"down": {"uv": [3, 0, 3.75, 3.6875], "texture": "#3"}
			}
		},
		{
			"name": "hexadecagon",
			"from": [7.62421, 6.24477, 12.48038],
			"to": [8.37421, 6.95646, 13.54288],
			"rotation": {"angle": 0, "axis": "z", "origin": [7.99921, 8.81936, -0.89462]},
			"faces": {
				"north": {"uv": [0, 0, 0.175, 0.88], "texture": "#3"},
				"east": {"uv": [0, 1, 1.0625, 1.71169], "texture": "#3"},
				"south": {"uv": [2, 1, 2.75, 1.71169], "texture": "#3"},
				"west": {"uv": [0, 0, 1.0625, 0.71169], "texture": "#3"},
				"down": {"uv": [1, 0, 1.75, 1.0625], "texture": "#3"}
			}
		},
		{
			"name": "hexadecagon",
			"from": [7.68671, 3.72915, 12.91007],
			"to": [8.31171, 6.33146, 13.09757],
			"rotation": {"angle": 0, "axis": "z", "origin": [7.99921, 8.81936, -0.89462]},
			"faces": {
				"north": {"uv": [0, 0, 0.175, 0.88], "texture": "#1"},
				"east": {"uv": [0, 0, 0.1875, 2.60231], "texture": "#1"},
				"south": {"uv": [0, 0, 0.625, 2.60231], "texture": "#1"},
				"west": {"uv": [0, 0, 0.1875, 2.60231], "texture": "#1"},
				"down": {"uv": [0, 0, 0.625, 0.1875], "texture": "#1"}
			}
		},
		{
			"name": "hexadecagon",
			"from": [7.68671, 2.94623, 14.78323],
			"to": [8.31171, 6.90792, 14.97073],
			"rotation": {"angle": 0, "axis": "z", "origin": [7.99921, 8.02082, 1.03323]},
			"faces": {
				"north": {"uv": [0, 0, 0.175, 0.88], "texture": "#1"},
				"east": {"uv": [0, 0, 0.1875, 3.96169], "texture": "#1"},
				"south": {"uv": [0, 0, 0.625, 3.96169], "texture": "#1"},
				"west": {"uv": [0, 0, 0.1875, 3.96169], "texture": "#1"},
				"down": {"uv": [0, 0, 0.625, 0.1875], "texture": "#1"}
			}
		},
		{
			"name": "hexadecagon",
			"from": [7.74921, 3.07123, 14.59573],
			"to": [8.24921, 6.90792, 14.78323],
			"rotation": {"angle": 0, "axis": "z", "origin": [7.99921, 8.02082, 1.03323]},
			"faces": {
				"east": {"uv": [0, 0, 0.1875, 3.83669], "texture": "#6"},
				"west": {"uv": [0, 0, 0.1875, 3.83669], "texture": "#6"}
			}
		},
		{
			"name": "hexadecagon",
			"from": [7.68671, 3.13373, 14.40823],
			"to": [8.31171, 6.90792, 14.59573],
			"rotation": {"angle": 0, "axis": "z", "origin": [7.99921, 8.02082, 1.03323]},
			"faces": {
				"north": {"uv": [0, 0, 0.175, 0.88], "texture": "#1"},
				"east": {"uv": [0, 0, 0.1875, 3.77419], "texture": "#1"},
				"south": {"uv": [0, 0, 0.625, 3.77419], "texture": "#1"},
				"west": {"uv": [0, 0, 0.1875, 3.77419], "texture": "#1"}
			}
		},
		{
			"name": "hexadecagon",
			"from": [7.74921, 3.19623, 14.22073],
			"to": [8.24921, 6.90792, 14.40823],
			"rotation": {"angle": 0, "axis": "z", "origin": [7.99921, 8.02082, 1.03323]},
			"faces": {
				"east": {"uv": [0, 0, 0.1875, 3.71169], "texture": "#6"},
				"west": {"uv": [0, 0, 0.1875, 3.71169], "texture": "#6"}
			}
		},
		{
			"name": "hexadecagon",
			"from": [7.68671, 3.25873, 14.03323],
			"to": [8.31171, 6.90792, 14.22073],
			"rotation": {"angle": 0, "axis": "z", "origin": [7.99921, 8.02082, 1.03323]},
			"faces": {
				"north": {"uv": [0, 0, 0.175, 0.88], "texture": "#1"},
				"east": {"uv": [0, 0, 0.1875, 3.64919], "texture": "#1"},
				"south": {"uv": [0, 0, 0.625, 3.64919], "texture": "#1"},
				"west": {"uv": [0, 0, 0.1875, 3.64919], "texture": "#1"}
			}
		},
		{
			"name": "hexadecagon",
			"from": [7.74921, 3.38373, 13.84573],
			"to": [8.24921, 6.90792, 14.03323],
			"rotation": {"angle": 0, "axis": "z", "origin": [7.99921, 8.02082, 1.03323]},
			"faces": {
				"east": {"uv": [0, 0, 0.1875, 3.52419], "texture": "#6"},
				"west": {"uv": [0, 0, 0.1875, 3.52419], "texture": "#6"}
			}
		},
		{
			"name": "hexadecagon",
			"from": [7.68671, 3.50873, 13.65823],
			"to": [8.31171, 6.90792, 13.84573],
			"rotation": {"angle": 0, "axis": "z", "origin": [7.99921, 8.02082, 1.03323]},
			"faces": {
				"north": {"uv": [0, 0, 0.175, 0.88], "texture": "#1"},
				"east": {"uv": [0, 0, 0.1875, 3.39919], "texture": "#1"},
				"south": {"uv": [0, 0, 0.625, 3.39919], "texture": "#1"},
				"west": {"uv": [0, 0, 0.1875, 3.39919], "texture": "#1"}
			}
		},
		{
			"name": "hexadecagon",
			"from": [7.68671, 3.63373, 13.28323],
			"to": [8.31171, 6.90792, 13.47073],
			"rotation": {"angle": 0, "axis": "z", "origin": [7.99921, 8.02082, 1.03323]},
			"faces": {
				"north": {"uv": [0, 0, 0.175, 0.88], "texture": "#1"},
				"east": {"uv": [0, 0, 0.1875, 3.27419], "texture": "#1"},
				"south": {"uv": [0, 0, 0.625, 3.27419], "texture": "#1"},
				"west": {"uv": [0, 0, 0.1875, 3.27419], "texture": "#1"}
			}
		},
		{
			"name": "hexadecagon",
			"from": [7.74921, 3.69623, 13.09573],
			"to": [8.24921, 6.90792, 13.28323],
			"rotation": {"angle": 0, "axis": "z", "origin": [7.99921, 8.02082, 1.03323]},
			"faces": {
				"east": {"uv": [0, 0, 0.1875, 3.21169], "texture": "#6"},
				"west": {"uv": [0, 0, 0.1875, 3.21169], "texture": "#6"}
			}
		},
		{
			"name": "hexadecagon",
			"from": [7.74921, 3.57123, 13.47073],
			"to": [8.24921, 6.90792, 13.65823],
			"rotation": {"angle": 0, "axis": "z", "origin": [7.99921, 8.02082, 1.03323]},
			"faces": {
				"east": {"uv": [0, 0, 0.1875, 3.33669], "texture": "#6"},
				"west": {"uv": [0, 0, 0.1875, 3.33669], "texture": "#6"}
			}
		},
		{
			"name": "hexadecagon",
			"from": [7.68671, 3.24269, 12.85531],
			"to": [8.31171, 3.43019, 14.8795],
			"rotation": {"angle": 22.5, "axis": "x", "origin": [7.99921, 3.33644, 14.08615]},
			"faces": {
				"north": {"uv": [0, 0, 0.175, 0.88], "rotation": 180, "texture": "#1"},
				"east": {"uv": [0, 2, 2.02419, 2.1875], "rotation": 180, "texture": "#1"},
				"west": {"uv": [0, 0, 2.02419, 0.1875], "rotation": 180, "texture": "#1"},
				"up": {"uv": [2, 2.02419, 2.625, 0], "rotation": 180, "texture": "#1"},
				"down": {"uv": [2, 0, 2.625, 2.02419], "rotation": 180, "texture": "#1"}
			}
		},
		{
			"name": "hexadecagon",
			"from": [7.62421, 6.80727, 12.54288],
			"to": [8.37421, 7.51896, 12.79288],
			"rotation": {"angle": -22.5, "axis": "x", "origin": [7.99921, 6.60062, 13.01163]},
			"faces": {
				"north": {"uv": [0, 0, 0.175, 0.88], "texture": "#3"},
				"east": {"uv": [0, 0, 0.25, 0.71169], "texture": "#3"},
				"west": {"uv": [0, 0, 0.25, 0.71169], "texture": "#3"}
			}
		},
		{
			"name": "hexadecagon",
			"from": [7.62421, 7.24477, 12.91788],
			"to": [8.37421, 7.95646, 13.41788],
			"rotation": {"angle": -45, "axis": "x", "origin": [7.99921, 6.60062, 13.01163]},
			"faces": {
				"north": {"uv": [0, 0, 0.175, 0.88], "texture": "#3"},
				"east": {"uv": [0, 0, 0.5, 0.71169], "texture": "#3"},
				"west": {"uv": [0, 0, 0.5, 0.71169], "texture": "#3"},
				"up": {"uv": [0, 0, 0.75, 0.5], "texture": "#3"}
			}
		},
		{
			"name": "hexadecagon",
			"from": [7.62421, 7.27333, 11.75804],
			"to": [8.37421, 7.52333, 12.46973],
			"rotation": {"angle": 22.5, "axis": "x", "origin": [7.99921, 7.61708, 12.61388]},
			"faces": {
				"east": {"uv": [0, 0, 0.71169, 0.25], "rotation": 180, "texture": "#3"},
				"west": {"uv": [0, 0, 0.71169, 0.25], "rotation": 180, "texture": "#3"},
				"down": {"uv": [0, 0, 0.75, 0.71169], "rotation": 180, "texture": "#3"}
			}
		},
		{
			"name": "hexadecagon",
			"from": [7.62421, 6.42098, 13.36627],
			"to": [8.37421, 7.13267, 15.24127],
			"rotation": {"angle": -22.5, "axis": "x", "origin": [7.99921, 6.77683, 13.89752]},
			"faces": {
				"north": {"uv": [0, 0, 0.175, 0.88], "texture": "#3"},
				"east": {"uv": [0, 1, 1.875, 1.71169], "texture": "#3"},
				"west": {"uv": [0, 0, 1.875, 0.71169], "texture": "#3"},
				"down": {"uv": [1, 0, 1.75, 1.875], "texture": "#3"}
			}
		},
		{
			"name": "hexadecagon",
			"from": [7.49921, 6.80727, 15.91788],
			"to": [8.49921, 9.39396, 20.48038],
			"rotation": {"angle": 0, "axis": "z", "origin": [7.99921, 8.81936, -0.89462]},
			"faces": {
				"north": {"uv": [0, 0, 0.175, 0.88], "texture": "#3"},
				"east": {"uv": [0, 4, 4.5625, 6.58669], "texture": "#3"},
				"west": {"uv": [0, 0, 4.5625, 2.58669], "texture": "#3"},
				"up": {"uv": [5, 4.5625, 4, 0], "texture": "#3"},
				"down": {"uv": [6, 0, 5, 4.5625], "texture": "#3"}
			}
		},
		{
			"name": "hexadecagon",
			"from": [7.49921, 5.74477, 20.48038],
			"to": [8.49921, 10.08146, 20.54288],
			"rotation": {"angle": 0, "axis": "z", "origin": [7.99921, 9.50686, 0.73038]},
			"faces": {
				"east": {"uv": [0, 0, 0.0625, 4.33669], "texture": "#5"},
				"south": {"uv": [1, 0, 2, 4.33669], "texture": "#5"},
				"west": {"uv": [0, 0, 0.0625, 4.33669], "texture": "#5"},
				"up": {"uv": [1, 0, 0, 0.0625], "texture": "#5"},
				"down": {"uv": [2, 0, 1, 0.0625], "texture": "#5"}
			}
		},
		{
			"name": "hexadecagon",
			"from": [7.49921, 5.74477, 19.29288],
			"to": [8.49921, 6.83146, 20.48038],
			"rotation": {"angle": 0, "axis": "z", "origin": [7.99921, 8.81936, -0.89462]},
			"faces": {
				"east": {"uv": [0, 1, 1.1875, 2.08669], "texture": "#3"},
				"west": {"uv": [0, 0, 1.1875, 1.08669], "texture": "#3"},
				"down": {"uv": [3, 0, 2, 1.1875], "texture": "#3"}
			}
		},
		{
			"name": "hexadecagon",
			"from": [7.49921, 5.93063, 16.60851],
			"to": [8.49921, 6.95482, 19.54601],
			"rotation": {"angle": 22.5, "axis": "x", "origin": [7.99921, 6.47397, 18.95226]},
			"faces": {
				"east": {"uv": [0, 2, 2.9375, 3.02419], "texture": "#3"},
				"west": {"uv": [0, 0, 2.9375, 1.02419], "texture": "#3"},
				"down": {"uv": [4, 0, 3, 2.9375], "texture": "#3"}
			}
		},
		{
			"name": "hexadecagon",
			"from": [7.49921, 7.06797, 15.47599],
			"to": [8.49921, 7.71716, 16.72599],
			"rotation": {"angle": 45, "axis": "x", "origin": [7.99921, 7.61132, 16.13224]},
			"faces": {
				"east": {"uv": [0, 1, 1.25, 1.64919], "texture": "#3"},
				"west": {"uv": [0, 0, 1.25, 0.64919], "texture": "#3"},
				"down": {"uv": [3, 0, 2, 1.25], "texture": "#3"}
			}
		},
		{
			"name": "hexadecagon",
			"from": [7.49921, 9.36977, 17.54288],
			"to": [8.49921, 10.08146, 20.48038],
			"rotation": {"angle": 0, "axis": "z", "origin": [7.99921, 8.81936, -0.89462]},
			"faces": {
				"east": {"uv": [0, 2, 2.9375, 2.71169], "texture": "#3"},
				"west": {"uv": [0, 0, 2.9375, 0.71169], "texture": "#3"},
				"up": {"uv": [3, 2.9375, 2, 0], "texture": "#3"}
			}
		},
		{
			"name": "hexadecagon",
			"from": [7.49921, 8.56043, 17.22469],
			"to": [8.49921, 9.14712, 18.22469],
			"rotation": {"angle": -45, "axis": "x", "origin": [7.99921, 8.79128, 16.75594]},
			"faces": {
				"east": {"uv": [0, 1, 1, 1.58669], "texture": "#3"},
				"west": {"uv": [0, 0, 1, 0.58669], "texture": "#3"},
				"up": {"uv": [2, 1, 1, 0], "texture": "#3"}
			}
		},
		{
			"name": "hexadecagon",
			"from": [7.56171, 4.20347, -1.54968],
			"to": [8.43671, 4.91516, -0.58093],
			"rotation": {"angle": 45, "axis": "x", "origin": [7.99921, 4.55932, 4.10657]},
			"faces": {
				"east": {"uv": [0, 0, 0.96875, 0.71169], "texture": "#3"},
				"south": {"uv": [0, 0, 0.875, 0.71169], "texture": "#3"},
				"west": {"uv": [0, 0, 0.96875, 0.71169], "texture": "#3"},
				"down": {"uv": [0, 0, 0.875, 0.96875], "texture": "#3"}
			}
		},
		{
			"name": "hexadecagon",
			"from": [7.56171, 7.61977, 0.54288],
			"to": [8.43671, 8.33146, 11.85538],
			"rotation": {"angle": 0, "axis": "z", "origin": [7.99921, 8.81936, -0.89462]},
			"faces": {
				"north": {"uv": [0, 0, 0.175, 0.88], "texture": "#3"},
				"east": {"uv": [0, 11, 11.3125, 11.71169], "texture": "#3"},
				"west": {"uv": [0, 0, 11.3125, 0.71169], "texture": "#3"},
				"down": {"uv": [11, 0, 11.875, 11.3125], "texture": "#3"}
			}
		},
		{
			"name": "hexadecagon",
			"from": [7.49921, 7.55727, 0.60538],
			"to": [8.49921, 8.26896, 1.48038],
			"rotation": {"angle": 0, "axis": "z", "origin": [7.99921, 8.81936, -0.89462]},
			"faces": {
				"north": {"uv": [0, 0, 0.175, 0.88], "texture": "#7"},
				"east": {"uv": [0, 0, 0.875, 0.71169], "texture": "#7"},
				"south": {"uv": [1, 0, 2, 0.71169], "texture": "#7"},
				"west": {"uv": [0, 0, 0.875, 0.71169], "texture": "#7"},
				"up": {"uv": [1, 0, 0, 0.875], "texture": "#7"},
				"down": {"uv": [2, 0, 1, 0.875], "texture": "#7"}
			}
		},
		{
			"name": "hexadecagon",
			"from": [7.49921, 7.55727, 1.60538],
			"to": [8.49921, 8.26896, 2.48038],
			"rotation": {"angle": 0, "axis": "z", "origin": [7.99921, 8.81936, -0.89462]},
			"faces": {
				"north": {"uv": [0, 0, 0.175, 0.88], "texture": "#7"},
				"east": {"uv": [0, 0, 0.875, 0.71169], "texture": "#7"},
				"south": {"uv": [1, 0, 2, 0.71169], "texture": "#7"},
				"west": {"uv": [0, 0, 0.875, 0.71169], "texture": "#7"},
				"up": {"uv": [1, 0, 0, 0.875], "texture": "#7"},
				"down": {"uv": [2, 0, 1, 0.875], "texture": "#7"}
			}
		},
		{
			"name": "hexadecagon",
			"from": [7.49921, 7.55727, 2.60538],
			"to": [8.49921, 8.26896, 3.48038],
			"rotation": {"angle": 0, "axis": "z", "origin": [7.99921, 8.81936, -0.89462]},
			"faces": {
				"north": {"uv": [0, 0, 0.175, 0.88], "texture": "#7"},
				"east": {"uv": [0, 0, 0.875, 0.71169], "texture": "#7"},
				"south": {"uv": [1, 0, 2, 0.71169], "texture": "#7"},
				"west": {"uv": [0, 0, 0.875, 0.71169], "texture": "#7"},
				"up": {"uv": [1, 0, 0, 0.875], "texture": "#7"},
				"down": {"uv": [2, 0, 1, 0.875], "texture": "#7"}
			}
		},
		{
			"name": "hexadecagon",
			"from": [7.49921, 7.55727, 3.60538],
			"to": [8.49921, 8.26896, 4.48038],
			"rotation": {"angle": 0, "axis": "z", "origin": [7.99921, 8.81936, -0.89462]},
			"faces": {
				"north": {"uv": [0, 0, 0.175, 0.88], "texture": "#7"},
				"east": {"uv": [0, 0, 0.875, 0.71169], "texture": "#7"},
				"south": {"uv": [1, 0, 2, 0.71169], "texture": "#7"},
				"west": {"uv": [0, 0, 0.875, 0.71169], "texture": "#7"},
				"up": {"uv": [1, 0, 0, 0.875], "texture": "#7"},
				"down": {"uv": [2, 0, 1, 0.875], "texture": "#7"}
			}
		},
		{
			"name": "hexadecagon",
			"from": [7.49921, 7.55727, 4.60538],
			"to": [8.49921, 8.26896, 5.48038],
			"rotation": {"angle": 0, "axis": "z", "origin": [7.99921, 8.81936, -0.89462]},
			"faces": {
				"north": {"uv": [0, 0, 0.175, 0.88], "texture": "#7"},
				"east": {"uv": [0, 0, 0.875, 0.71169], "texture": "#7"},
				"south": {"uv": [1, 0, 2, 0.71169], "texture": "#7"},
				"west": {"uv": [0, 0, 0.875, 0.71169], "texture": "#7"},
				"up": {"uv": [1, 0, 0, 0.875], "texture": "#7"},
				"down": {"uv": [2, 0, 1, 0.875], "texture": "#7"}
			}
		},
		{
			"name": "hexadecagon",
			"from": [7.68671, 3.49477, 8.04288],
			"to": [8.31171, 6.89396, 9.66788],
			"rotation": {"angle": -22.5, "axis": "x", "origin": [7.99921, 7.28812, 6.19913]},
			"faces": {
				"north": {"uv": [0, 0, 0.175, 0.88], "texture": "#3"},
				"east": {"uv": [0, 1, 1.625, 4.39919], "texture": "#3"},
				"south": {"uv": [2, 1, 2.625, 4.39919], "texture": "#3"},
				"west": {"uv": [0, 0, 1.625, 3.39919], "texture": "#3"}
			}
		},
		{
			"name": "hexadecagon",
			"from": [7.68671, 3.92856, 9.57077],
			"to": [8.31171, 4.64025, 9.82077],
			"rotation": {"angle": -22.5, "axis": "x", "origin": [7.99921, 7.4094, 5.91452]},
			"faces": {
				"east": {"uv": [0, 0, 0.25, 0.71169], "texture": "#3"},
				"south": {"uv": [0, 0, 0.625, 0.71169], "texture": "#3"},
				"west": {"uv": [0, 0, 0.25, 0.71169], "texture": "#3"}
			}
		},
		{
			"name": "hexadecagon",
			"from": [7.68671, 6.10752, 10.00764],
			"to": [8.31171, 6.75671, 10.25764],
			"rotation": {"angle": -45, "axis": "x", "origin": [7.99921, 6.61961, 10.13264]},
			"faces": {
				"east": {"uv": [0, 0, 0.25, 0.64919], "texture": "#3"},
				"south": {"uv": [0, 0, 0.625, 0.64919], "texture": "#3"},
				"west": {"uv": [0, 0, 0.25, 0.64919], "texture": "#3"}
			}
		},
		{
			"name": "hexadecagon",
			"from": [7.68671, 2.99477, 7.85538],
			"to": [8.31171, 3.20646, 9.16007],
			"rotation": {"angle": -22.5, "axis": "x", "origin": [7.99921, 7.28812, 6.19913]},
			"faces": {
				"north": {"uv": [0, 0, 0.175, 0.88], "texture": "#3"},
				"east": {"uv": [0, 1, 1.30469, 1.21169], "texture": "#3"},
				"south": {"uv": [2, 1, 2.625, 1.21169], "texture": "#3"},
				"west": {"uv": [0, 0, 1.30469, 0.21169], "texture": "#3"},
				"down": {"uv": [1, 0, 1.625, 1.30469], "texture": "#3"}
			}
		},
		{
			"name": "hexadecagon",
			"from": [7.68671, 3.20571, 8.04288],
			"to": [8.31171, 3.5424, 9.37882],
			"rotation": {"angle": -22.5, "axis": "x", "origin": [7.99921, 7.28812, 6.19913]},
			"faces": {
				"east": {"uv": [0, 1, 1.33594, 1.33669], "texture": "#3"},
				"west": {"uv": [0, 0, 1.33594, 0.33669], "texture": "#3"}
			}
		},
		{
			"name": "hexadecagon",
			"from": [7.68671, 4.15098, 9.29129],
			"to": [8.31171, 4.77598, 9.50298],
			"rotation": {"angle": 0, "axis": "x", "origin": [7.99921, 4.83848, 9.39713]},
			"faces": {
				"north": {"uv": [0, 0, 0.175, 0.88], "rotation": 180, "texture": "#3"},
				"east": {"uv": [0, 0, 0.21169, 0.625], "rotation": 180, "texture": "#3"},
				"west": {"uv": [0, 0, 0.21169, 0.625], "rotation": 180, "texture": "#3"}
			}
		},
		{
			"name": "hexadecagon",
			"from": [7.68671, 4.49285, 10.38876],
			"to": [8.31171, 5.20379, 10.60045],
			"rotation": {"angle": 22.5, "axis": "x", "origin": [7.99921, 4.51629, 10.4946]},
			"faces": {
				"east": {"uv": [0, 0, 0.21169, 0.71094], "rotation": 180, "texture": "#3"},
				"south": {"uv": [0, 0, 0.625, 0.71094], "rotation": 180, "texture": "#3"},
				"west": {"uv": [0, 0, 0.21169, 0.71094], "rotation": 180, "texture": "#3"},
				"down": {"uv": [0, 0, 0.625, 0.21169], "rotation": 180, "texture": "#3"}
			}
		},
		{
			"name": "hexadecagon",
			"from": [7.68671, 5.11095, 10.6438],
			"to": [8.31171, 5.68908, 10.85549],
			"rotation": {"angle": 0, "axis": "x", "origin": [7.99921, 5.13439, 10.74964]},
			"faces": {
				"east": {"uv": [0, 0, 0.21169, 0.57813], "rotation": 180, "texture": "#3"},
				"south": {"uv": [0, 0, 0.625, 0.57813], "rotation": 180, "texture": "#3"},
				"west": {"uv": [0, 0, 0.21169, 0.57813], "rotation": 180, "texture": "#3"},
				"up": {"uv": [0, 0, 0.625, 0.21169], "rotation": 180, "texture": "#3"},
				"down": {"uv": [0, 0, 0.625, 0.21169], "rotation": 180, "texture": "#3"}
			}
		},
		{
			"name": "hexadecagon",
			"from": [7.68671, 4.56937, 8.78079],
			"to": [8.31171, 5.00687, 9.49247],
			"rotation": {"angle": -45, "axis": "x", "origin": [7.99921, 7.28812, 6.19913]},
			"faces": {
				"east": {"uv": [0, 0, 0.71168, 0.4375], "rotation": 180, "texture": "#3"},
				"west": {"uv": [0, 0, 0.71168, 0.4375], "rotation": 180, "texture": "#3"},
				"down": {"uv": [0, 0, 0.625, 0.71168], "rotation": 180, "texture": "#3"}
			}
		},
		{
			"name": "hexadecagon",
			"from": [7.93671, 6.93227, 7.66788],
			"to": [8.06171, 7.64396, 7.85538],
			"rotation": {"angle": 0, "axis": "x", "origin": [7.99921, 7.28812, 6.19913]},
			"faces": {
				"north": {"uv": [0, 0, 0.175, 0.88], "texture": "#1"},
				"east": {"uv": [0, 0, 0.1875, 0.71169], "texture": "#1"},
				"south": {"uv": [0, 0, 0.125, 0.71169], "texture": "#1"},
				"west": {"uv": [0, 0, 0.1875, 0.71169], "texture": "#1"},
				"down": {"uv": [0, 0, 0.125, 0.1875], "texture": "#1"}
			}
		},
		{
			"name": "hexadecagon",
			"from": [7.93671, 6.59604, 7.53884],
			"to": [8.06171, 6.99523, 7.72634],
			"rotation": {"angle": 22.5, "axis": "x", "origin": [7.99921, 6.63939, 7.63259]},
			"faces": {
				"north": {"uv": [0, 0, 0.175, 0.88], "texture": "#1"},
				"east": {"uv": [0, 0, 0.1875, 0.39919], "texture": "#1"},
				"south": {"uv": [0, 0, 0.125, 0.39919], "texture": "#1"},
				"west": {"uv": [0, 0, 0.1875, 0.39919], "texture": "#1"},
				"down": {"uv": [0, 0, 0.125, 0.1875], "texture": "#1"}
			}
		},
		{
			"name": "hexadecagon",
			"from": [7.90546, 6.27257, 6.83449],
			"to": [8.09296, 6.46007, 8.67118],
			"rotation": {"angle": 0, "axis": "x", "origin": [7.99921, 6.61632, 8.09658]},
			"faces": {
				"east": {"uv": [0, 1, 1.83669, 1.1875], "rotation": 180, "texture": "#4"},
				"west": {"uv": [0, 0, 1.83669, 0.1875], "rotation": 180, "texture": "#4"},
				"up": {"uv": [1, 1.83669, 1.1875, 0], "rotation": 180, "texture": "#4"},
				"down": {"uv": [1, 0, 1.1875, 1.83669], "rotation": 180, "texture": "#4"}
			}
		},
		{
			"name": "hexadecagon",
			"from": [7.90546, 6.61687, 6.41608],
			"to": [8.09296, 6.80437, 6.94027],
			"rotation": {"angle": 22.5, "axis": "x", "origin": [7.99921, 6.71062, 6.02192]},
			"faces": {
				"east": {"uv": [0, 0, 0.52419, 0.1875], "rotation": 180, "texture": "#4"},
				"west": {"uv": [0, 0, 0.52419, 0.1875], "rotation": 180, "texture": "#4"},
				"up": {"uv": [0, 0, 0.1875, 0.52419], "rotation": 180, "texture": "#4"},
				"down": {"uv": [0, 0, 0.1875, 0.52419], "rotation": 180, "texture": "#4"}
			}
		},
		{
			"name": "hexadecagon",
			"from": [7.90546, 7.2863, 6.16109],
			"to": [8.09296, 7.87299, 6.34859],
			"rotation": {"angle": 22.5, "axis": "x", "origin": [7.99921, 7.5484, 6.25484]},
			"faces": {
				"north": {"uv": [0, 0, 0.175, 0.88], "rotation": 180, "texture": "#4"},
				"east": {"uv": [0, 0, 0.1875, 0.58669], "rotation": 180, "texture": "#4"},
				"south": {"uv": [0, 0, 0.1875, 0.58669], "rotation": 180, "texture": "#4"},
				"west": {"uv": [0, 0, 0.1875, 0.58669], "rotation": 180, "texture": "#4"}
			}
		},
		{
			"name": "hexadecagon",
			"from": [7.90546, 6.75544, 6.06793],
			"to": [8.09296, 7.34213, 6.25543],
			"rotation": {"angle": 0, "axis": "x", "origin": [7.99921, 7.01753, 6.16168]},
			"faces": {
				"north": {"uv": [0, 0, 0.175, 0.88], "rotation": 180, "texture": "#4"},
				"east": {"uv": [0, 0, 0.1875, 0.58669], "rotation": 180, "texture": "#4"},
				"south": {"uv": [0, 0, 0.1875, 0.58669], "rotation": 180, "texture": "#4"},
				"west": {"uv": [0, 0, 0.1875, 0.58669], "rotation": 180, "texture": "#4"}
			}
		},
		{
			"name": "hexadecagon",
			"from": [7.90546, 6.63104, 6.09407],
			"to": [8.09296, 6.81854, 6.49326],
			"rotation": {"angle": 45, "axis": "x", "origin": [7.99921, 6.72479, 6.23116]},
			"faces": {
				"east": {"uv": [0, 0, 0.39919, 0.1875], "rotation": 180, "texture": "#4"},
				"west": {"uv": [0, 0, 0.39919, 0.1875], "rotation": 180, "texture": "#4"},
				"up": {"uv": [0, 0, 0.1875, 0.39919], "rotation": 180, "texture": "#4"},
				"down": {"uv": [0, 0, 0.1875, 0.39919], "rotation": 180, "texture": "#4"}
			}
		},
		{
			"name": "hexadecagon",
			"from": [7.92612, 8.45891, -3.59548],
			"to": [8.07232, 9.19391, 0.32452],
			"rotation": {"angle": -45, "axis": "z", "origin": [7.99923, 8.82641, -0.71673]},
			"faces": {
				"south": {"uv": [6, 3, 6.1462, 3.735], "texture": "#4"},
				"up": {"uv": [3, 3.92, 3.1462, 0], "texture": "#4"},
				"down": {"uv": [3, 0, 3.1462, 3.92], "texture": "#4"}
			}
		},
		{
			"name": "hexadecagon",
			"from": [7.92612, 8.45891, -3.59548],
			"to": [8.07232, 9.19391, 0.32452],
			"rotation": {"angle": -22.5, "axis": "z", "origin": [7.99923, 8.82641, -0.71673]},
			"faces": {
				"south": {"uv": [6, 3, 6.1462, 3.735], "texture": "#4"},
				"up": {"uv": [3, 3.92, 3.1462, 0], "texture": "#4"},
				"down": {"uv": [3, 0, 3.1462, 3.92], "texture": "#4"}
			}
		},
		{
			"name": "hexadecagon",
			"from": [7.92612, 8.45891, -3.59548],
			"to": [8.07232, 9.19391, 0.32452],
			"rotation": {"angle": 0, "axis": "z", "origin": [7.99923, 8.82641, -0.71673]},
			"faces": {
				"up": {"uv": [3, 3.92, 3.1462, 0], "texture": "#4"},
				"down": {"uv": [3, 0, 3.1462, 3.92], "texture": "#4"}
			}
		},
		{
			"name": "hexadecagon",
			"from": [7.92612, 8.45891, -3.59548],
			"to": [8.07232, 9.19391, 0.32452],
			"rotation": {"angle": 22.5, "axis": "z", "origin": [7.99923, 8.82641, -0.71673]},
			"faces": {
				"south": {"uv": [6, 3, 6.1462, 3.735], "texture": "#4"},
				"up": {"uv": [3, 3.92, 3.1462, 0], "texture": "#4"},
				"down": {"uv": [3, 0, 3.1462, 3.92], "texture": "#4"}
			}
		},
		{
			"name": "hexadecagon",
			"from": [7.92612, 8.45891, -3.59548],
			"to": [8.07232, 9.19391, 0.32452],
			"rotation": {"angle": 45, "axis": "z", "origin": [7.99923, 8.82641, -0.71673]},
			"faces": {
				"east": {"uv": [0, 3, 3.92, 3.735], "texture": "#4"},
				"south": {"uv": [6, 3, 6.1462, 3.735], "texture": "#4"},
				"up": {"uv": [3, 3.92, 3.1462, 0], "texture": "#4"},
				"down": {"uv": [3, 0, 3.1462, 3.92], "texture": "#4"}
			}
		},
		{
			"name": "hexadecagon",
			"from": [7.63173, 8.75331, -3.59548],
			"to": [8.36673, 8.89952, 0.32452],
			"rotation": {"angle": -22.5, "axis": "z", "origin": [7.99923, 8.82641, -0.71673]},
			"faces": {
				"east": {"uv": [0, 3, 3.92, 3.14621], "texture": "#4"},
				"south": {"uv": [6, 3, 6.735, 3.14621], "texture": "#4"},
				"west": {"uv": [0, 0, 3.92, 0.14621], "texture": "#4"},
				"down": {"uv": [3, 0, 3.735, 3.92], "texture": "#4"}
			}
		},
		{
			"name": "hexadecagon",
			"from": [7.63173, 8.75331, -3.59548],
			"to": [8.36673, 8.89952, 0.32452],
			"rotation": {"angle": 0, "axis": "z", "origin": [7.99923, 8.82641, -0.71673]},
			"faces": {
				"east": {"uv": [0, 3, 3.92, 3.14621], "texture": "#4"},
				"west": {"uv": [0, 0, 3.92, 0.14621], "texture": "#4"}
			}
		},
		{
			"name": "hexadecagon",
			"from": [7.63173, 8.75331, -3.59548],
			"to": [8.36673, 8.89952, 0.32452],
			"rotation": {"angle": 22.5, "axis": "z", "origin": [7.99923, 8.82641, -0.71673]},
			"faces": {
				"east": {"uv": [0, 3, 3.92, 3.14621], "texture": "#4"},
				"south": {"uv": [6, 3, 6.735, 3.14621], "texture": "#4"},
				"west": {"uv": [0, 0, 3.92, 0.14621], "texture": "#4"}
			}
		},
		{
			"name": "hexadecagon",
			"from": [7.91178, 8.39104, -4.98227],
			"to": [8.08682, 9.27104, -4.65977],
			"rotation": {"angle": -45, "axis": "z", "origin": [7.9993, 8.83104, -4.35227]},
			"faces": {
				"north": {"uv": [0, 0, 0.175, 0.88], "texture": "#7"},
				"south": {"uv": [0, 0, 0.17504, 0.88], "texture": "#5"},
				"up": {"uv": [0, 0, 0.17504, 0.3225], "texture": "#3"},
				"down": {"uv": [0, 0, 0.17504, 0.3225], "texture": "#3"}
			}
		},
		{
			"name": "hexadecagon",
			"from": [7.91178, 8.39104, -3.96727],
			"to": [8.08682, 9.27104, -3.52727],
			"rotation": {"angle": -45, "axis": "z", "origin": [7.9993, 8.83104, -4.35227]},
			"faces": {
				"north": {"uv": [0, 0, 0.175, 0.88], "texture": "#5"},
				"south": {"uv": [0, 0, 0.17504, 0.88], "texture": "#3"},
				"up": {"uv": [0, 0, 0.17504, 0.44], "texture": "#3"},
				"down": {"uv": [0, 0, 0.17504, 0.44], "texture": "#3"}
			}
		},
		{
			"name": "hexadecagon",
			"from": [7.91178, 8.39104, -4.98227],
			"to": [8.08682, 9.27104, -3.52727],
			"rotation": {"angle": -22.5, "axis": "z", "origin": [7.9993, 8.83104, -4.35227]},
			"faces": {
				"north": {"uv": [0, 0, 0.175, 0.88], "texture": "#7"},
				"east": {"uv": [0, 1, 1.455, 1.88], "texture": "#5"},
				"south": {"uv": [2, 1, 2.17504, 1.88], "texture": "#3"},
				"west": {"uv": [0, 0, 1.455, 0.88], "texture": "#5"},
				"up": {"uv": [1, 1.455, 1.17504, 0], "texture": "#3"},
				"down": {"uv": [1, 0, 1.17504, 1.455], "texture": "#3"}
			}
		},
		{
			"name": "hexadecagon",
			"from": [7.91178, 8.39104, -4.98227],
			"to": [8.08682, 9.27104, -3.52727],
			"rotation": {"angle": 0, "axis": "z", "origin": [7.9993, 8.83104, -4.35227]},
			"faces": {
				"north": {"uv": [0, 0, 0.175, 0.88], "texture": "#7"},
				"south": {"uv": [2, 1, 2.17504, 1.88], "texture": "#3"},
				"up": {"uv": [1, 1.455, 1.17504, 0], "texture": "#3"},
				"down": {"uv": [1, 0, 1.17504, 1.455], "texture": "#3"}
			}
		},
		{
			"name": "hexadecagon",
			"from": [7.91178, 8.39104, -4.98227],
			"to": [8.08682, 9.27104, -3.52727],
			"rotation": {"angle": 22.5, "axis": "z", "origin": [7.9993, 8.83104, -4.35227]},
			"faces": {
				"north": {"uv": [0, 0, 0.175, 0.88], "texture": "#7"},
				"east": {"uv": [0, 1, 1.455, 1.88], "texture": "#5"},
				"south": {"uv": [2, 1, 2.17504, 1.88], "texture": "#3"},
				"west": {"uv": [0, 0, 1.455, 0.88], "texture": "#5"},
				"up": {"uv": [1, 1.455, 1.17504, 0], "texture": "#3"},
				"down": {"uv": [1, 0, 1.17504, 1.455], "texture": "#3"}
			}
		},
		{
			"name": "hexadecagon",
			"from": [7.91178, 8.39104, -4.98227],
			"to": [8.08682, 9.27104, -4.65977],
			"rotation": {"angle": 45, "axis": "z", "origin": [7.9993, 8.83104, -4.35227]},
			"faces": {
				"north": {"uv": [0, 0, 0.175, 0.88], "texture": "#7"},
				"south": {"uv": [0, 0, 0.17504, 0.88], "texture": "#5"},
				"up": {"uv": [0, 0, 0.17504, 0.3225], "texture": "#3"},
				"down": {"uv": [0, 0, 0.17504, 0.3225], "texture": "#3"}
			}
		},
		{
			"name": "hexadecagon",
			"from": [7.91178, 8.39104, -3.96727],
			"to": [8.08682, 9.27104, -3.52727],
			"rotation": {"angle": 45, "axis": "z", "origin": [7.9993, 8.83104, -4.35227]},
			"faces": {
				"north": {"uv": [0, 0, 0.175, 0.88], "texture": "#5"},
				"south": {"uv": [0, 0, 0.17504, 0.88], "texture": "#3"},
				"up": {"uv": [0, 0, 0.17504, 0.44], "texture": "#3"},
				"down": {"uv": [0, 0, 0.17504, 0.44], "texture": "#3"}
			}
		},
		{
			"name": "hexadecagon",
			"from": [7.5593, 8.74352, -4.98227],
			"to": [8.4393, 8.91856, -3.52727],
			"rotation": {"angle": -22.5, "axis": "z", "origin": [7.9993, 8.83104, -4.35227]},
			"faces": {
				"north": {"uv": [0, 0, 0.175, 0.88], "texture": "#7"},
				"east": {"uv": [0, 1, 1.455, 1.17504], "texture": "#3"},
				"south": {"uv": [2, 1, 2.88, 1.17504], "texture": "#3"},
				"west": {"uv": [0, 0, 1.455, 0.17504], "texture": "#3"},
				"up": {"uv": [1, 1.455, 1.88, 0], "texture": "#5"},
				"down": {"uv": [1, 0, 1.88, 1.455], "texture": "#5"}
			}
		},
		{
			"name": "hexadecagon",
			"from": [7.5593, 8.74352, -4.98227],
			"to": [8.4393, 8.91856, -3.52727],
			"rotation": {"angle": 0, "axis": "z", "origin": [7.9993, 8.83104, -4.35227]},
			"faces": {
				"north": {"uv": [0, 0, 0.175, 0.88], "texture": "#7"},
				"east": {"uv": [0, 1, 1.455, 1.17504], "texture": "#3"},
				"south": {"uv": [2, 1, 2.88, 1.17504], "texture": "#3"},
				"west": {"uv": [0, 0, 1.455, 0.17504], "texture": "#3"}
			}
		},
		{
			"name": "hexadecagon",
			"from": [7.5593, 8.74352, -4.98227],
			"to": [8.4393, 8.91856, -3.52727],
			"rotation": {"angle": 22.5, "axis": "z", "origin": [7.9993, 8.83104, -4.35227]},
			"faces": {
				"north": {"uv": [0, 0, 0.175, 0.88], "texture": "#7"},
				"east": {"uv": [0, 1, 1.455, 1.17504], "texture": "#3"},
				"south": {"uv": [2, 1, 2.88, 1.17504], "texture": "#3"},
				"west": {"uv": [0, 0, 1.455, 0.17504], "texture": "#3"},
				"up": {"uv": [1, 1.455, 1.88, 0], "texture": "#5"},
				"down": {"uv": [1, 0, 1.88, 1.455], "texture": "#5"}
			}
		},
		{
			"name": "hexadecagon",
			"from": [7.91178, 8.39104, -3.47227],
			"to": [8.08682, 9.27104, -3.19727],
			"rotation": {"angle": -45, "axis": "z", "origin": [7.9993, 8.83104, -4.35227]},
			"faces": {
				"north": {"uv": [0, 0, 0.175, 0.88], "texture": "#3"},
				"south": {"uv": [0, 0, 0.17504, 0.88], "texture": "#3"},
				"up": {"uv": [0, 0, 0.17504, 0.275], "texture": "#3"},
				"down": {"uv": [0, 0, 0.17504, 0.275], "texture": "#3"}
			}
		},
		{
			"name": "hexadecagon",
			"from": [7.91178, 8.39104, -3.47227],
			"to": [8.08682, 9.27104, -3.19727],
			"rotation": {"angle": -22.5, "axis": "z", "origin": [7.9993, 8.83104, -4.35227]},
			"faces": {
				"north": {"uv": [0, 0, 0.175, 0.88], "texture": "#3"},
				"south": {"uv": [0, 0, 0.17504, 0.88], "texture": "#3"},
				"up": {"uv": [0, 0, 0.17504, 0.275], "texture": "#3"},
				"down": {"uv": [0, 0, 0.17504, 0.275], "texture": "#3"}
			}
		},
		{
			"name": "hexadecagon",
			"from": [7.91178, 8.39104, -3.47227],
			"to": [8.08682, 9.27104, -3.19727],
			"rotation": {"angle": 0, "axis": "z", "origin": [7.9993, 8.83104, -4.35227]},
			"faces": {
				"north": {"uv": [0, 0, 0.175, 0.88], "texture": "#3"},
				"south": {"uv": [0, 0, 0.17504, 0.88], "texture": "#3"},
				"up": {"uv": [0, 0, 0.17504, 0.275], "texture": "#3"},
				"down": {"uv": [0, 0, 0.17504, 0.275], "texture": "#3"}
			}
		},
		{
			"name": "hexadecagon",
			"from": [7.91178, 8.39104, -3.47227],
			"to": [8.08682, 9.27104, -3.19727],
			"rotation": {"angle": 22.5, "axis": "z", "origin": [7.9993, 8.83104, -4.35227]},
			"faces": {
				"north": {"uv": [0, 0, 0.175, 0.88], "texture": "#3"},
				"south": {"uv": [0, 0, 0.17504, 0.88], "texture": "#3"},
				"up": {"uv": [0, 0, 0.17504, 0.275], "texture": "#3"},
				"down": {"uv": [0, 0, 0.17504, 0.275], "texture": "#3"}
			}
		},
		{
			"name": "hexadecagon",
			"from": [7.91178, 8.39104, -3.47227],
			"to": [8.08682, 9.27104, -3.19727],
			"rotation": {"angle": 45, "axis": "z", "origin": [7.9993, 8.83104, -4.35227]},
			"faces": {
				"north": {"uv": [0, 0, 0.175, 0.88], "texture": "#3"},
				"south": {"uv": [0, 0, 0.17504, 0.88], "texture": "#3"},
				"up": {"uv": [0, 0, 0.17504, 0.275], "texture": "#3"},
				"down": {"uv": [0, 0, 0.17504, 0.275], "texture": "#3"}
			}
		},
		{
			"name": "hexadecagon",
			"from": [7.5593, 8.74352, -3.47227],
			"to": [8.4393, 8.91856, -3.19727],
			"rotation": {"angle": -22.5, "axis": "z", "origin": [7.9993, 8.83104, -4.35227]},
			"faces": {
				"north": {"uv": [0, 0, 0.175, 0.88], "texture": "#3"},
				"east": {"uv": [0, 0, 0.275, 0.17504], "texture": "#3"},
				"south": {"uv": [0, 0, 0.88, 0.17504], "texture": "#3"},
				"west": {"uv": [0, 0, 0.275, 0.17504], "texture": "#3"}
			}
		},
		{
			"name": "hexadecagon",
			"from": [7.5593, 8.74352, -3.47227],
			"to": [8.4393, 8.91856, -3.19727],
			"rotation": {"angle": 0, "axis": "z", "origin": [7.9993, 8.83104, -4.35227]},
			"faces": {
				"north": {"uv": [0, 0, 0.175, 0.88], "texture": "#3"},
				"east": {"uv": [0, 0, 0.275, 0.17504], "texture": "#3"},
				"south": {"uv": [0, 0, 0.88, 0.17504], "texture": "#3"},
				"west": {"uv": [0, 0, 0.275, 0.17504], "texture": "#3"}
			}
		},
		{
			"name": "hexadecagon",
			"from": [7.5593, 8.74352, -3.47227],
			"to": [8.4393, 8.91856, -3.19727],
			"rotation": {"angle": 22.5, "axis": "z", "origin": [7.9993, 8.83104, -4.35227]},
			"faces": {
				"north": {"uv": [0, 0, 0.175, 0.88], "texture": "#3"},
				"east": {"uv": [0, 0, 0.275, 0.17504], "texture": "#3"},
				"south": {"uv": [0, 0, 0.88, 0.17504], "texture": "#3"},
				"west": {"uv": [0, 0, 0.275, 0.17504], "texture": "#3"}
			}
		},
		{
			"name": "hexadecagon",
			"from": [7.91178, 8.39104, -3.14227],
			"to": [8.08682, 9.27104, -2.97727],
			"rotation": {"angle": -45, "axis": "z", "origin": [7.9993, 8.83104, -4.35227]},
			"faces": {
				"north": {"uv": [0, 0, 0.175, 0.88], "texture": "#3"},
				"south": {"uv": [0, 0, 0.17504, 0.88], "texture": "#3"},
				"up": {"uv": [0, 0, 0.17504, 0.165], "texture": "#3"},
				"down": {"uv": [0, 0, 0.17504, 0.165], "texture": "#3"}
			}
		},
		{
			"name": "hexadecagon",
			"from": [7.91178, 8.39104, -3.14227],
			"to": [8.08682, 9.27104, -2.97727],
			"rotation": {"angle": -22.5, "axis": "z", "origin": [7.9993, 8.83104, -4.35227]},
			"faces": {
				"north": {"uv": [0, 0, 0.175, 0.88], "texture": "#3"},
				"south": {"uv": [0, 0, 0.17504, 0.88], "texture": "#3"},
				"up": {"uv": [0, 0, 0.17504, 0.165], "texture": "#3"},
				"down": {"uv": [0, 0, 0.17504, 0.165], "texture": "#3"}
			}
		},
		{
			"name": "hexadecagon",
			"from": [7.91178, 8.39104, -3.14227],
			"to": [8.08682, 9.27104, -2.97727],
			"rotation": {"angle": 0, "axis": "z", "origin": [7.9993, 8.83104, -4.35227]},
			"faces": {
				"north": {"uv": [0, 0, 0.175, 0.88], "texture": "#3"},
				"south": {"uv": [0, 0, 0.17504, 0.88], "texture": "#3"},
				"up": {"uv": [0, 0, 0.17504, 0.165], "texture": "#3"},
				"down": {"uv": [0, 0, 0.17504, 0.165], "texture": "#3"}
			}
		},
		{
			"name": "hexadecagon",
			"from": [7.91178, 8.39104, -3.14227],
			"to": [8.08682, 9.27104, -2.97727],
			"rotation": {"angle": 22.5, "axis": "z", "origin": [7.9993, 8.83104, -4.35227]},
			"faces": {
				"north": {"uv": [0, 0, 0.175, 0.88], "texture": "#3"},
				"south": {"uv": [0, 0, 0.17504, 0.88], "texture": "#3"},
				"up": {"uv": [0, 0, 0.17504, 0.165], "texture": "#3"},
				"down": {"uv": [0, 0, 0.17504, 0.165], "texture": "#3"}
			}
		},
		{
			"name": "hexadecagon",
			"from": [7.91178, 8.39104, -3.14227],
			"to": [8.08682, 9.27104, -2.97727],
			"rotation": {"angle": 45, "axis": "z", "origin": [7.9993, 8.83104, -4.35227]},
			"faces": {
				"north": {"uv": [0, 0, 0.175, 0.88], "texture": "#3"},
				"south": {"uv": [0, 0, 0.17504, 0.88], "texture": "#3"},
				"up": {"uv": [0, 0, 0.17504, 0.165], "texture": "#3"},
				"down": {"uv": [0, 0, 0.17504, 0.165], "texture": "#3"}
			}
		},
		{
			"name": "hexadecagon",
			"from": [7.5593, 8.74352, -3.14227],
			"to": [8.4393, 8.91856, -2.97727],
			"rotation": {"angle": -22.5, "axis": "z", "origin": [7.9993, 8.83104, -4.35227]},
			"faces": {
				"north": {"uv": [0, 0, 0.175, 0.88], "texture": "#3"},
				"east": {"uv": [0, 0, 0.165, 0.17504], "texture": "#3"},
				"south": {"uv": [0, 0, 0.88, 0.17504], "texture": "#3"},
				"west": {"uv": [0, 0, 0.165, 0.17504], "texture": "#3"}
			}
		},
		{
			"name": "hexadecagon",
			"from": [7.5593, 8.74352, -3.14227],
			"to": [8.4393, 8.91856, -2.97727],
			"rotation": {"angle": 0, "axis": "z", "origin": [7.9993, 8.83104, -4.35227]},
			"faces": {
				"north": {"uv": [0, 0, 0.175, 0.88], "texture": "#3"},
				"east": {"uv": [0, 0, 0.165, 0.17504], "texture": "#3"},
				"south": {"uv": [0, 0, 0.88, 0.17504], "texture": "#3"},
				"west": {"uv": [0, 0, 0.165, 0.17504], "texture": "#3"}
			}
		},
		{
			"name": "hexadecagon",
			"from": [7.5593, 8.74352, -3.14227],
			"to": [8.4393, 8.91856, -2.97727],
			"rotation": {"angle": 22.5, "axis": "z", "origin": [7.9993, 8.83104, -4.35227]},
			"faces": {
				"north": {"uv": [0, 0, 0.175, 0.88], "texture": "#3"},
				"east": {"uv": [0, 0, 0.165, 0.17504], "texture": "#3"},
				"south": {"uv": [0, 0, 0.88, 0.17504], "texture": "#3"},
				"west": {"uv": [0, 0, 0.165, 0.17504], "texture": "#3"}
			}
		},
		{
			"name": "hexadecagon",
			"from": [8.43671, 8.86977, 14.91788],
			"to": [8.56171, 9.51896, 15.41788],
			"rotation": {"angle": 0, "axis": "z", "origin": [7.99921, 8.69436, -0.89462]},
			"faces": {
				"north": {"uv": [0, 0, 0.175, 0.88], "texture": "#7"},
				"east": {"uv": [0, 3, 0.5, 3.64919], "texture": "#7"},
				"south": {"uv": [7, 3, 7.125, 3.64919], "texture": "#7"},
				"up": {"uv": [3.125, 0.5, 3, 0], "texture": "#7"},
				"down": {"uv": [4.125, 0, 4, 0.5], "texture": "#7"}
			}
		},
		{
			"name": "hexadecagon",
			"from": [8.43671, 8.86977, 12.41788],
			"to": [8.56171, 9.51896, 12.91788],
			"rotation": {"angle": 0, "axis": "z", "origin": [7.99921, 8.69436, -0.89462]},
			"faces": {
				"north": {"uv": [0, 0, 0.175, 0.88], "texture": "#7"},
				"east": {"uv": [0, 3, 0.5, 3.64919], "texture": "#7"},
				"south": {"uv": [7, 3, 7.125, 3.64919], "texture": "#7"},
				"up": {"uv": [3.125, 0.5, 3, 0], "texture": "#7"},
				"down": {"uv": [4.125, 0, 4, 0.5], "texture": "#7"}
			}
		},
		{
			"name": "hexadecagon",
			"from": [8.43671, 9.36977, 12.91788],
			"to": [8.56171, 9.51896, 14.91788],
			"rotation": {"angle": 0, "axis": "z", "origin": [7.99921, 8.69436, -0.89462]},
			"faces": {
				"east": {"uv": [0, 3, 2, 3.14919], "texture": "#7"},
				"up": {"uv": [3.125, 2, 3, 0], "texture": "#7"},
				"down": {"uv": [4.125, 0, 4, 2], "texture": "#7"}
			}
		},
		{
			"name": "hexadecagon",
			"from": [8.43671, 8.86977, 12.91788],
			"to": [8.56171, 9.01896, 14.91788],
			"rotation": {"angle": 0, "axis": "z", "origin": [7.99921, 8.69436, -0.89462]},
			"faces": {
				"east": {"uv": [0, 3, 2, 3.14919], "texture": "#7"},
				"up": {"uv": [3.125, 2, 3, 0], "texture": "#7"},
				"down": {"uv": [4.125, 0, 4, 2], "texture": "#7"}
			}
		},
		{
			"name": "hexadecagon",
			"from": [8.43671, 9.01821, 12.91788],
			"to": [8.53046, 9.37052, 14.91788],
			"rotation": {"angle": 0, "axis": "z", "origin": [7.99921, 8.69436, -0.89462]},
			"faces": {
				"east": {"uv": [0, 3, 2, 3.35231], "texture": "#6"}
			}
		},
		{
			"name": "hexadecagon",
			"from": [7.3125, 9.05041, 0.625],
			"to": [8.6875, 9.19959, 1.375],
			"rotation": {"angle": -45, "axis": "x", "origin": [8, 9.125, 1]},
			"faces": {
				"north": {"uv": [0, 0, 0.125, 0.125], "texture": "#5"},
				"east": {"uv": [0, 0, 0.125, 0.125], "texture": "#7"},
				"south": {"uv": [0, 0, 0.125, 0.125], "texture": "#5"},
				"west": {"uv": [0, 0, 0.125, 0.125], "texture": "#7"},
				"up": {"uv": [0, 0, 0.125, 0.125], "texture": "#7"},
				"down": {"uv": [0, 0, 0.125, 0.125], "texture": "#7"}
			}
		},
		{
			"name": "hexadecagon",
			"from": [7.3125, 9.05041, 0.625],
			"to": [8.6875, 9.19959, 1.375],
			"rotation": {"angle": -22.5, "axis": "x", "origin": [8, 9.125, 1]},
			"faces": {
				"north": {"uv": [0, 0, 0.125, 0.125], "texture": "#5"},
				"east": {"uv": [0, 0, 0.125, 0.125], "texture": "#7"},
				"south": {"uv": [0, 0, 0.125, 0.125], "texture": "#5"},
				"west": {"uv": [0, 0, 0.125, 0.125], "texture": "#7"},
				"up": {"uv": [0, 0, 0.125, 0.125], "texture": "#7"},
				"down": {"uv": [0, 0, 0.125, 0.125], "texture": "#7"}
			}
		},
		{
			"name": "hexadecagon",
			"from": [7.3125, 9.05041, 0.625],
			"to": [8.6875, 9.19959, 1.375],
			"rotation": {"angle": 0, "axis": "x", "origin": [8, 9.125, 1]},
			"faces": {
				"north": {"uv": [0, 0, 0.125, 0.125], "texture": "#5"},
				"east": {"uv": [0, 0, 0.125, 0.125], "texture": "#7"},
				"south": {"uv": [0, 0, 0.125, 0.125], "texture": "#5"},
				"west": {"uv": [0, 0, 0.125, 0.125], "texture": "#7"},
				"up": {"uv": [0, 0, 0.125, 0.125], "texture": "#7"},
				"down": {"uv": [0, 0, 0.125, 0.125], "texture": "#7"}
			}
		},
		{
			"name": "hexadecagon",
			"from": [7.3125, 8.80041, 9.90625],
			"to": [8.6875, 9.44959, 10.15625],
			"rotation": {"angle": 0, "axis": "x", "origin": [8, 9.125, 10.125]},
			"faces": {
				"north": {"uv": [0, 0, 0.125, 0.125], "texture": "#7"},
				"east": {"uv": [0, 0, 0.125, 0.125], "texture": "#7"},
				"south": {"uv": [0, 0, 0.125, 0.125], "texture": "#7"},
				"west": {"uv": [0, 0, 0.125, 0.125], "texture": "#7"},
				"up": {"uv": [0, 0, 0.125, 0.125], "texture": "#7"},
				"down": {"uv": [0, 0, 0.125, 0.125], "texture": "#7"}
			}
		},
		{
			"name": "hexadecagon",
			"from": [7.3125, 9.05041, 0.625],
			"to": [8.6875, 9.19959, 1.375],
			"rotation": {"angle": 22.5, "axis": "x", "origin": [8, 9.125, 1]},
			"faces": {
				"north": {"uv": [0, 0, 0.125, 0.125], "texture": "#5"},
				"east": {"uv": [0, 0, 0.125, 0.125], "texture": "#7"},
				"south": {"uv": [0, 0, 0.125, 0.125], "texture": "#5"},
				"west": {"uv": [0, 0, 0.125, 0.125], "texture": "#7"},
				"up": {"uv": [0, 0, 0.125, 0.125], "texture": "#7"},
				"down": {"uv": [0, 0, 0.125, 0.125], "texture": "#7"}
			}
		},
		{
			"name": "hexadecagon",
			"from": [7.3125, 9.05041, 0.625],
			"to": [8.6875, 9.19959, 1.375],
			"rotation": {"angle": 45, "axis": "x", "origin": [8, 9.125, 1]},
			"faces": {
				"north": {"uv": [0, 0, 0.125, 0.125], "texture": "#5"},
				"east": {"uv": [0, 0, 0.125, 0.125], "texture": "#7"},
				"south": {"uv": [0, 0, 0.125, 0.125], "texture": "#5"},
				"west": {"uv": [0, 0, 0.125, 0.125], "texture": "#7"},
				"up": {"uv": [0, 0, 0.125, 0.125], "texture": "#7"},
				"down": {"uv": [0, 0, 0.125, 0.125], "texture": "#7"}
			}
		},
		{
			"name": "hexadecagon",
			"from": [7.3125, 8.75, 0.92541],
			"to": [8.6875, 9.5, 1.07459],
			"rotation": {"angle": -22.5, "axis": "x", "origin": [8, 9.125, 1]},
			"faces": {
				"north": {"uv": [0, 0, 0.125, 0.125], "texture": "#7"},
				"east": {"uv": [0, 0, 0.125, 0.125], "texture": "#7"},
				"south": {"uv": [0, 0, 0.125, 0.125], "texture": "#7"},
				"west": {"uv": [0, 0, 0.125, 0.125], "texture": "#7"},
				"up": {"uv": [0, 0, 0.125, 0.125], "texture": "#5"},
				"down": {"uv": [0, 0, 0.125, 0.125], "texture": "#5"}
			}
		},
		{
			"name": "hexadecagon",
			"from": [7.3125, 8.75, 0.92541],
			"to": [8.6875, 9.5, 1.07459],
			"rotation": {"angle": 0, "axis": "x", "origin": [8, 9.125, 1]},
			"faces": {
				"north": {"uv": [0, 0, 0.125, 0.125], "texture": "#7"},
				"east": {"uv": [0, 0, 0.125, 0.125], "texture": "#7"},
				"south": {"uv": [0, 0, 0.125, 0.125], "texture": "#7"},
				"west": {"uv": [0, 0, 0.125, 0.125], "texture": "#7"},
				"up": {"uv": [0, 0, 0.125, 0.125], "texture": "#5"},
				"down": {"uv": [0, 0, 0.125, 0.125], "texture": "#5"}
			}
		},
		{
			"name": "hexadecagon",
			"from": [7.3125, 8.75, 0.92541],
			"to": [8.6875, 9.5, 1.07459],
			"rotation": {"angle": 22.5, "axis": "x", "origin": [8, 9.125, 1]},
			"faces": {
				"north": {"uv": [0, 0, 0.125, 0.125], "texture": "#7"},
				"east": {"uv": [0, 0, 0.125, 0.125], "texture": "#7"},
				"south": {"uv": [0, 0, 0.125, 0.125], "texture": "#7"},
				"west": {"uv": [0, 0, 0.125, 0.125], "texture": "#7"},
				"up": {"uv": [0, 0, 0.125, 0.125], "texture": "#5"},
				"down": {"uv": [0, 0, 0.125, 0.125], "texture": "#5"}
			}
		},
		{
			"name": "hexadecagon",
			"from": [7.39382, 9.0625, 1.25],
			"to": [7.41868, 9.1875, 10.125],
			"rotation": {"angle": -45, "axis": "z", "origin": [7.40625, 9.125, 3.75]},
			"faces": {
				"north": {"uv": [0, 0, 0.125, 0.125], "texture": "#7"},
				"east": {"uv": [0, 0, 0.125, 0.125], "texture": "#7"},
				"south": {"uv": [0, 0, 0.125, 0.125], "texture": "#7"},
				"west": {"uv": [0, 0, 0.125, 0.125], "texture": "#7"},
				"up": {"uv": [0, 0, 0.125, 0.125], "texture": "#7"},
				"down": {"uv": [0, 0, 0.125, 0.125], "texture": "#7"}
			}
		},
		{
			"name": "hexadecagon",
			"from": [8.58132, 9.0625, 1.25],
			"to": [8.60618, 9.1875, 10.125],
			"rotation": {"angle": -45, "axis": "z", "origin": [8.59375, 9.125, 3.75]},
			"faces": {
				"north": {"uv": [0, 0, 0.125, 0.125], "texture": "#7"},
				"east": {"uv": [0, 0, 0.125, 0.125], "texture": "#7"},
				"south": {"uv": [0, 0, 0.125, 0.125], "texture": "#7"},
				"west": {"uv": [0, 0, 0.125, 0.125], "texture": "#7"},
				"up": {"uv": [0, 0, 0.125, 0.125], "texture": "#7"},
				"down": {"uv": [0, 0, 0.125, 0.125], "texture": "#7"}
			}
		},
		{
			"name": "hexadecagon",
			"from": [7.39382, 9.0625, 1.25],
			"to": [7.41868, 9.1875, 10.125],
			"rotation": {"angle": -22.5, "axis": "z", "origin": [7.40625, 9.125, 3.75]},
			"faces": {
				"north": {"uv": [0, 0, 0.125, 0.125], "texture": "#7"},
				"east": {"uv": [0, 0, 0.125, 0.125], "texture": "#7"},
				"south": {"uv": [0, 0, 0.125, 0.125], "texture": "#7"},
				"west": {"uv": [0, 0, 0.125, 0.125], "texture": "#7"},
				"up": {"uv": [0, 0, 0.125, 0.125], "texture": "#7"},
				"down": {"uv": [0, 0, 0.125, 0.125], "texture": "#7"}
			}
		},
		{
			"name": "hexadecagon",
			"from": [8.58132, 9.0625, 1.25],
			"to": [8.60618, 9.1875, 10.125],
			"rotation": {"angle": -22.5, "axis": "z", "origin": [8.59375, 9.125, 3.75]},
			"faces": {
				"north": {"uv": [0, 0, 0.125, 0.125], "texture": "#7"},
				"east": {"uv": [0, 0, 0.125, 0.125], "texture": "#7"},
				"south": {"uv": [0, 0, 0.125, 0.125], "texture": "#7"},
				"west": {"uv": [0, 0, 0.125, 0.125], "texture": "#7"},
				"up": {"uv": [0, 0, 0.125, 0.125], "texture": "#7"},
				"down": {"uv": [0, 0, 0.125, 0.125], "texture": "#7"}
			}
		},
		{
			"name": "hexadecagon",
			"from": [7.39382, 9.0625, 1.25],
			"to": [7.41868, 9.1875, 10.125],
			"rotation": {"angle": 0, "axis": "z", "origin": [7.40625, 9.125, 3.75]},
			"faces": {
				"north": {"uv": [0, 0, 0.125, 0.125], "texture": "#7"},
				"east": {"uv": [0, 0, 0.125, 0.125], "texture": "#7"},
				"south": {"uv": [0, 0, 0.125, 0.125], "texture": "#7"},
				"west": {"uv": [0, 0, 0.125, 0.125], "texture": "#7"},
				"up": {"uv": [0, 0, 0.125, 0.125], "texture": "#7"},
				"down": {"uv": [0, 0, 0.125, 0.125], "texture": "#7"}
			}
		},
		{
			"name": "hexadecagon",
			"from": [8.58132, 9.0625, 1.25],
			"to": [8.60618, 9.1875, 10.125],
			"rotation": {"angle": 0, "axis": "z", "origin": [8.59375, 9.125, 3.75]},
			"faces": {
				"north": {"uv": [0, 0, 0.125, 0.125], "texture": "#7"},
				"east": {"uv": [0, 0, 0.125, 0.125], "texture": "#7"},
				"south": {"uv": [0, 0, 0.125, 0.125], "texture": "#7"},
				"west": {"uv": [0, 0, 0.125, 0.125], "texture": "#7"},
				"up": {"uv": [0, 0, 0.125, 0.125], "texture": "#7"},
				"down": {"uv": [0, 0, 0.125, 0.125], "texture": "#7"}
			}
		},
		{
			"name": "hexadecagon",
			"from": [7.39382, 9.0625, 1.25],
			"to": [7.41868, 9.1875, 10.125],
			"rotation": {"angle": 22.5, "axis": "z", "origin": [7.40625, 9.125, 3.75]},
			"faces": {
				"north": {"uv": [0, 0, 0.125, 0.125], "texture": "#7"},
				"east": {"uv": [0, 0, 0.125, 0.125], "texture": "#7"},
				"south": {"uv": [0, 0, 0.125, 0.125], "texture": "#7"},
				"west": {"uv": [0, 0, 0.125, 0.125], "texture": "#7"},
				"up": {"uv": [0, 0, 0.125, 0.125], "texture": "#7"},
				"down": {"uv": [0, 0, 0.125, 0.125], "texture": "#7"}
			}
		},
		{
			"name": "hexadecagon",
			"from": [8.58132, 9.0625, 1.25],
			"to": [8.60618, 9.1875, 10.125],
			"rotation": {"angle": 22.5, "axis": "z", "origin": [8.59375, 9.125, 3.75]},
			"faces": {
				"north": {"uv": [0, 0, 0.125, 0.125], "texture": "#7"},
				"east": {"uv": [0, 0, 0.125, 0.125], "texture": "#7"},
				"south": {"uv": [0, 0, 0.125, 0.125], "texture": "#7"},
				"west": {"uv": [0, 0, 0.125, 0.125], "texture": "#7"},
				"up": {"uv": [0, 0, 0.125, 0.125], "texture": "#7"},
				"down": {"uv": [0, 0, 0.125, 0.125], "texture": "#7"}
			}
		},
		{
			"name": "hexadecagon",
			"from": [7.39382, 9.0625, 1.25],
			"to": [7.41868, 9.1875, 10.125],
			"rotation": {"angle": 45, "axis": "z", "origin": [7.40625, 9.125, 3.75]},
			"faces": {
				"north": {"uv": [0, 0, 0.125, 0.125], "texture": "#7"},
				"east": {"uv": [0, 0, 0.125, 0.125], "texture": "#7"},
				"south": {"uv": [0, 0, 0.125, 0.125], "texture": "#7"},
				"west": {"uv": [0, 0, 0.125, 0.125], "texture": "#7"},
				"up": {"uv": [0, 0, 0.125, 0.125], "texture": "#7"},
				"down": {"uv": [0, 0, 0.125, 0.125], "texture": "#7"}
			}
		},
		{
			"name": "hexadecagon",
			"from": [8.58132, 9.0625, 1.25],
			"to": [8.60618, 9.1875, 10.125],
			"rotation": {"angle": 45, "axis": "z", "origin": [8.59375, 9.125, 3.75]},
			"faces": {
				"north": {"uv": [0, 0, 0.125, 0.125], "texture": "#7"},
				"east": {"uv": [0, 0, 0.125, 0.125], "texture": "#7"},
				"south": {"uv": [0, 0, 0.125, 0.125], "texture": "#7"},
				"west": {"uv": [0, 0, 0.125, 0.125], "texture": "#7"},
				"up": {"uv": [0, 0, 0.125, 0.125], "texture": "#7"},
				"down": {"uv": [0, 0, 0.125, 0.125], "texture": "#7"}
			}
		},
		{
			"name": "hexadecagon",
			"from": [7.34375, 9.11257, 1.25],
			"to": [7.46875, 9.13743, 10.125],
			"rotation": {"angle": -22.5, "axis": "z", "origin": [7.40625, 9.125, 3.75]},
			"faces": {
				"north": {"uv": [0, 0, 0.125, 0.125], "texture": "#7"},
				"east": {"uv": [0, 0, 0.125, 0.125], "texture": "#7"},
				"south": {"uv": [0, 0, 0.125, 0.125], "texture": "#7"},
				"west": {"uv": [0, 0, 0.125, 0.125], "texture": "#7"},
				"up": {"uv": [0, 0, 0.125, 0.125], "texture": "#7"},
				"down": {"uv": [0, 0, 0.125, 0.125], "texture": "#7"}
			}
		},
		{
			"name": "hexadecagon",
			"from": [8.53125, 9.11257, 1.25],
			"to": [8.65625, 9.13743, 10.125],
			"rotation": {"angle": -22.5, "axis": "z", "origin": [8.59375, 9.125, 3.75]},
			"faces": {
				"north": {"uv": [0, 0, 0.125, 0.125], "texture": "#7"},
				"east": {"uv": [0, 0, 0.125, 0.125], "texture": "#7"},
				"south": {"uv": [0, 0, 0.125, 0.125], "texture": "#7"},
				"west": {"uv": [0, 0, 0.125, 0.125], "texture": "#7"},
				"up": {"uv": [0, 0, 0.125, 0.125], "texture": "#7"},
				"down": {"uv": [0, 0, 0.125, 0.125], "texture": "#7"}
			}
		},
		{
			"name": "hexadecagon",
			"from": [7.34375, 9.11257, 1.25],
			"to": [7.46875, 9.13743, 10.125],
			"rotation": {"angle": 0, "axis": "z", "origin": [7.40625, 9.125, 3.75]},
			"faces": {
				"north": {"uv": [0, 0, 0.125, 0.125], "texture": "#7"},
				"east": {"uv": [0, 0, 0.125, 0.125], "texture": "#7"},
				"south": {"uv": [0, 0, 0.125, 0.125], "texture": "#7"},
				"west": {"uv": [0, 0, 0.125, 0.125], "texture": "#7"},
				"up": {"uv": [0, 0, 0.125, 0.125], "texture": "#7"},
				"down": {"uv": [0, 0, 0.125, 0.125], "texture": "#7"}
			}
		},
		{
			"name": "hexadecagon",
			"from": [8.53125, 9.11257, 1.25],
			"to": [8.65625, 9.13743, 10.125],
			"rotation": {"angle": 0, "axis": "z", "origin": [8.59375, 9.125, 3.75]},
			"faces": {
				"north": {"uv": [0, 0, 0.125, 0.125], "texture": "#7"},
				"east": {"uv": [0, 0, 0.125, 0.125], "texture": "#7"},
				"south": {"uv": [0, 0, 0.125, 0.125], "texture": "#7"},
				"west": {"uv": [0, 0, 0.125, 0.125], "texture": "#7"},
				"up": {"uv": [0, 0, 0.125, 0.125], "texture": "#7"},
				"down": {"uv": [0, 0, 0.125, 0.125], "texture": "#7"}
			}
		},
		{
			"name": "hexadecagon",
			"from": [7.34375, 9.11257, 1.25],
			"to": [7.46875, 9.13743, 10.125],
			"rotation": {"angle": 22.5, "axis": "z", "origin": [7.40625, 9.125, 3.75]},
			"faces": {
				"north": {"uv": [0, 0, 0.125, 0.125], "texture": "#7"},
				"east": {"uv": [0, 0, 0.125, 0.125], "texture": "#7"},
				"south": {"uv": [0, 0, 0.125, 0.125], "texture": "#7"},
				"west": {"uv": [0, 0, 0.125, 0.125], "texture": "#7"},
				"up": {"uv": [0, 0, 0.125, 0.125], "texture": "#7"},
				"down": {"uv": [0, 0, 0.125, 0.125], "texture": "#7"}
			}
		},
		{
			"name": "hexadecagon",
			"from": [8.53125, 9.11257, 1.25],
			"to": [8.65625, 9.13743, 10.125],
			"rotation": {"angle": 22.5, "axis": "z", "origin": [8.59375, 9.125, 3.75]},
			"faces": {
				"north": {"uv": [0, 0, 0.125, 0.125], "texture": "#7"},
				"east": {"uv": [0, 0, 0.125, 0.125], "texture": "#7"},
				"south": {"uv": [0, 0, 0.125, 0.125], "texture": "#7"},
				"west": {"uv": [0, 0, 0.125, 0.125], "texture": "#7"},
				"up": {"uv": [0, 0, 0.125, 0.125], "texture": "#7"},
				"down": {"uv": [0, 0, 0.125, 0.125], "texture": "#7"}
			}
		}
	],
	"display": {
		"thirdperson_righthand": {
			"translation": [-1.25, 0.75, 0.5],
			"scale": [0.75, 0.75, 0.75]
		},
		"thirdperson_lefthand": {
			"translation": [-1.25, 0.25, 0.5],
			"scale": [0.75, 0.75, 0.75]
		},
		"firstperson_righthand": {
			"translation": [10.25, -9.75, -26.25],
			"scale": [4, 4, 2.93]
		},
		"firstperson_lefthand": {
			"translation": [10.25, -9.75, -26.25],
			"scale": [4, 4, 2.93]
		},
		"ground": {
			"rotation": [0, 0, 90],
			"translation": [0, -2.75, 0],
			"scale": [0.9, 0.9, 0.9]
		},
		"gui": {
			"rotation": [-90, 135, 90],
			"translation": [-0.75, 0.25, 0],
			"scale": [0.75, 0.75, 0.75]
		},
		"fixed": {
			"rotation": [90, 45, -90],
			"translation": [0, 0.5, -1.75],
			"scale": [1.5, 1.5, 1.5]
		}
	},
	"groups": [
		{
			"name": "group",
			"origin": [7.99921, 8.69436, -0.89462],
			"children": [0, 1, 2, 3, 4, 5, 6, 7, 8, 9, 10, 11, 12, 13, 14, 15, 16, 17, 18, 19, 20, 21, 22, 23, 24, 25, 26, 27, 28, 29, 30, 31, 32, 33, 34, 35, 36, 37, 38, 39, 40, 41, 42, 43, 44, 45, 46, 47, 48, 49, 50, 51, 52, 53, 54, 55, 56, 57, 58, 59, 60, 61, 62, 63, 64, 65, 66, 67, 68, 69, 70, 71, 72, 73, 74, 75, 76, 77, 78, 79, 80, 81, 82, 83, 84, 85, 86, 87, 88, 89, 90, 91, 92, 93, 94, 95, 96, 97, 98, 99, 100, 101, 102, 103, 104, 105, 106, 107, 108, 109, 110, 111, 112, 113, 114, 115, 116, 117, 118, 119, 120, 121, 122, 123, 124, 125, 126, 127, 128, 129, 130]
		},
		{
			"name": "hexadecagon",
			"origin": [8, 8, 8],
			"children": [131, 132, 133, 134, 135, 136, 137, 138, 139, 140, 141, 142, 143, 144, 145, 146, 147, 148, 149, 150, 151, 152, 153, 154, 155]
		}
	]
}