{
	"credit": "Made with Blockbench",
	"textures": {
		"1": "guns/gunmetal3",
		"3": "guns/gunmetal6",
		"4": "guns/gunmetal4",
		"5": "guns/gunmetal8",
		"6": "guns/light_metal",
		"8": "guns/darkgunmetal_1",
		"particle": "guns/light_metal"
	},
	"elements": [
		{
			"from": [6.8781, -0.29844, 14.61826],
			"to": [9.1281, 8.13906, 21.36826],
			"rotation": {"angle": -22.5, "axis": "x", "origin": [7.9908, 16.11202, 8.42988]},
			"faces": {
				"north": {"uv": [0, 0, 1.125, 4.21875], "texture": "#3"},
				"east": {"uv": [0, 0, 3.375, 4.21875], "texture": "#3"},
				"south": {"uv": [0, 0, 1.125, 4.21875], "texture": "#3"},
				"west": {"uv": [0, 0, 3.375, 4.21875], "texture": "#3"},
				"up": {"uv": [0, 0, 1.125, 3.375], "texture": "#3"},
				"down": {"uv": [0, 0, 1.125, 3.375], "texture": "#3"}
			}
		},
		{
			"from": [6.8781, 14.7157, 19.74708],
			"to": [9.1281, 16.0282, 26.12208],
			"rotation": {"angle": 0, "axis": "x", "origin": [7.9908, 16.11202, 8.42988]},
			"faces": {
				"north": {"uv": [0, 0, 1.125, 0.65625], "texture": "#3"},
				"east": {"uv": [0, 0, 3.1875, 0.65625], "texture": "#3"},
				"south": {"uv": [0, 0, 1.125, 0.65625], "texture": "#3"},
				"west": {"uv": [0, 0, 3.1875, 0.65625], "texture": "#3"},
				"up": {"uv": [0, 0, 1.125, 3.1875], "texture": "#3"},
				"down": {"uv": [0, 0, 1.125, 3.1875], "texture": "#3"}
			}
		},
		{
			"from": [6.8781, 16.10576, 1.94436],
			"to": [9.1281, 16.41826, 26.06936],
			"rotation": {"angle": 0, "axis": "x", "origin": [7.9908, 16.11202, 8.42988]},
			"faces": {
				"north": {"uv": [0, 0, 1.125, 0.15625], "texture": "#3"},
				"east": {"uv": [0, 0, 12.0625, 0.15625], "texture": "#3"},
				"south": {"uv": [0, 0, 1.125, 0.15625], "texture": "#3"},
				"west": {"uv": [0, 0, 12.0625, 0.15625], "texture": "#3"},
				"up": {"uv": [0, 0, 1.125, 12.0625], "texture": "#3"},
				"down": {"uv": [0, 0, 1.125, 12.0625], "texture": "#3"}
			}
		},
		{
			"from": [6.8781, 16.41826, 1.94436],
			"to": [9.1281, 17.23076, 15.69436],
			"rotation": {"angle": 0, "axis": "x", "origin": [7.9908, 16.11202, 8.42988]},
			"faces": {
				"north": {"uv": [0, 0, 1.125, 0.40625], "texture": "#3"},
				"east": {"uv": [0, 0, 6.875, 0.40625], "texture": "#3"},
				"south": {"uv": [0, 0, 1.125, 0.40625], "texture": "#3"},
				"west": {"uv": [0, 0, 6.875, 0.40625], "texture": "#3"},
				"up": {"uv": [0, 0, 1.125, 6.875], "texture": "#3"},
				"down": {"uv": [0, 0, 1.125, 6.875], "texture": "#3"}
			}
		},
		{
			"from": [6.8781, 17.23076, 1.94436],
			"to": [9.1281, 18.91826, 15.69436],
			"rotation": {"angle": 0, "axis": "x", "origin": [7.9908, 16.11202, 8.42988]},
			"faces": {
				"north": {"uv": [0, 0, 1.125, 0.84375], "texture": "#3"},
				"east": {"uv": [0, 0, 6.875, 0.84375], "texture": "#3"},
				"south": {"uv": [0, 0, 1.125, 0.84375], "texture": "#3"},
				"west": {"uv": [0, 0, 6.875, 0.84375], "texture": "#3"},
				"up": {"uv": [0, 0, 1.125, 6.875], "texture": "#3"},
				"down": {"uv": [0, 0, 1.125, 6.875], "texture": "#3"}
			}
		},
		{
			"from": [7.1906, 18.91826, 1.94436],
			"to": [8.8156, 19.66826, 11.44436],
			"rotation": {"angle": 0, "axis": "x", "origin": [7.9908, 16.11202, 8.42988]},
			"faces": {
				"north": {"uv": [0, 0, 0.8125, 0.375], "texture": "#3"},
				"east": {"uv": [0, 0, 4.75, 0.375], "texture": "#3"},
				"south": {"uv": [0, 0, 0.8125, 0.375], "texture": "#3"},
				"west": {"uv": [0, 0, 4.75, 0.375], "texture": "#3"},
				"up": {"uv": [0, 0, 0.8125, 4.75], "texture": "#3"},
				"down": {"uv": [0, 0, 0.8125, 4.75], "texture": "#3"}
			}
		},
		{
			"from": [7.1906, 18.91826, 15.19436],
			"to": [8.8156, 19.66826, 26.06936],
			"rotation": {"angle": 0, "axis": "x", "origin": [7.9908, 16.11202, 8.42988]},
			"faces": {
				"north": {"uv": [0, 0, 0.8125, 0.375], "texture": "#3"},
				"east": {"uv": [0, 0, 5.4375, 0.375], "texture": "#3"},
				"south": {"uv": [0, 0, 0.8125, 0.375], "texture": "#3"},
				"west": {"uv": [0, 0, 5.4375, 0.375], "texture": "#3"},
				"up": {"uv": [0, 0, 0.8125, 5.4375], "texture": "#3"},
				"down": {"uv": [0, 0, 0.8125, 5.4375], "texture": "#3"}
			}
		},
		{
			"from": [7.4406, 24.75962, 20.51822],
			"to": [7.8156, 25.50962, 21.14322],
			"rotation": {"angle": 22.5, "axis": "x", "origin": [7.9908, 16.11202, 8.42988]},
			"faces": {
				"north": {"uv": [0, 0, 0.1875, 0.375], "texture": "#3"},
				"east": {"uv": [0, 0, 0.3125, 0.375], "texture": "#3"},
				"south": {"uv": [0, 0, 0.1875, 0.375], "texture": "#3"},
				"west": {"uv": [0, 0, 0.3125, 0.375], "texture": "#3"},
				"up": {"uv": [0, 0, 0.1875, 0.3125], "texture": "#3"},
				"down": {"uv": [0, 0, 0.1875, 0.3125], "texture": "#3"}
			}
		},
		{
			"from": [7.4406, 19.41826, 23.19436],
			"to": [7.8156, 20.16826, 23.9131],
			"rotation": {"angle": 0, "axis": "x", "origin": [7.9908, 16.11202, 8.42988]},
			"faces": {
				"north": {"uv": [0, 0, 0.1875, 0.375], "texture": "#3"},
				"east": {"uv": [0, 0, 0.35938, 0.375], "texture": "#3"},
				"south": {"uv": [0, 0, 0.1875, 0.375], "texture": "#6"},
				"west": {"uv": [0, 0, 0.35938, 0.375], "texture": "#3"},
				"up": {"uv": [0, 0, 0.1875, 0.35938], "texture": "#3"},
				"down": {"uv": [0, 0, 0.1875, 0.35938], "texture": "#3"}
			}
		},
		{
			"from": [8.1906, 24.75962, 20.51822],
			"to": [8.5656, 25.50962, 21.14322],
			"rotation": {"angle": 22.5, "axis": "x", "origin": [7.9908, 16.11202, 8.42988]},
			"faces": {
				"north": {"uv": [0, 0, 0.1875, 0.375], "texture": "#3"},
				"east": {"uv": [0, 0, 0.3125, 0.375], "texture": "#3"},
				"south": {"uv": [0, 0, 0.1875, 0.375], "texture": "#3"},
				"west": {"uv": [0, 0, 0.3125, 0.375], "texture": "#3"},
				"up": {"uv": [0, 0, 0.1875, 0.3125], "texture": "#3"},
				"down": {"uv": [0, 0, 0.1875, 0.3125], "texture": "#3"}
			}
		},
		{
			"from": [8.1906, 19.41826, 23.19436],
			"to": [8.5656, 20.16826, 23.9131],
			"rotation": {"angle": 0, "axis": "x", "origin": [7.9908, 16.11202, 8.42988]},
			"faces": {
				"north": {"uv": [0, 0, 0.1875, 0.375], "texture": "#3"},
				"east": {"uv": [0, 0, 0.35938, 0.375], "texture": "#3"},
				"south": {"uv": [0, 0, 0.1875, 0.375], "texture": "#6"},
				"west": {"uv": [0, 0, 0.35938, 0.375], "texture": "#3"},
				"up": {"uv": [0, 0, 0.1875, 0.35938], "texture": "#3"},
				"down": {"uv": [0, 0, 0.1875, 0.35938], "texture": "#3"}
			}
		},
		{
			"from": [7.8781, 20.85404, 4.56876],
			"to": [8.1281, 21.60404, 5.44376],
			"rotation": {"angle": -22.5, "axis": "x", "origin": [7.9908, 16.11202, 8.42988]},
			"faces": {
				"north": {"uv": [0, 0, 0.125, 0.375], "texture": "#3"},
				"east": {"uv": [0, 0, 0.4375, 0.375], "texture": "#3"},
				"south": {"uv": [0, 0, 0.125, 0.375], "texture": "#6"},
				"west": {"uv": [0, 0, 0.4375, 0.375], "texture": "#3"},
				"up": {"uv": [0, 0, 0.125, 0.4375], "texture": "#3"},
				"down": {"uv": [0, 0, 0.125, 0.4375], "texture": "#3"}
			}
		},
		{
			"from": [7.8781, 19.29326, 2.69436],
			"to": [8.1281, 20.04326, 3.56936],
			"rotation": {"angle": 0, "axis": "x", "origin": [7.9908, 16.11202, 8.42988]},
			"faces": {
				"north": {"uv": [0, 0, 0.125, 0.375], "texture": "#3"},
				"east": {"uv": [0, 0, 0.4375, 0.375], "texture": "#3"},
				"south": {"uv": [0, 0, 0.125, 0.375], "texture": "#3"},
				"west": {"uv": [0, 0, 0.4375, 0.375], "texture": "#3"},
				"up": {"uv": [0, 0, 0.125, 0.4375], "texture": "#3"},
				"down": {"uv": [0, 0, 0.125, 0.4375], "texture": "#3"}
			}
		},
		{
			"from": [7.6906, 23.61576, 22.94738],
			"to": [8.3156, 25.61576, 24.32238],
			"rotation": {"angle": 22.5, "axis": "x", "origin": [7.9908, 16.11202, 8.42988]},
			"faces": {
				"north": {"uv": [0, 0, 0.3125, 1], "texture": "#4"},
				"east": {"uv": [0, 0, 0.6875, 1], "texture": "#4"},
				"south": {"uv": [0, 0, 0.3125, 1], "texture": "#4"},
				"west": {"uv": [0, 0, 0.6875, 1], "texture": "#4"},
				"up": {"uv": [0, 0, 0.3125, 0.6875], "texture": "#4"},
				"down": {"uv": [0, 0, 0.3125, 0.6875], "texture": "#4"}
			}
		},
		{
			"from": [6.8781, 16.41826, 15.69436],
			"to": [9.1281, 18.91826, 26.1006],
			"rotation": {"angle": 0, "axis": "x", "origin": [7.9908, 16.11202, 8.42988]},
			"faces": {
				"north": {"uv": [0, 0, 1.125, 1.25], "texture": "#3"},
				"east": {"uv": [0, 0, 5.20313, 1.25], "texture": "#3"},
				"south": {"uv": [0, 0, 1.125, 1.25], "texture": "#3"},
				"west": {"uv": [0, 0, 5.20313, 1.25], "texture": "#3"},
				"up": {"uv": [0, 0, 1.125, 5.20313], "texture": "#3"},
				"down": {"uv": [0, 0, 1.125, 5.20313], "texture": "#3"}
			}
		},
		{
			"from": [5.8889, 18.27884, 1.94436],
			"to": [6.6389, 19.09134, 11.44436],
			"rotation": {"angle": -22.5, "axis": "z", "origin": [7.9908, 16.11202, 8.42988]},
			"faces": {
				"north": {"uv": [0, 0, 0.375, 0.40625], "texture": "#3"},
				"east": {"uv": [0, 0, 4.75, 0.40625], "texture": "#3"},
				"south": {"uv": [0, 0, 0.375, 0.40625], "texture": "#3"},
				"west": {"uv": [0, 0, 4.75, 0.40625], "texture": "#3"},
				"up": {"uv": [0, 0, 0.375, 4.75], "texture": "#3"},
				"down": {"uv": [0, 0, 0.375, 4.75], "texture": "#3"}
			}
		},
		{
			"from": [5.8889, 18.27884, 15.19436],
			"to": [6.6389, 19.09134, 26.06936],
			"rotation": {"angle": -22.5, "axis": "z", "origin": [7.9908, 16.11202, 8.42988]},
			"faces": {
				"north": {"uv": [0, 0, 0.375, 0.40625], "texture": "#3"},
				"east": {"uv": [0, 0, 5.4375, 0.40625], "texture": "#3"},
				"south": {"uv": [0, 0, 0.375, 0.40625], "texture": "#3"},
				"west": {"uv": [0, 0, 5.4375, 0.40625], "texture": "#3"},
				"up": {"uv": [0, 0, 0.375, 5.4375], "texture": "#3"},
				"down": {"uv": [0, 0, 0.375, 5.4375], "texture": "#3"}
			}
		},
		{
			"from": [5.8889, 18.27884, 11.44436],
			"to": [6.6389, 18.84134, 15.19436],
			"rotation": {"angle": -22.5, "axis": "z", "origin": [7.9908, 16.11202, 8.42988]},
			"faces": {
				"north": {"uv": [0, 0, 0.375, 0.28125], "texture": "#3"},
				"east": {"uv": [0, 0, 1.875, 0.28125], "texture": "#3"},
				"south": {"uv": [0, 0, 0.375, 0.28125], "texture": "#3"},
				"west": {"uv": [0, 0, 1.875, 0.28125], "texture": "#3"},
				"up": {"uv": [0, 0, 0.375, 1.875], "texture": "#3"},
				"down": {"uv": [0, 0, 0.375, 1.875], "texture": "#3"}
			}
		},
		{
			"from": [9.36544, 18.26942, 1.94436],
			"to": [10.11544, 19.08192, 11.44436],
			"rotation": {"angle": 22.5, "axis": "z", "origin": [7.9908, 16.11202, 8.42988]},
			"faces": {
				"north": {"uv": [0, 0, 0.375, 0.40625], "texture": "#3"},
				"east": {"uv": [0, 0, 4.75, 0.40625], "texture": "#3"},
				"south": {"uv": [0, 0, 0.375, 0.40625], "texture": "#3"},
				"west": {"uv": [0, 0, 4.75, 0.40625], "texture": "#3"},
				"up": {"uv": [0, 0, 0.375, 4.75], "texture": "#3"},
				"down": {"uv": [0, 0, 0.375, 4.75], "texture": "#3"}
			}
		},
		{
			"from": [9.36544, 18.26942, 15.19436],
			"to": [10.11544, 19.08192, 26.06936],
			"rotation": {"angle": 22.5, "axis": "z", "origin": [7.9908, 16.11202, 8.42988]},
			"faces": {
				"north": {"uv": [0, 0, 0.375, 0.40625], "texture": "#3"},
				"east": {"uv": [0, 0, 5.4375, 0.40625], "texture": "#3"},
				"south": {"uv": [0, 0, 0.375, 0.40625], "texture": "#3"},
				"west": {"uv": [0, 0, 5.4375, 0.40625], "texture": "#3"},
				"up": {"uv": [0, 0, 0.375, 5.4375], "texture": "#3"},
				"down": {"uv": [0, 0, 0.375, 5.4375], "texture": "#3"}
			}
		},
		{
			"from": [9.21032, 18.31236, 11.44436],
			"to": [9.96032, 18.87486, 15.19436],
			"rotation": {"angle": 22.5, "axis": "z", "origin": [7.9908, 16.11202, 8.42988]},
			"faces": {
				"north": {"uv": [0, 0, 0.375, 0.28125], "texture": "#1"},
				"east": {"uv": [0, 0, 1.875, 0.28125], "texture": "#1"},
				"south": {"uv": [0, 0, 0.375, 0.28125], "texture": "#1"},
				"west": {"uv": [0, 0, 1.875, 0.28125], "texture": "#1"},
				"up": {"uv": [0, 0, 0.375, 1.875], "texture": "#1"},
				"down": {"uv": [0, 0, 0.375, 1.875], "texture": "#1"}
			}
		},
		{
			"from": [7.1281, 19.16826, 11.44436],
			"to": [8.7531, 19.41826, 15.19436],
			"rotation": {"angle": 0, "axis": "x", "origin": [7.9908, 16.11202, 8.42988]},
			"faces": {
				"north": {"uv": [0, 0, 0.8125, 0.125], "texture": "#1"},
				"east": {"uv": [0, 0, 1.875, 0.125], "texture": "#1"},
				"south": {"uv": [0, 0, 0.8125, 0.125], "texture": "#1"},
				"west": {"uv": [0, 0, 1.875, 0.125], "texture": "#1"},
				"up": {"uv": [0, 0, 0.8125, 1.875], "texture": "#1"},
				"down": {"uv": [0, 0, 0.8125, 1.875], "texture": "#1"}
			}
		},
		{
			"from": [7.1281, 15.85576, 2.06936],
			"to": [8.8781, 16.41826, 25.81936],
			"rotation": {"angle": 0, "axis": "x", "origin": [7.9908, 16.11202, 8.42988]},
			"faces": {
				"north": {"uv": [0, 0, 0.875, 0.28125], "texture": "#8"},
				"east": {"uv": [0, 0, 11.875, 0.28125], "texture": "#8"},
				"south": {"uv": [0, 0, 0.875, 0.28125], "texture": "#8"},
				"west": {"uv": [0, 0, 11.875, 0.28125], "texture": "#8"},
				"up": {"uv": [0, 0, 0.875, 11.875], "texture": "#8"},
				"down": {"uv": [0, 0, 0.875, 11.875], "texture": "#8"}
			}
		},
		{
			"from": [6.8781, 11.0907, 17.12208],
			"to": [9.1281, 16.0282, 23.87208],
			"rotation": {"angle": 0, "axis": "x", "origin": [7.9908, 16.11202, 8.42988]},
			"faces": {
				"north": {"uv": [0, 0, 1.125, 2.46875], "texture": "#3"},
				"east": {"uv": [0, 0, 3.375, 2.46875], "texture": "#3"},
				"south": {"uv": [0, 0, 1.125, 2.46875], "texture": "#3"},
				"west": {"uv": [0, 0, 3.375, 2.46875], "texture": "#3"},
				"up": {"uv": [0, 0, 1.125, 3.375], "texture": "#3"},
				"down": {"uv": [0, 0, 1.125, 3.375], "texture": "#3"}
			}
		},
		{
			"from": [7.6281, 8.14398, 12.77454],
			"to": [8.3781, 8.67522, 14.77454],
			"rotation": {"angle": -22.5, "axis": "x", "origin": [7.9908, 16.11202, 8.42988]},
			"faces": {
				"north": {"uv": [0, 0, 0.375, 0.26563], "texture": "#3"},
				"east": {"uv": [0, 0, 1, 0.26563], "texture": "#3"},
				"south": {"uv": [0, 0, 0.375, 0.26563], "texture": "#3"},
				"west": {"uv": [0, 0, 1, 0.26563], "texture": "#3"},
				"up": {"uv": [0, 0, 0.375, 1], "texture": "#3"},
				"down": {"uv": [0, 0, 0.375, 1], "texture": "#3"}
			}
		},
		{
			"from": [7.6281, 10.41314, 11.74306],
			"to": [8.3781, 10.94438, 15.49306],
			"rotation": {"angle": 0, "axis": "x", "origin": [7.9908, 16.11202, 8.42988]},
			"faces": {
				"north": {"uv": [0, 0, 0.375, 0.26563], "texture": "#3"},
				"east": {"uv": [0, 0, 1.875, 0.26563], "texture": "#3"},
				"south": {"uv": [0, 0, 0.375, 0.26563], "texture": "#3"},
				"west": {"uv": [0, 0, 1.875, 0.26563], "texture": "#3"},
				"up": {"uv": [0, 0, 0.375, 1.875], "texture": "#3"},
				"down": {"uv": [0, 0, 0.375, 1.875], "texture": "#3"}
			}
		},
		{
			"from": [7.6281, 12.11484, 12.57798],
			"to": [8.3781, 12.64608, 13.67174],
			"rotation": {"angle": 22.5, "axis": "x", "origin": [7.9908, 16.11202, 8.42988]},
			"faces": {
				"north": {"uv": [0, 0, 0.375, 0.26563], "texture": "#3"},
				"east": {"uv": [0, 0, 0.54688, 0.26563], "texture": "#3"},
				"south": {"uv": [0, 0, 0.375, 0.26563], "texture": "#3"},
				"west": {"uv": [0, 0, 0.54688, 0.26563], "texture": "#3"},
				"up": {"uv": [0, 0, 0.375, 0.54688], "texture": "#3"},
				"down": {"uv": [0, 0, 0.375, 0.54688], "texture": "#3"}
			}
		},
		{
			"from": [7.6281, 10.85064, 10.74306],
			"to": [8.3781, 15.69438, 11.27432],
			"rotation": {"angle": 0, "axis": "x", "origin": [7.9908, 16.11202, 8.42988]},
			"faces": {
				"north": {"uv": [0, 0, 0.375, 2.42188], "rotation": 180, "texture": "#3"},
				"east": {"uv": [0, 0, 2.42188, 0.26563], "rotation": 270, "texture": "#3"},
				"south": {"uv": [0, 0, 0.375, 2.42188], "texture": "#3"},
				"west": {"uv": [0, 0, 2.42188, 0.26563], "rotation": 90, "texture": "#3"},
				"up": {"uv": [0, 0, 0.375, 0.26563], "rotation": 180, "texture": "#3"},
				"down": {"uv": [0, 0, 0.375, 0.26563], "texture": "#3"}
			}
		},
		{
			"from": [7.6281, 12.85064, 14.99306],
			"to": [8.3781, 15.19438, 15.52432],
			"rotation": {"angle": 0, "axis": "x", "origin": [7.9908, 16.11202, 8.42988]},
			"faces": {
				"north": {"uv": [0, 0, 0.375, 1.17188], "rotation": 180, "texture": "#3"},
				"east": {"uv": [0, 0, 1.17188, 0.26563], "rotation": 270, "texture": "#3"},
				"south": {"uv": [0, 0, 0.375, 1.17188], "texture": "#3"},
				"west": {"uv": [0, 0, 1.17188, 0.26563], "rotation": 90, "texture": "#3"},
				"up": {"uv": [0, 0, 0.375, 0.26563], "rotation": 180, "texture": "#3"},
				"down": {"uv": [0, 0, 0.375, 0.26563], "texture": "#3"}
			}
		},
		{
			"from": [7.6281, 14.97006, 15.70112],
			"to": [8.3781, 15.81382, 16.23236],
			"rotation": {"angle": 22.5, "axis": "x", "origin": [7.9908, 16.11202, 8.42988]},
			"faces": {
				"north": {"uv": [0, 0, 0.375, 0.42188], "rotation": 180, "texture": "#3"},
				"east": {"uv": [0, 0, 0.42188, 0.26563], "rotation": 270, "texture": "#3"},
				"south": {"uv": [0, 0, 0.375, 0.42188], "texture": "#3"},
				"west": {"uv": [0, 0, 0.42188, 0.26563], "rotation": 90, "texture": "#3"},
				"up": {"uv": [0, 0, 0.375, 0.26563], "rotation": 180, "texture": "#3"},
				"down": {"uv": [0, 0, 0.375, 0.26563], "texture": "#3"}
			}
		},
		{
			"from": [7.6281, 17.19912, 15.54418],
			"to": [8.3781, 18.04286, 16.07544],
			"rotation": {"angle": 45, "axis": "x", "origin": [7.9908, 16.11202, 8.42988]},
			"faces": {
				"north": {"uv": [0, 0, 0.375, 0.42188], "rotation": 180, "texture": "#3"},
				"east": {"uv": [0, 0, 0.42188, 0.26563], "rotation": 270, "texture": "#3"},
				"south": {"uv": [0, 0, 0.375, 0.42188], "texture": "#3"},
				"west": {"uv": [0, 0, 0.42188, 0.26563], "rotation": 90, "texture": "#3"},
				"up": {"uv": [0, 0, 0.375, 0.26563], "rotation": 180, "texture": "#3"},
				"down": {"uv": [0, 0, 0.375, 0.26563], "texture": "#3"}
			}
		},
		{
			"from": [6.8781, 15.2157, 1.87208],
			"to": [9.1281, 16.0282, 17.12208],
			"rotation": {"angle": 0, "axis": "x", "origin": [7.9908, 16.11202, 8.42988]},
			"faces": {
				"north": {"uv": [0, 0, 1.125, 0.40625], "texture": "#3"},
				"east": {"uv": [0, 0, 7.625, 0.40625], "texture": "#3"},
				"south": {"uv": [0, 0, 1.125, 0.40625], "texture": "#3"},
				"west": {"uv": [0, 0, 7.625, 0.40625], "texture": "#3"},
				"up": {"uv": [0, 0, 1.125, 7.625], "texture": "#3"},
				"down": {"uv": [0, 0, 1.125, 7.625], "texture": "#3"}
			}
		},
		{
			"from": [7.18484, 14.52278, 1.87208],
			"to": [8.8411, 15.33528, 17.12208],
			"rotation": {"angle": 0, "axis": "x", "origin": [7.9908, 16.11202, 8.42988]},
			"faces": {
				"north": {"uv": [0, 0, 0.82813, 0.40625], "texture": "#3"},
				"east": {"uv": [0, 0, 7.625, 0.40625], "texture": "#3"},
				"south": {"uv": [0, 0, 0.82813, 0.40625], "texture": "#3"},
				"west": {"uv": [0, 0, 7.625, 0.40625], "texture": "#3"},
				"up": {"uv": [0, 0, 0.82813, 7.625], "texture": "#3"},
				"down": {"uv": [0, 0, 0.82813, 7.625], "texture": "#3"}
			}
		},
		{
			"from": [8.63454, 14.96916, 1.87208],
			"to": [9.38454, 15.71916, 17.12208],
			"rotation": {"angle": -22.5, "axis": "z", "origin": [7.9908, 16.11202, 8.42988]},
			"faces": {
				"north": {"uv": [0, 0, 0.375, 0.375], "texture": "#3"},
				"east": {"uv": [0, 0, 7.625, 0.375], "texture": "#3"},
				"south": {"uv": [0, 0, 0.375, 0.375], "texture": "#3"},
				"west": {"uv": [0, 0, 7.625, 0.375], "texture": "#3"},
				"up": {"uv": [0, 0, 0.375, 7.625], "texture": "#3"},
				"down": {"uv": [0, 0, 0.375, 7.625], "texture": "#3"}
			}
		},
		{
			"from": [6.6198, 14.95974, 1.87208],
			"to": [7.3698, 15.70974, 17.12208],
			"rotation": {"angle": 22.5, "axis": "z", "origin": [7.9908, 16.11202, 8.42988]},
			"faces": {
				"north": {"uv": [0, 0, 0.375, 0.375], "texture": "#3"},
				"east": {"uv": [0, 0, 7.625, 0.375], "texture": "#3"},
				"south": {"uv": [0, 0, 0.375, 0.375], "texture": "#3"},
				"west": {"uv": [0, 0, 7.625, 0.375], "texture": "#3"},
				"up": {"uv": [0, 0, 0.375, 7.625], "texture": "#3"},
				"down": {"uv": [0, 0, 0.375, 7.625], "texture": "#3"}
			}
		},
		{
			"from": [6.8781, 8.05148, 21.741],
			"to": [9.1281, 9.36398, 24.241],
			"rotation": {"angle": -22.5, "axis": "x", "origin": [7.9908, 16.11202, 8.42988]},
			"faces": {
				"north": {"uv": [0, 0, 1.125, 0.65625], "texture": "#3"},
				"east": {"uv": [0, 0, 1.25, 0.65625], "texture": "#3"},
				"south": {"uv": [0, 0, 1.125, 0.65625], "texture": "#3"},
				"west": {"uv": [1, 2, 2.25, 2.65625], "texture": "#3"},
				"up": {"uv": [0, 0, 1.125, 1.25], "texture": "#3"},
				"down": {"uv": [0, 0, 1.125, 1.25], "texture": "#3"}
			}
		},
		{
			"from": [6.8781, 3.27982, 16.92888],
			"to": [9.1281, 4.21732, 18.80388],
			"rotation": {"angle": -45, "axis": "x", "origin": [7.9908, 16.11202, 8.42988]},
			"faces": {
				"north": {"uv": [0, 0, 1.125, 0.46875], "texture": "#3"},
				"east": {"uv": [0, 0, 0.9375, 0.46875], "texture": "#3"},
				"south": {"uv": [0, 0, 1.125, 0.46875], "texture": "#3"},
				"west": {"uv": [4, 3, 4.9375, 3.46875], "texture": "#3"},
				"up": {"uv": [0, 0, 1.125, 0.9375], "texture": "#3"},
				"down": {"uv": [0, 0, 1.125, 0.9375], "texture": "#3"}
			}
		},
		{
			"from": [6.8781, 18.6614, 22.99466],
			"to": [9.1281, 20.5364, 23.93216],
			"rotation": {"angle": 22.5, "axis": "x", "origin": [7.9908, 16.11202, 8.42988]},
			"faces": {
				"north": {"uv": [0, 0, 1.125, 0.9375], "rotation": 180, "texture": "#3"},
				"east": {"uv": [0, 0, 0.9375, 0.46875], "rotation": 90, "texture": "#3"},
				"south": {"uv": [0, 0, 1.125, 0.9375], "texture": "#3"},
				"west": {"uv": [0, 0, 0.9375, 0.46875], "rotation": 270, "texture": "#3"},
				"up": {"uv": [0, 0, 1.125, 0.46875], "texture": "#3"},
				"down": {"uv": [0, 0, 1.125, 0.46875], "rotation": 180, "texture": "#3"}
			}
		},
		{
			"from": [6.8781, 12.1429, 23.05968],
			"to": [9.1281, 14.0179, 23.99718],
			"rotation": {"angle": 0, "axis": "x", "origin": [7.9908, 16.11202, 8.42988]},
			"faces": {
				"north": {"uv": [0, 0, 1.125, 0.9375], "rotation": 180, "texture": "#3"},
				"east": {"uv": [0, 0, 0.9375, 0.46875], "rotation": 90, "texture": "#3"},
				"south": {"uv": [3, 4, 4.125, 4.9375], "texture": "#3"},
				"west": {"uv": [0, 0, 0.9375, 0.46875], "rotation": 270, "texture": "#3"},
				"up": {"uv": [0, 0, 1.125, 0.46875], "texture": "#3"},
				"down": {"uv": [0, 0, 1.125, 0.46875], "rotation": 180, "texture": "#3"}
			}
		},
		{
			"from": [6.7531, 11.21506, 17.41558],
			"to": [9.2531, 12.09006, 18.32182],
			"rotation": {"angle": 0, "axis": "x", "origin": [7.9908, 16.11202, 8.42988]},
			"faces": {
				"north": {"uv": [0, 0, 1.25, 0.4375], "rotation": 180, "texture": "#5"},
				"east": {"uv": [0, 0, 0.4375, 0.45313], "rotation": 90, "texture": "#5"},
				"south": {"uv": [0, 0, 1.25, 0.4375], "texture": "#5"},
				"west": {"uv": [0, 0, 0.4375, 0.45313], "rotation": 270, "texture": "#5"},
				"up": {"uv": [0, 0, 1.25, 0.45313], "texture": "#5"},
				"down": {"uv": [0, 0, 1.25, 0.45313], "rotation": 180, "texture": "#5"}
			}
		},
		{
			"from": [6.8781, 3.1208, 19.9134],
			"to": [9.1281, 5.90204, 26.6634],
			"rotation": {"angle": 0, "axis": "x", "origin": [7.9908, 16.11202, 8.42988]},
			"faces": {
				"north": {"uv": [0, 0, 1.125, 1.39063], "texture": "#3"},
				"east": {"uv": [0, 0, 3.375, 1.39063], "texture": "#3"},
				"south": {"uv": [0, 0, 1.125, 1.39063], "texture": "#3"},
				"west": {"uv": [0, 0, 3.375, 1.39063], "texture": "#3"},
				"up": {"uv": [0, 0, 1.125, 3.375], "texture": "#3"},
				"down": {"uv": [0, 0, 1.125, 3.375], "texture": "#3"}
			}
		},
		{
			"from": [6.8781, -2.9727, 19.55174],
			"to": [9.1281, -1.2227, 20.80174],
			"rotation": {"angle": -22.5, "axis": "x", "origin": [7.9908, 16.11202, 8.42988]},
			"faces": {
				"north": {"uv": [0, 0, 1.125, 0.875], "texture": "#3"},
				"east": {"uv": [0, 0, 0.625, 0.875], "texture": "#3"},
				"south": {"uv": [0, 0, 1.125, 0.875], "texture": "#3"},
				"west": {"uv": [0, 0, 0.625, 0.875], "texture": "#3"},
				"up": {"uv": [0, 0, 1.125, 0.625], "texture": "#3"},
				"down": {"uv": [0, 0, 1.125, 0.625], "texture": "#3"}
			}
		},
		{
			"from": [6.8781, 2.08954, 25.9134],
			"to": [9.1281, 3.21454, 27.1634],
			"rotation": {"angle": 0, "axis": "x", "origin": [7.9908, 16.11202, 8.42988]},
			"faces": {
				"north": {"uv": [0, 0, 1.125, 0.5625], "texture": "#3"},
				"east": {"uv": [0, 0, 0.625, 0.5625], "texture": "#3"},
				"south": {"uv": [0, 0, 1.125, 0.5625], "texture": "#3"},
				"west": {"uv": [0, 0, 0.625, 0.5625], "texture": "#3"},
				"up": {"uv": [0, 0, 1.125, 0.625], "texture": "#3"},
				"down": {"uv": [0, 0, 1.125, 0.625], "texture": "#3"}
			}
		},
		{
			"from": [6.8781, 2.08954, 19.6009],
			"to": [9.1281, 2.58954, 25.8509],
			"rotation": {"angle": 0, "axis": "x", "origin": [7.9908, 16.11202, 8.42988]},
			"faces": {
				"north": {"uv": [0, 0, 1.125, 0.25], "texture": "#3"},
				"east": {"uv": [0, 0, 3.125, 0.25], "texture": "#3"},
				"south": {"uv": [0, 0, 1.125, 0.25], "texture": "#3"},
				"west": {"uv": [0, 0, 3.125, 0.25], "texture": "#3"},
				"up": {"uv": [0, 0, 1.125, 3.125], "texture": "#3"},
				"down": {"uv": [0, 0, 1.125, 3.125], "texture": "#3"}
			}
		},
		{
			"from": [6.8781, 2.58954, 20.1009],
			"to": [9.1281, 3.08954, 25.8509],
			"rotation": {"angle": 0, "axis": "x", "origin": [7.9908, 16.11202, 8.42988]},
			"faces": {
				"north": {"uv": [0, 0, 1.125, 0.25], "texture": "#3"},
				"east": {"uv": [0, 0, 2.875, 0.25], "texture": "#3"},
				"south": {"uv": [0, 0, 1.125, 0.25], "texture": "#3"},
				"west": {"uv": [0, 0, 2.875, 0.25], "texture": "#3"},
				"up": {"uv": [0, 0, 1.125, 2.875], "texture": "#3"},
				"down": {"uv": [0, 0, 1.125, 2.875], "texture": "#3"}
			}
		},
		{
			"from": [6.8781, -1.84892, 6.76716],
			"to": [9.1281, -1.34892, 7.4859],
			"rotation": {"angle": -45, "axis": "x", "origin": [7.9908, 16.11202, 8.42988]},
			"faces": {
				"north": {"uv": [0, 0, 1.125, 0.25], "texture": "#3"},
				"east": {"uv": [0, 0, 0.35938, 0.25], "texture": "#3"},
				"south": {"uv": [0, 0, 1.125, 0.25], "texture": "#3"},
				"west": {"uv": [0, 0, 0.35938, 0.25], "texture": "#3"},
				"up": {"uv": [0, 0, 1.125, 0.35938], "texture": "#3"},
				"down": {"uv": [0, 0, 1.125, 0.35938], "texture": "#3"}
			}
		},
		{
			"from": [7.1281, 2.71454, 20.1009],
			"to": [8.8781, 3.71454, 25.8509],
			"rotation": {"angle": 0, "axis": "x", "origin": [7.9908, 16.11202, 8.42988]},
			"faces": {
				"north": {"uv": [0, 0, 0.875, 0.5], "texture": "#3"},
				"east": {"uv": [0, 0, 2.875, 0.5], "texture": "#3"},
				"south": {"uv": [0, 0, 0.875, 0.5], "texture": "#3"},
				"west": {"uv": [0, 0, 2.875, 0.5], "texture": "#3"},
				"up": {"uv": [0, 0, 0.875, 2.875], "texture": "#3"},
				"down": {"uv": [0, 0, 0.875, 2.875], "texture": "#3"}
			}
		},
		{
			"name": "hexadecagon",
			"from": [6.25062, 17.27016, 0.40084],
			"to": [6.44952, 18.27016, 2.40084],
			"rotation": {"angle": -45, "axis": "z", "origin": [7.9908, 16.11202, 8.42988]},
			"faces": {
				"north": {"uv": [0, 0, 0.09946, 0.5], "texture": "#4"},
				"east": {"uv": [0, 0, 1, 0.5], "texture": "#4"},
				"south": {"uv": [0, 0, 0.09946, 0.5], "texture": "#4"},
				"west": {"uv": [0, 0, 1, 0.5], "texture": "#4"},
				"up": {"uv": [0, 0, 0.09946, 1], "texture": "#4"},
				"down": {"uv": [0, 0, 0.09946, 1], "texture": "#4"}
			}
		},
		{
			"name": "hexadecagon",
			"from": [7.01004, 17.77182, 0.40084],
			"to": [7.20896, 18.77182, 2.40084],
			"rotation": {"angle": -22.5, "axis": "z", "origin": [7.9908, 16.11202, 8.42988]},
			"faces": {
				"north": {"uv": [0, 0, 0.09946, 0.5], "texture": "#4"},
				"east": {"uv": [0, 0, 1, 0.5], "texture": "#4"},
				"south": {"uv": [0, 0, 0.09946, 0.5], "texture": "#4"},
				"west": {"uv": [0, 0, 1, 0.5], "texture": "#4"},
				"up": {"uv": [0, 0, 0.09946, 1], "texture": "#4"},
				"down": {"uv": [0, 0, 0.09946, 1], "texture": "#4"}
			}
		},
		{
			"name": "hexadecagon",
			"from": [7.90364, 17.94466, 0.40084],
			"to": [8.10256, 18.94466, 2.40084],
			"rotation": {"angle": 0, "axis": "z", "origin": [7.9908, 16.11202, 8.42988]},
			"faces": {
				"north": {"uv": [0, 0, 0.09946, 0.5], "texture": "#4"},
				"east": {"uv": [0, 0, 1, 0.5], "texture": "#4"},
				"south": {"uv": [0, 0, 0.09946, 0.5], "texture": "#4"},
				"west": {"uv": [0, 0, 1, 0.5], "texture": "#4"},
				"up": {"uv": [0, 0, 0.09946, 1], "texture": "#4"},
				"down": {"uv": [0, 0, 0.09946, 1], "texture": "#4"}
			}
		},
		{
			"name": "hexadecagon",
			"from": [8.79538, 17.76238, 0.40084],
			"to": [8.99428, 18.76238, 2.40084],
			"rotation": {"angle": 22.5, "axis": "z", "origin": [7.9908, 16.11202, 8.42988]},
			"faces": {
				"north": {"uv": [0, 0, 0.09946, 0.5], "texture": "#4"},
				"east": {"uv": [0, 0, 1, 0.5], "texture": "#4"},
				"south": {"uv": [0, 0, 0.09946, 0.5], "texture": "#4"},
				"west": {"uv": [0, 0, 1, 0.5], "texture": "#4"},
				"up": {"uv": [0, 0, 0.09946, 1], "texture": "#4"},
				"down": {"uv": [0, 0, 0.09946, 1], "texture": "#4"}
			}
		},
		{
			"name": "hexadecagon",
			"from": [9.54948, 17.25274, 0.40084],
			"to": [9.74838, 18.25274, 2.40084],
			"rotation": {"angle": 45, "axis": "z", "origin": [7.9908, 16.11202, 8.42988]},
			"faces": {
				"north": {"uv": [0, 0, 0.09946, 0.5], "texture": "#4"},
				"east": {"uv": [0, 0, 1, 0.5], "texture": "#4"},
				"south": {"uv": [0, 0, 0.09946, 0.5], "texture": "#4"},
				"west": {"uv": [0, 0, 1, 0.5], "texture": "#4"},
				"up": {"uv": [0, 0, 0.09946, 1], "texture": "#4"},
				"down": {"uv": [0, 0, 0.09946, 1], "texture": "#4"}
			}
		},
		{
			"name": "hexadecagon",
			"from": [6.6095, 18.17236, 0.40084],
			"to": [7.6095, 18.37126, 2.40084],
			"rotation": {"angle": -22.5, "axis": "z", "origin": [7.9908, 16.11202, 8.42988]},
			"faces": {
				"north": {"uv": [0, 0, 0.5, 0.09946], "texture": "#4"},
				"east": {"uv": [0, 0, 1, 0.09946], "texture": "#4"},
				"south": {"uv": [0, 0, 0.5, 0.09946], "texture": "#4"},
				"west": {"uv": [0, 0, 1, 0.09946], "texture": "#4"},
				"up": {"uv": [0, 0, 0.5, 1], "texture": "#4"},
				"down": {"uv": [0, 0, 0.5, 1], "texture": "#4"}
			}
		},
		{
			"name": "hexadecagon",
			"from": [7.5031, 18.3452, 0.40084],
			"to": [8.5031, 18.54412, 2.40084],
			"rotation": {"angle": 0, "axis": "z", "origin": [7.9908, 16.11202, 8.42988]},
			"faces": {
				"north": {"uv": [0, 0, 0.5, 0.09946], "texture": "#4"},
				"east": {"uv": [0, 0, 1, 0.09946], "texture": "#4"},
				"south": {"uv": [0, 0, 0.5, 0.09946], "texture": "#4"},
				"west": {"uv": [0, 0, 1, 0.09946], "texture": "#4"},
				"up": {"uv": [0, 0, 0.5, 1], "texture": "#4"},
				"down": {"uv": [0, 0, 0.5, 1], "texture": "#4"}
			}
		},
		{
			"name": "hexadecagon",
			"from": [8.39484, 18.16292, 0.40084],
			"to": [9.39484, 18.36184, 2.40084],
			"rotation": {"angle": 22.5, "axis": "z", "origin": [7.9908, 16.11202, 8.42988]},
			"faces": {
				"north": {"uv": [0, 0, 0.5, 0.09946], "texture": "#4"},
				"east": {"uv": [0, 0, 1, 0.09946], "texture": "#4"},
				"south": {"uv": [0, 0, 0.5, 0.09946], "texture": "#4"},
				"west": {"uv": [0, 0, 1, 0.09946], "texture": "#4"},
				"up": {"uv": [0, 0, 0.5, 1], "texture": "#4"},
				"down": {"uv": [0, 0, 0.5, 1], "texture": "#4"}
			}
		},
		{
			"name": "hexadecagon",
			"from": [6.23072, 17.17016, 0.40084],
			"to": [6.46942, 18.37016, 1.65084],
			"rotation": {"angle": -45, "axis": "z", "origin": [7.9908, 16.11202, 8.42988]},
			"faces": {
				"north": {"uv": [0, 0, 0.11935, 0.6], "texture": "#1"},
				"east": {"uv": [0, 0, 0.625, 0.6], "texture": "#1"},
				"south": {"uv": [0, 0, 0.11935, 0.6], "texture": "#1"},
				"west": {"uv": [0, 0, 0.625, 0.6], "texture": "#1"},
				"up": {"uv": [0, 0, 0.11935, 0.625], "texture": "#1"},
				"down": {"uv": [0, 0, 0.11935, 0.625], "texture": "#1"}
			}
		},
		{
			"name": "hexadecagon",
			"from": [6.99016, 17.67182, 0.40084],
			"to": [7.22884, 18.87182, 1.65084],
			"rotation": {"angle": -22.5, "axis": "z", "origin": [7.9908, 16.11202, 8.42988]},
			"faces": {
				"north": {"uv": [0, 0, 0.11935, 0.6], "texture": "#1"},
				"east": {"uv": [0, 0, 0.625, 0.6], "texture": "#1"},
				"south": {"uv": [0, 0, 0.11935, 0.6], "texture": "#1"},
				"west": {"uv": [0, 0, 0.625, 0.6], "texture": "#1"},
				"up": {"uv": [0, 0, 0.11935, 0.625], "texture": "#1"},
				"down": {"uv": [0, 0, 0.11935, 0.625], "texture": "#1"}
			}
		},
		{
			"name": "hexadecagon",
			"from": [7.88376, 17.84466, 0.40084],
			"to": [8.12246, 19.04466, 1.65084],
			"rotation": {"angle": 0, "axis": "z", "origin": [7.9908, 16.11202, 8.42988]},
			"faces": {
				"north": {"uv": [0, 0, 0.11935, 0.6], "texture": "#1"},
				"east": {"uv": [0, 0, 0.625, 0.6], "texture": "#1"},
				"south": {"uv": [0, 0, 0.11935, 0.6], "texture": "#1"},
				"west": {"uv": [0, 0, 0.625, 0.6], "texture": "#1"},
				"up": {"uv": [0, 0, 0.11935, 0.625], "texture": "#1"},
				"down": {"uv": [0, 0, 0.11935, 0.625], "texture": "#1"}
			}
		},
		{
			"name": "hexadecagon",
			"from": [8.77548, 17.66238, 0.40084],
			"to": [9.01418, 18.86238, 1.65084],
			"rotation": {"angle": 22.5, "axis": "z", "origin": [7.9908, 16.11202, 8.42988]},
			"faces": {
				"north": {"uv": [0, 0, 0.11935, 0.6], "texture": "#1"},
				"east": {"uv": [0, 0, 0.625, 0.6], "texture": "#1"},
				"south": {"uv": [0, 0, 0.11935, 0.6], "texture": "#1"},
				"west": {"uv": [0, 0, 0.625, 0.6], "texture": "#1"},
				"up": {"uv": [0, 0, 0.11935, 0.625], "texture": "#1"},
				"down": {"uv": [0, 0, 0.11935, 0.625], "texture": "#1"}
			}
		},
		{
			"name": "hexadecagon",
			"from": [9.52958, 17.15274, 0.40084],
			"to": [9.76828, 18.35274, 1.65084],
			"rotation": {"angle": 45, "axis": "z", "origin": [7.9908, 16.11202, 8.42988]},
			"faces": {
				"north": {"uv": [0, 0, 0.11935, 0.6], "texture": "#1"},
				"east": {"uv": [0, 0, 0.625, 0.6], "texture": "#1"},
				"south": {"uv": [0, 0, 0.11935, 0.6], "texture": "#1"},
				"west": {"uv": [0, 0, 0.625, 0.6], "texture": "#1"},
				"up": {"uv": [0, 0, 0.11935, 0.625], "texture": "#1"},
				"down": {"uv": [0, 0, 0.11935, 0.625], "texture": "#1"}
			}
		},
		{
			"name": "hexadecagon",
			"from": [6.5095, 18.15246, 0.40084],
			"to": [7.7095, 18.39116, 1.65084],
			"rotation": {"angle": -22.5, "axis": "z", "origin": [7.9908, 16.11202, 8.42988]},
			"faces": {
				"north": {"uv": [0, 0, 0.6, 0.11935], "texture": "#1"},
				"east": {"uv": [0, 0, 0.625, 0.11935], "texture": "#1"},
				"south": {"uv": [0, 0, 0.6, 0.11935], "texture": "#1"},
				"west": {"uv": [0, 0, 0.625, 0.11935], "texture": "#1"},
				"up": {"uv": [0, 0, 0.6, 0.625], "texture": "#1"},
				"down": {"uv": [0, 0, 0.6, 0.625], "texture": "#1"}
			}
		},
		{
			"name": "hexadecagon",
			"from": [7.4031, 18.32532, 0.40084],
			"to": [8.6031, 18.564, 1.65084],
			"rotation": {"angle": 0, "axis": "z", "origin": [7.9908, 16.11202, 8.42988]},
			"faces": {
				"north": {"uv": [0, 0, 0.6, 0.11935], "texture": "#1"},
				"east": {"uv": [0, 0, 0.625, 0.11935], "texture": "#1"},
				"south": {"uv": [0, 0, 0.6, 0.11935], "texture": "#1"},
				"west": {"uv": [0, 0, 0.625, 0.11935], "texture": "#1"},
				"up": {"uv": [0, 0, 0.6, 0.625], "texture": "#1"},
				"down": {"uv": [0, 0, 0.6, 0.625], "texture": "#1"}
			}
		},
		{
			"name": "hexadecagon",
			"from": [8.29484, 18.14304, 0.40084],
			"to": [9.49484, 18.38174, 1.65084],
			"rotation": {"angle": 22.5, "axis": "z", "origin": [7.9908, 16.11202, 8.42988]},
			"faces": {
				"north": {"uv": [0, 0, 0.6, 0.11935], "texture": "#1"},
				"east": {"uv": [0, 0, 0.625, 0.11935], "texture": "#1"},
				"south": {"uv": [0, 0, 0.6, 0.11935], "texture": "#1"},
				"west": {"uv": [0, 0, 0.625, 0.11935], "texture": "#1"},
				"up": {"uv": [0, 0, 0.6, 0.625], "texture": "#1"},
				"down": {"uv": [0, 0, 0.6, 0.625], "texture": "#1"}
			}
		},
		{
			"name": "hexadecagon",
			"from": [6.09148, 16.47016, -0.47416],
			"to": [6.60866, 19.07016, 1.27584],
			"rotation": {"angle": -45, "axis": "z", "origin": [7.9908, 16.11202, 8.42988]},
			"faces": {
				"north": {"uv": [0, 0, 0.25859, 1.3], "texture": "#3"},
				"east": {"uv": [0, 0, 0.875, 1.3], "texture": "#3"},
				"south": {"uv": [0, 0, 0.25859, 1.3], "texture": "#3"},
				"west": {"uv": [0, 0, 0.875, 1.3], "texture": "#3"},
				"up": {"uv": [0, 0, 0.25859, 0.875], "texture": "#3"},
				"down": {"uv": [0, 0, 0.25859, 0.875], "texture": "#3"}
			}
		},
		{
			"name": "hexadecagon",
			"from": [6.85092, 16.97182, -0.47416],
			"to": [7.36808, 19.57182, 1.27584],
			"rotation": {"angle": -22.5, "axis": "z", "origin": [7.9908, 16.11202, 8.42988]},
			"faces": {
				"north": {"uv": [0, 0, 0.25859, 1.3], "texture": "#3"},
				"east": {"uv": [0, 0, 0.875, 1.3], "texture": "#3"},
				"south": {"uv": [0, 0, 0.25859, 1.3], "texture": "#3"},
				"west": {"uv": [0, 0, 0.875, 1.3], "texture": "#3"},
				"up": {"uv": [0, 0, 0.25859, 0.875], "texture": "#3"},
				"down": {"uv": [0, 0, 0.25859, 0.875], "texture": "#3"}
			}
		},
		{
			"name": "hexadecagon",
			"from": [7.74452, 17.14466, -0.47416],
			"to": [8.2617, 19.74466, 1.27584],
			"rotation": {"angle": 0, "axis": "z", "origin": [7.9908, 16.11202, 8.42988]},
			"faces": {
				"north": {"uv": [0, 0, 0.25859, 1.3], "texture": "#3"},
				"east": {"uv": [0, 0, 0.875, 1.3], "texture": "#3"},
				"south": {"uv": [0, 0, 0.25859, 1.3], "texture": "#3"},
				"west": {"uv": [0, 0, 0.875, 1.3], "texture": "#3"},
				"up": {"uv": [0, 0, 0.25859, 0.875], "texture": "#3"},
				"down": {"uv": [0, 0, 0.25859, 0.875], "texture": "#3"}
			}
		},
		{
			"name": "hexadecagon",
			"from": [8.63624, 16.96238, -0.47416],
			"to": [9.15342, 19.56238, 1.27584],
			"rotation": {"angle": 22.5, "axis": "z", "origin": [7.9908, 16.11202, 8.42988]},
			"faces": {
				"north": {"uv": [0, 0, 0.25859, 1.3], "texture": "#3"},
				"east": {"uv": [0, 0, 0.875, 1.3], "texture": "#3"},
				"south": {"uv": [0, 0, 0.25859, 1.3], "texture": "#3"},
				"west": {"uv": [0, 0, 0.875, 1.3], "texture": "#3"},
				"up": {"uv": [0, 0, 0.25859, 0.875], "texture": "#3"},
				"down": {"uv": [0, 0, 0.25859, 0.875], "texture": "#3"}
			}
		},
		{
			"name": "hexadecagon",
			"from": [9.39034, 16.45274, -0.47416],
			"to": [9.90752, 19.05274, 1.27584],
			"rotation": {"angle": 45, "axis": "z", "origin": [7.9908, 16.11202, 8.42988]},
			"faces": {
				"north": {"uv": [0, 0, 0.25859, 1.3], "texture": "#3"},
				"east": {"uv": [0, 0, 0.875, 1.3], "texture": "#3"},
				"south": {"uv": [0, 0, 0.25859, 1.3], "texture": "#3"},
				"west": {"uv": [0, 0, 0.875, 1.3], "texture": "#3"},
				"up": {"uv": [0, 0, 0.25859, 0.875], "texture": "#3"},
				"down": {"uv": [0, 0, 0.25859, 0.875], "texture": "#3"}
			}
		},
		{
			"name": "hexadecagon",
			"from": [5.8095, 18.01322, -0.47416],
			"to": [8.4095, 18.5304, 1.27584],
			"rotation": {"angle": -22.5, "axis": "z", "origin": [7.9908, 16.11202, 8.42988]},
			"faces": {
				"north": {"uv": [0, 0, 1.3, 0.25859], "texture": "#3"},
				"east": {"uv": [0, 0, 0.875, 0.25859], "texture": "#3"},
				"south": {"uv": [0, 0, 1.3, 0.25859], "texture": "#3"},
				"west": {"uv": [0, 0, 0.875, 0.25859], "texture": "#3"},
				"up": {"uv": [0, 0, 1.3, 0.875], "texture": "#3"},
				"down": {"uv": [0, 0, 1.3, 0.875], "texture": "#3"}
			}
		},
		{
			"name": "hexadecagon",
			"from": [6.7031, 18.18608, -0.47416],
			"to": [9.3031, 18.70324, 1.27584],
			"rotation": {"angle": 0, "axis": "z", "origin": [7.9908, 16.11202, 8.42988]},
			"faces": {
				"north": {"uv": [0, 0, 1.3, 0.25859], "texture": "#3"},
				"east": {"uv": [0, 0, 0.875, 0.25859], "texture": "#3"},
				"south": {"uv": [0, 0, 1.3, 0.25859], "texture": "#3"},
				"west": {"uv": [0, 0, 0.875, 0.25859], "texture": "#3"},
				"up": {"uv": [0, 0, 1.3, 0.875], "texture": "#3"},
				"down": {"uv": [0, 0, 1.3, 0.875], "texture": "#3"}
			}
		},
		{
			"name": "hexadecagon",
			"from": [7.59484, 18.0038, -0.47416],
			"to": [10.19484, 18.52098, 1.27584],
			"rotation": {"angle": 22.5, "axis": "z", "origin": [7.9908, 16.11202, 8.42988]},
			"faces": {
				"north": {"uv": [0, 0, 1.3, 0.25859], "texture": "#3"},
				"east": {"uv": [0, 0, 0.875, 0.25859], "texture": "#3"},
				"south": {"uv": [0, 0, 1.3, 0.25859], "texture": "#3"},
				"west": {"uv": [0, 0, 0.875, 0.25859], "texture": "#3"},
				"up": {"uv": [0, 0, 1.3, 0.875], "texture": "#3"},
				"down": {"uv": [0, 0, 1.3, 0.875], "texture": "#3"}
			}
		},
		{
			"name": "hexadecagon",
			"from": [6.09148, 16.47016, -15.53666],
			"to": [6.60866, 19.07016, -0.53666],
			"rotation": {"angle": -45, "axis": "z", "origin": [7.9908, 16.11202, 8.42988]},
			"faces": {
				"north": {"uv": [0, 0, 0.25859, 1.3], "texture": "#3"},
				"east": {"uv": [0, 0, 7.5, 1.3], "texture": "#3"},
				"south": {"uv": [0, 0, 0.25859, 1.3], "texture": "#3"},
				"west": {"uv": [0, 0, 7.5, 1.3], "texture": "#3"},
				"up": {"uv": [0, 0, 0.25859, 7.5], "texture": "#3"},
				"down": {"uv": [0, 0, 0.25859, 7.5], "texture": "#3"}
			}
		},
		{
			"name": "hexadecagon",
			"from": [6.85092, 16.97182, -15.53666],
			"to": [7.36808, 19.57182, -0.53666],
			"rotation": {"angle": -22.5, "axis": "z", "origin": [7.9908, 16.11202, 8.42988]},
			"faces": {
				"north": {"uv": [0, 0, 0.25859, 1.3], "texture": "#3"},
				"east": {"uv": [0, 0, 7.5, 1.3], "texture": "#3"},
				"south": {"uv": [0, 0, 0.25859, 1.3], "texture": "#3"},
				"west": {"uv": [0, 0, 7.5, 1.3], "texture": "#3"},
				"up": {"uv": [0, 0, 0.25859, 7.5], "texture": "#3"},
				"down": {"uv": [0, 0, 0.25859, 7.5], "texture": "#3"}
			}
		},
		{
			"name": "hexadecagon",
			"from": [7.74452, 17.14466, -15.53666],
			"to": [8.2617, 19.74466, -0.53666],
			"rotation": {"angle": 0, "axis": "z", "origin": [7.9908, 16.11202, 8.42988]},
			"faces": {
				"north": {"uv": [0, 0, 0.25859, 1.3], "texture": "#3"},
				"east": {"uv": [0, 0, 7.5, 1.3], "texture": "#3"},
				"south": {"uv": [0, 0, 0.25859, 1.3], "texture": "#3"},
				"west": {"uv": [0, 0, 7.5, 1.3], "texture": "#3"},
				"up": {"uv": [0, 0, 0.25859, 7.5], "texture": "#3"},
				"down": {"uv": [0, 0, 0.25859, 7.5], "texture": "#3"}
			}
		},
		{
			"name": "hexadecagon",
			"from": [8.63624, 16.96238, -15.53666],
			"to": [9.15342, 19.56238, -0.53666],
			"rotation": {"angle": 22.5, "axis": "z", "origin": [7.9908, 16.11202, 8.42988]},
			"faces": {
				"north": {"uv": [0, 0, 0.25859, 1.3], "texture": "#3"},
				"east": {"uv": [0, 0, 7.5, 1.3], "texture": "#3"},
				"south": {"uv": [0, 0, 0.25859, 1.3], "texture": "#3"},
				"west": {"uv": [0, 0, 7.5, 1.3], "texture": "#3"},
				"up": {"uv": [0, 0, 0.25859, 7.5], "texture": "#3"},
				"down": {"uv": [0, 0, 0.25859, 7.5], "texture": "#3"}
			}
		},
		{
			"name": "hexadecagon",
			"from": [9.39034, 16.45274, -15.53666],
			"to": [9.90752, 19.05274, -0.53666],
			"rotation": {"angle": 45, "axis": "z", "origin": [7.9908, 16.11202, 8.42988]},
			"faces": {
				"north": {"uv": [0, 0, 0.25859, 1.3], "texture": "#3"},
				"east": {"uv": [0, 0, 7.5, 1.3], "texture": "#3"},
				"south": {"uv": [0, 0, 0.25859, 1.3], "texture": "#3"},
				"west": {"uv": [0, 0, 7.5, 1.3], "texture": "#3"},
				"up": {"uv": [0, 0, 0.25859, 7.5], "texture": "#3"},
				"down": {"uv": [0, 0, 0.25859, 7.5], "texture": "#3"}
			}
		},
		{
			"name": "hexadecagon",
			"from": [5.8095, 18.01322, -15.53666],
			"to": [8.4095, 18.5304, -0.53666],
			"rotation": {"angle": -22.5, "axis": "z", "origin": [7.9908, 16.11202, 8.42988]},
			"faces": {
				"north": {"uv": [0, 0, 1.3, 0.25859], "texture": "#3"},
				"east": {"uv": [0, 0, 7.5, 0.25859], "texture": "#3"},
				"south": {"uv": [0, 0, 1.3, 0.25859], "texture": "#3"},
				"west": {"uv": [0, 0, 7.5, 0.25859], "texture": "#3"},
				"up": {"uv": [0, 0, 1.3, 7.5], "texture": "#3"},
				"down": {"uv": [0, 0, 1.3, 7.5], "texture": "#3"}
			}
		},
		{
			"name": "hexadecagon",
			"from": [6.7031, 18.18608, -15.53666],
			"to": [9.3031, 18.70324, -0.53666],
			"rotation": {"angle": 0, "axis": "z", "origin": [7.9908, 16.11202, 8.42988]},
			"faces": {
				"north": {"uv": [0, 0, 1.3, 0.25859], "texture": "#3"},
				"east": {"uv": [0, 0, 7.5, 0.25859], "texture": "#3"},
				"south": {"uv": [0, 0, 1.3, 0.25859], "texture": "#3"},
				"west": {"uv": [0, 0, 7.5, 0.25859], "texture": "#3"},
				"up": {"uv": [0, 0, 1.3, 7.5], "texture": "#3"},
				"down": {"uv": [0, 0, 1.3, 7.5], "texture": "#3"}
			}
		},
		{
			"name": "hexadecagon",
			"from": [7.59484, 18.0038, -15.53666],
			"to": [10.19484, 18.52098, -0.53666],
			"rotation": {"angle": 22.5, "axis": "z", "origin": [7.9908, 16.11202, 8.42988]},
			"faces": {
				"north": {"uv": [0, 0, 1.3, 0.25859], "texture": "#3"},
				"east": {"uv": [0, 0, 7.5, 0.25859], "texture": "#3"},
				"south": {"uv": [0, 0, 1.3, 0.25859], "texture": "#3"},
				"west": {"uv": [0, 0, 7.5, 0.25859], "texture": "#3"},
				"up": {"uv": [0, 0, 1.3, 7.5], "texture": "#3"},
				"down": {"uv": [0, 0, 1.3, 7.5], "texture": "#3"}
			}
		},
		{
			"name": "hexadecagon",
			"from": [6.11138, 16.57016, -5.59916],
			"to": [6.58876, 18.97016, 0.40084],
			"rotation": {"angle": -45, "axis": "z", "origin": [7.9908, 16.11202, 8.42988]},
			"faces": {
				"north": {"uv": [0, 0, 0.23869, 1.2], "texture": "#8"},
				"east": {"uv": [0, 0, 3, 1.2], "texture": "#8"},
				"south": {"uv": [0, 0, 0.23869, 1.2], "texture": "#8"},
				"west": {"uv": [0, 0, 3, 1.2], "texture": "#8"},
				"up": {"uv": [0, 0, 0.23869, 3], "texture": "#8"},
				"down": {"uv": [0, 0, 0.23869, 3], "texture": "#8"}
			}
		},
		{
			"name": "hexadecagon",
			"from": [6.8708, 17.07182, -5.59916],
			"to": [7.3482, 19.47182, 0.40084],
			"rotation": {"angle": -22.5, "axis": "z", "origin": [7.9908, 16.11202, 8.42988]},
			"faces": {
				"north": {"uv": [0, 0, 0.23869, 1.2], "texture": "#8"},
				"east": {"uv": [0, 0, 3, 1.2], "texture": "#8"},
				"south": {"uv": [0, 0, 0.23869, 1.2], "texture": "#8"},
				"west": {"uv": [0, 0, 3, 1.2], "texture": "#8"},
				"up": {"uv": [0, 0, 0.23869, 3], "texture": "#8"},
				"down": {"uv": [0, 0, 0.23869, 3], "texture": "#8"}
			}
		},
		{
			"name": "hexadecagon",
			"from": [7.7644, 17.24466, -5.59916],
			"to": [8.2418, 19.64466, 0.40084],
			"rotation": {"angle": 0, "axis": "z", "origin": [7.9908, 16.11202, 8.42988]},
			"faces": {
				"north": {"uv": [0, 0, 0.23869, 1.2], "texture": "#8"},
				"east": {"uv": [0, 0, 3, 1.2], "texture": "#8"},
				"south": {"uv": [0, 0, 0.23869, 1.2], "texture": "#8"},
				"west": {"uv": [0, 0, 3, 1.2], "texture": "#8"},
				"up": {"uv": [0, 0, 0.23869, 3], "texture": "#8"},
				"down": {"uv": [0, 0, 0.23869, 3], "texture": "#8"}
			}
		},
		{
			"name": "hexadecagon",
			"from": [8.65614, 17.06238, -5.59916],
			"to": [9.13352, 19.46238, 0.40084],
			"rotation": {"angle": 22.5, "axis": "z", "origin": [7.9908, 16.11202, 8.42988]},
			"faces": {
				"north": {"uv": [0, 0, 0.23869, 1.2], "texture": "#8"},
				"east": {"uv": [0, 0, 3, 1.2], "texture": "#8"},
				"south": {"uv": [0, 0, 0.23869, 1.2], "texture": "#8"},
				"west": {"uv": [0, 0, 3, 1.2], "texture": "#8"},
				"up": {"uv": [0, 0, 0.23869, 3], "texture": "#8"},
				"down": {"uv": [0, 0, 0.23869, 3], "texture": "#8"}
			}
		},
		{
			"name": "hexadecagon",
			"from": [9.41024, 16.55274, -5.59916],
			"to": [9.88762, 18.95274, 0.40084],
			"rotation": {"angle": 45, "axis": "z", "origin": [7.9908, 16.11202, 8.42988]},
			"faces": {
				"north": {"uv": [0, 0, 0.23869, 1.2], "texture": "#8"},
				"east": {"uv": [0, 0, 3, 1.2], "texture": "#8"},
				"south": {"uv": [0, 0, 0.23869, 1.2], "texture": "#8"},
				"west": {"uv": [0, 0, 3, 1.2], "texture": "#8"},
				"up": {"uv": [0, 0, 0.23869, 3], "texture": "#8"},
				"down": {"uv": [0, 0, 0.23869, 3], "texture": "#8"}
			}
		},
		{
			"name": "hexadecagon",
			"from": [5.9095, 18.03312, -5.59916],
			"to": [8.3095, 18.5105, 0.40084],
			"rotation": {"angle": -22.5, "axis": "z", "origin": [7.9908, 16.11202, 8.42988]},
			"faces": {
				"north": {"uv": [0, 0, 1.2, 0.23869], "texture": "#8"},
				"east": {"uv": [0, 0, 3, 0.23869], "texture": "#8"},
				"south": {"uv": [0, 0, 1.2, 0.23869], "texture": "#8"},
				"west": {"uv": [0, 0, 3, 0.23869], "texture": "#8"},
				"up": {"uv": [0, 0, 1.2, 3], "texture": "#8"},
				"down": {"uv": [0, 0, 1.2, 3], "texture": "#8"}
			}
		},
		{
			"name": "hexadecagon",
			"from": [6.8031, 18.20596, -5.59916],
			"to": [9.2031, 18.68336, 0.40084],
			"rotation": {"angle": 0, "axis": "z", "origin": [7.9908, 16.11202, 8.42988]},
			"faces": {
				"north": {"uv": [0, 0, 1.2, 0.23869], "texture": "#8"},
				"east": {"uv": [0, 0, 3, 0.23869], "texture": "#8"},
				"south": {"uv": [0, 0, 1.2, 0.23869], "texture": "#8"},
				"west": {"uv": [0, 0, 3, 0.23869], "texture": "#8"},
				"up": {"uv": [0, 0, 1.2, 3], "texture": "#8"},
				"down": {"uv": [0, 0, 1.2, 3], "texture": "#8"}
			}
		},
		{
			"name": "hexadecagon",
			"from": [7.69484, 18.0237, -5.59916],
			"to": [10.09484, 18.50108, 0.40084],
			"rotation": {"angle": 22.5, "axis": "z", "origin": [7.9908, 16.11202, 8.42988]},
			"faces": {
				"north": {"uv": [0, 0, 1.2, 0.23869], "texture": "#8"},
				"east": {"uv": [0, 0, 3, 0.23869], "texture": "#8"},
				"south": {"uv": [0, 0, 1.2, 0.23869], "texture": "#8"},
				"west": {"uv": [0, 0, 3, 0.23869], "texture": "#8"},
				"up": {"uv": [0, 0, 1.2, 3], "texture": "#8"},
				"down": {"uv": [0, 0, 1.2, 3], "texture": "#8"}
			}
		}
	],
	"display": {
		"thirdperson_righthand": {
			"translation": [-1.25, -1.75, -1.75],
			"scale": [0.29, 0.29, 0.29]
		},
		"thirdperson_lefthand": {
			"translation": [-1.25, -1.75, -1.75],
			"scale": [0.29, 0.29, 0.29]
		},
		"firstperson_righthand": {
			"translation": [31.25, -36, -80],
			"scale": [2.41, 2.11, 1.55]
		},
		"firstperson_lefthand": {
			"translation": [31.25, -36, -80],
			"scale": [2.41, 2.11, 1.55]
		},
		"ground": {
			"rotation": [0, 0, 90],
			"translation": [1.75, -2.5, 0],
			"scale": [0.4, 0.25, 0.25]
		},
		"gui": {
			"rotation": [-90, 135, 90],
			"translation": [-2.25, -1, 0],
			"scale": [0.7, 0.4, 0.4]
		},
		"fixed": {
			"rotation": [90, 45, -90],
			"translation": [-2.5, -1.5, -1.75],
			"scale": [0.64, 0.66, 0.67]
		}
	},
	"groups": [
		{
			"name": "group",
			"origin": [7.23664, 1.41326, 7.50894],
			"children": []
		},
		{
			"name": "hexadecagon",
			"origin": [8, 8, 8],
			"children": []
		}, 0, 1, 2, 3, 4, 5, 6, 7, 8, 9, 10, 11, 12, 13, 14, 15, 16, 17, 18, 19, 20, 21, 22, 23, 24, 25, 26, 27, 28, 29, 30, 31, 32, 33, 34, 35, 36, 37, 38, 39, 40, 41, 42, 43, 44, 45, 46,
		{
			"name": "hexadecagon",
			"origin": [8, 8, 8],
			"children": [47, 48, 49, 50, 51, 52, 53, 54]
		},
		{
			"name": "hexadecagon",
			"origin": [8, 8, 8],
			"children": [55, 56, 57, 58, 59, 60, 61, 62]
		},
		{
			"name": "hexadecagon",
			"origin": [8, 8, 8],
			"children": [63, 64, 65, 66, 67, 68, 69, 70]
		},
		{
			"name": "hexadecagon",
			"origin": [8, 8, 8],
			"children": [71, 72, 73, 74, 75, 76, 77, 78]
		},
		{
			"name": "hexadecagon",
			"origin": [8, 8, 8],
			"children": [79, 80, 81, 82, 83, 84, 85, 86]
		}
	]
}