{
	"credit": "Made with Blockbench",
	"textures": {
		"1": "guns/gunmetal3",
		"3": "guns/gunmetal6",
		"4": "guns/gunmetal4",
		"5": "guns/gunmetal8",
		"6": "guns/light_metal",
		"8": "guns/darkgunmetal_1",
		"particle": "guns/light_metal"
	},
	"elements": [
		{
			"from": [7.43905, -0.14922, 11.30913],
			"to": [8.56405, 4.06953, 14.68413],
			"rotation": {"angle": -22.5, "axis": "x", "origin": [7.9954, 8.05601, 8.21494]},
			"faces": {
				"north": {"uv": [0, 0, 1.125, 4.21875], "texture": "#3"},
				"east": {"uv": [0, 0, 3.375, 4.21875], "texture": "#3"},
				"south": {"uv": [0, 0, 1.125, 4.21875], "texture": "#3"},
				"west": {"uv": [0, 0, 3.375, 4.21875], "texture": "#3"},
				"up": {"uv": [0, 0, 1.125, 3.375], "texture": "#3"},
				"down": {"uv": [0, 0, 1.125, 3.375], "texture": "#3"}
			}
		},
		{
			"from": [7.43905, 7.35785, 13.87354],
			"to": [8.56405, 8.0141, 17.06104],
			"rotation": {"angle": 0, "axis": "x", "origin": [7.9954, 8.05601, 8.21494]},
			"faces": {
				"north": {"uv": [0, 0, 1.125, 0.65625], "texture": "#3"},
				"east": {"uv": [0, 0, 3.1875, 0.65625], "texture": "#3"},
				"south": {"uv": [0, 0, 1.125, 0.65625], "texture": "#3"},
				"west": {"uv": [0, 0, 3.1875, 0.65625], "texture": "#3"},
				"up": {"uv": [0, 0, 1.125, 3.1875], "texture": "#3"},
				"down": {"uv": [0, 0, 1.125, 3.1875], "texture": "#3"}
			}
		},
		{
			"from": [7.43905, 8.05288, 4.97218],
			"to": [8.56405, 8.20913, 17.03468],
			"rotation": {"angle": 0, "axis": "x", "origin": [7.9954, 8.05601, 8.21494]},
			"faces": {
				"north": {"uv": [0, 0, 1.125, 0.15625], "texture": "#3"},
				"east": {"uv": [0, 0, 12.0625, 0.15625], "texture": "#3"},
				"south": {"uv": [0, 0, 1.125, 0.15625], "texture": "#3"},
				"west": {"uv": [0, 0, 12.0625, 0.15625], "texture": "#3"},
				"up": {"uv": [0, 0, 1.125, 12.0625], "texture": "#3"},
				"down": {"uv": [0, 0, 1.125, 12.0625], "texture": "#3"}
			}
		},
		{
			"from": [7.43905, 8.20913, 4.97218],
			"to": [8.56405, 8.61538, 11.84718],
			"rotation": {"angle": 0, "axis": "x", "origin": [7.9954, 8.05601, 8.21494]},
			"faces": {
				"north": {"uv": [0, 0, 1.125, 0.40625], "texture": "#3"},
				"east": {"uv": [0, 0, 6.875, 0.40625], "texture": "#3"},
				"south": {"uv": [0, 0, 1.125, 0.40625], "texture": "#3"},
				"west": {"uv": [0, 0, 6.875, 0.40625], "texture": "#3"},
				"up": {"uv": [0, 0, 1.125, 6.875], "texture": "#3"},
				"down": {"uv": [0, 0, 1.125, 6.875], "texture": "#3"}
			}
		},
		{
			"from": [7.43905, 8.61538, 4.97218],
			"to": [8.56405, 9.45913, 11.84718],
			"rotation": {"angle": 0, "axis": "x", "origin": [7.9954, 8.05601, 8.21494]},
			"faces": {
				"north": {"uv": [0, 0, 1.125, 0.84375], "texture": "#3"},
				"east": {"uv": [0, 0, 6.875, 0.84375], "texture": "#3"},
				"south": {"uv": [0, 0, 1.125, 0.84375], "texture": "#3"},
				"west": {"uv": [0, 0, 6.875, 0.84375], "texture": "#3"},
				"up": {"uv": [0, 0, 1.125, 6.875], "texture": "#3"},
				"down": {"uv": [0, 0, 1.125, 6.875], "texture": "#3"}
			}
		},
		{
			"from": [7.5953, 9.45913, 4.97218],
			"to": [8.4078, 9.83413, 9.72218],
			"rotation": {"angle": 0, "axis": "x", "origin": [7.9954, 8.05601, 8.21494]},
			"faces": {
				"north": {"uv": [0, 0, 0.8125, 0.375], "texture": "#3"},
				"east": {"uv": [0, 0, 4.75, 0.375], "texture": "#3"},
				"south": {"uv": [0, 0, 0.8125, 0.375], "texture": "#3"},
				"west": {"uv": [0, 0, 4.75, 0.375], "texture": "#3"},
				"up": {"uv": [0, 0, 0.8125, 4.75], "texture": "#3"},
				"down": {"uv": [0, 0, 0.8125, 4.75], "texture": "#3"}
			}
		},
		{
			"from": [7.5953, 9.45913, 11.59718],
			"to": [8.4078, 9.83413, 17.03468],
			"rotation": {"angle": 0, "axis": "x", "origin": [7.9954, 8.05601, 8.21494]},
			"faces": {
				"north": {"uv": [0, 0, 0.8125, 0.375], "texture": "#3"},
				"east": {"uv": [0, 0, 5.4375, 0.375], "texture": "#3"},
				"south": {"uv": [0, 0, 0.8125, 0.375], "texture": "#3"},
				"west": {"uv": [0, 0, 5.4375, 0.375], "texture": "#3"},
				"up": {"uv": [0, 0, 0.8125, 5.4375], "texture": "#3"},
				"down": {"uv": [0, 0, 0.8125, 5.4375], "texture": "#3"}
			}
		},
		{
			"from": [7.7203, 12.37981, 14.25911],
			"to": [7.9078, 12.75481, 14.57161],
			"rotation": {"angle": 22.5, "axis": "x", "origin": [7.9954, 8.05601, 8.21494]},
			"faces": {
				"north": {"uv": [0, 0, 0.1875, 0.375], "texture": "#3"},
				"east": {"uv": [0, 0, 0.3125, 0.375], "texture": "#3"},
				"south": {"uv": [0, 0, 0.1875, 0.375], "texture": "#3"},
				"west": {"uv": [0, 0, 0.3125, 0.375], "texture": "#3"},
				"up": {"uv": [0, 0, 0.1875, 0.3125], "texture": "#3"},
				"down": {"uv": [0, 0, 0.1875, 0.3125], "texture": "#3"}
			}
		},
		{
			"from": [7.7203, 9.70913, 15.59718],
			"to": [7.9078, 10.08413, 15.95655],
			"rotation": {"angle": 0, "axis": "x", "origin": [7.9954, 8.05601, 8.21494]},
			"faces": {
				"north": {"uv": [0, 0, 0.1875, 0.375], "texture": "#3"},
				"east": {"uv": [0, 0, 0.35938, 0.375], "texture": "#3"},
				"south": {"uv": [0, 0, 0.1875, 0.375], "texture": "#6"},
				"west": {"uv": [0, 0, 0.35938, 0.375], "texture": "#3"},
				"up": {"uv": [0, 0, 0.1875, 0.35938], "texture": "#3"},
				"down": {"uv": [0, 0, 0.1875, 0.35938], "texture": "#3"}
			}
		},
		{
			"from": [8.0953, 12.37981, 14.25911],
			"to": [8.2828, 12.75481, 14.57161],
			"rotation": {"angle": 22.5, "axis": "x", "origin": [7.9954, 8.05601, 8.21494]},
			"faces": {
				"north": {"uv": [0, 0, 0.1875, 0.375], "texture": "#3"},
				"east": {"uv": [0, 0, 0.3125, 0.375], "texture": "#3"},
				"south": {"uv": [0, 0, 0.1875, 0.375], "texture": "#3"},
				"west": {"uv": [0, 0, 0.3125, 0.375], "texture": "#3"},
				"up": {"uv": [0, 0, 0.1875, 0.3125], "texture": "#3"},
				"down": {"uv": [0, 0, 0.1875, 0.3125], "texture": "#3"}
			}
		},
		{
			"from": [8.0953, 9.70913, 15.59718],
			"to": [8.2828, 10.08413, 15.95655],
			"rotation": {"angle": 0, "axis": "x", "origin": [7.9954, 8.05601, 8.21494]},
			"faces": {
				"north": {"uv": [0, 0, 0.1875, 0.375], "texture": "#3"},
				"east": {"uv": [0, 0, 0.35938, 0.375], "texture": "#3"},
				"south": {"uv": [0, 0, 0.1875, 0.375], "texture": "#6"},
				"west": {"uv": [0, 0, 0.35938, 0.375], "texture": "#3"},
				"up": {"uv": [0, 0, 0.1875, 0.35938], "texture": "#3"},
				"down": {"uv": [0, 0, 0.1875, 0.35938], "texture": "#3"}
			}
		},
		{
			"from": [7.93905, 10.42702, 6.28438],
			"to": [8.06405, 10.80202, 6.72188],
			"rotation": {"angle": -22.5, "axis": "x", "origin": [7.9954, 8.05601, 8.21494]},
			"faces": {
				"north": {"uv": [0, 0, 0.125, 0.375], "texture": "#3"},
				"east": {"uv": [0, 0, 0.4375, 0.375], "texture": "#3"},
				"south": {"uv": [0, 0, 0.125, 0.375], "texture": "#6"},
				"west": {"uv": [0, 0, 0.4375, 0.375], "texture": "#3"},
				"up": {"uv": [0, 0, 0.125, 0.4375], "texture": "#3"},
				"down": {"uv": [0, 0, 0.125, 0.4375], "texture": "#3"}
			}
		},
		{
			"from": [7.93905, 9.64663, 5.34718],
			"to": [8.06405, 10.02163, 5.78468],
			"rotation": {"angle": 0, "axis": "x", "origin": [7.9954, 8.05601, 8.21494]},
			"faces": {
				"north": {"uv": [0, 0, 0.125, 0.375], "texture": "#3"},
				"east": {"uv": [0, 0, 0.4375, 0.375], "texture": "#3"},
				"south": {"uv": [0, 0, 0.125, 0.375], "texture": "#3"},
				"west": {"uv": [0, 0, 0.4375, 0.375], "texture": "#3"},
				"up": {"uv": [0, 0, 0.125, 0.4375], "texture": "#3"},
				"down": {"uv": [0, 0, 0.125, 0.4375], "texture": "#3"}
			}
		},
		{
			"from": [7.8453, 11.80788, 15.47369],
			"to": [8.1578, 12.80788, 16.16119],
			"rotation": {"angle": 22.5, "axis": "x", "origin": [7.9954, 8.05601, 8.21494]},
			"faces": {
				"north": {"uv": [0, 0, 0.3125, 1], "texture": "#4"},
				"east": {"uv": [0, 0, 0.6875, 1], "texture": "#4"},
				"south": {"uv": [0, 0, 0.3125, 1], "texture": "#4"},
				"west": {"uv": [0, 0, 0.6875, 1], "texture": "#4"},
				"up": {"uv": [0, 0, 0.3125, 0.6875], "texture": "#4"},
				"down": {"uv": [0, 0, 0.3125, 0.6875], "texture": "#4"}
			}
		},
		{
			"from": [7.43905, 8.20913, 11.84718],
			"to": [8.56405, 9.45913, 17.0503],
			"rotation": {"angle": 0, "axis": "x", "origin": [7.9954, 8.05601, 8.21494]},
			"faces": {
				"north": {"uv": [0, 0, 1.125, 1.25], "texture": "#3"},
				"east": {"uv": [0, 0, 5.20313, 1.25], "texture": "#3"},
				"south": {"uv": [0, 0, 1.125, 1.25], "texture": "#3"},
				"west": {"uv": [0, 0, 5.20313, 1.25], "texture": "#3"},
				"up": {"uv": [0, 0, 1.125, 5.20313], "texture": "#3"},
				"down": {"uv": [0, 0, 1.125, 5.20313], "texture": "#3"}
			}
		},
		{
			"from": [6.94445, 9.13942, 4.97218],
			"to": [7.31945, 9.54567, 9.72218],
			"rotation": {"angle": -22.5, "axis": "z", "origin": [7.9954, 8.05601, 8.21494]},
			"faces": {
				"north": {"uv": [0, 0, 0.375, 0.40625], "texture": "#3"},
				"east": {"uv": [0, 0, 4.75, 0.40625], "texture": "#3"},
				"south": {"uv": [0, 0, 0.375, 0.40625], "texture": "#3"},
				"west": {"uv": [0, 0, 4.75, 0.40625], "texture": "#3"},
				"up": {"uv": [0, 0, 0.375, 4.75], "texture": "#3"},
				"down": {"uv": [0, 0, 0.375, 4.75], "texture": "#3"}
			}
		},
		{
			"from": [6.94445, 9.13942, 11.59718],
			"to": [7.31945, 9.54567, 17.03468],
			"rotation": {"angle": -22.5, "axis": "z", "origin": [7.9954, 8.05601, 8.21494]},
			"faces": {
				"north": {"uv": [0, 0, 0.375, 0.40625], "texture": "#3"},
				"east": {"uv": [0, 0, 5.4375, 0.40625], "texture": "#3"},
				"south": {"uv": [0, 0, 0.375, 0.40625], "texture": "#3"},
				"west": {"uv": [0, 0, 5.4375, 0.40625], "texture": "#3"},
				"up": {"uv": [0, 0, 0.375, 5.4375], "texture": "#3"},
				"down": {"uv": [0, 0, 0.375, 5.4375], "texture": "#3"}
			}
		},
		{
			"from": [6.94445, 9.13942, 9.72218],
			"to": [7.31945, 9.42067, 11.59718],
			"rotation": {"angle": -22.5, "axis": "z", "origin": [7.9954, 8.05601, 8.21494]},
			"faces": {
				"north": {"uv": [0, 0, 0.375, 0.28125], "texture": "#3"},
				"east": {"uv": [0, 0, 1.875, 0.28125], "texture": "#3"},
				"south": {"uv": [0, 0, 0.375, 0.28125], "texture": "#3"},
				"west": {"uv": [0, 0, 1.875, 0.28125], "texture": "#3"},
				"up": {"uv": [0, 0, 0.375, 1.875], "texture": "#3"},
				"down": {"uv": [0, 0, 0.375, 1.875], "texture": "#3"}
			}
		},
		{
			"from": [8.68272, 9.13471, 4.97218],
			"to": [9.05772, 9.54096, 9.72218],
			"rotation": {"angle": 22.5, "axis": "z", "origin": [7.9954, 8.05601, 8.21494]},
			"faces": {
				"north": {"uv": [0, 0, 0.375, 0.40625], "texture": "#3"},
				"east": {"uv": [0, 0, 4.75, 0.40625], "texture": "#3"},
				"south": {"uv": [0, 0, 0.375, 0.40625], "texture": "#3"},
				"west": {"uv": [0, 0, 4.75, 0.40625], "texture": "#3"},
				"up": {"uv": [0, 0, 0.375, 4.75], "texture": "#3"},
				"down": {"uv": [0, 0, 0.375, 4.75], "texture": "#3"}
			}
		},
		{
			"from": [8.68272, 9.13471, 11.59718],
			"to": [9.05772, 9.54096, 17.03468],
			"rotation": {"angle": 22.5, "axis": "z", "origin": [7.9954, 8.05601, 8.21494]},
			"faces": {
				"north": {"uv": [0, 0, 0.375, 0.40625], "texture": "#3"},
				"east": {"uv": [0, 0, 5.4375, 0.40625], "texture": "#3"},
				"south": {"uv": [0, 0, 0.375, 0.40625], "texture": "#3"},
				"west": {"uv": [0, 0, 5.4375, 0.40625], "texture": "#3"},
				"up": {"uv": [0, 0, 0.375, 5.4375], "texture": "#3"},
				"down": {"uv": [0, 0, 0.375, 5.4375], "texture": "#3"}
			}
		},
		{
			"from": [8.60516, 9.15618, 9.72218],
			"to": [8.98016, 9.43743, 11.59718],
			"rotation": {"angle": 22.5, "axis": "z", "origin": [7.9954, 8.05601, 8.21494]},
			"faces": {
				"north": {"uv": [0, 0, 0.375, 0.28125], "texture": "#1"},
				"east": {"uv": [0, 0, 1.875, 0.28125], "texture": "#1"},
				"south": {"uv": [0, 0, 0.375, 0.28125], "texture": "#1"},
				"west": {"uv": [0, 0, 1.875, 0.28125], "texture": "#1"},
				"up": {"uv": [0, 0, 0.375, 1.875], "texture": "#1"},
				"down": {"uv": [0, 0, 0.375, 1.875], "texture": "#1"}
			}
		},
		{
			"from": [7.56405, 9.58413, 9.72218],
			"to": [8.37655, 9.70913, 11.59718],
			"rotation": {"angle": 0, "axis": "x", "origin": [7.9954, 8.05601, 8.21494]},
			"faces": {
				"north": {"uv": [0, 0, 0.8125, 0.125], "texture": "#1"},
				"east": {"uv": [0, 0, 1.875, 0.125], "texture": "#1"},
				"south": {"uv": [0, 0, 0.8125, 0.125], "texture": "#1"},
				"west": {"uv": [0, 0, 1.875, 0.125], "texture": "#1"},
				"up": {"uv": [0, 0, 0.8125, 1.875], "texture": "#1"},
				"down": {"uv": [0, 0, 0.8125, 1.875], "texture": "#1"}
			}
		},
		{
			"from": [7.56405, 7.92788, 5.03468],
			"to": [8.43905, 8.20913, 16.90968],
			"rotation": {"angle": 0, "axis": "x", "origin": [7.9954, 8.05601, 8.21494]},
			"faces": {
				"north": {"uv": [0, 0, 0.875, 0.28125], "texture": "#8"},
				"east": {"uv": [0, 0, 11.875, 0.28125], "texture": "#8"},
				"south": {"uv": [0, 0, 0.875, 0.28125], "texture": "#8"},
				"west": {"uv": [0, 0, 11.875, 0.28125], "texture": "#8"},
				"up": {"uv": [0, 0, 0.875, 11.875], "texture": "#8"},
				"down": {"uv": [0, 0, 0.875, 11.875], "texture": "#8"}
			}
		},
		{
			"from": [7.43905, 5.54535, 12.56104],
			"to": [8.56405, 8.0141, 15.93604],
			"rotation": {"angle": 0, "axis": "x", "origin": [7.9954, 8.05601, 8.21494]},
			"faces": {
				"north": {"uv": [0, 0, 1.125, 2.46875], "texture": "#3"},
				"east": {"uv": [0, 0, 3.375, 2.46875], "texture": "#3"},
				"south": {"uv": [0, 0, 1.125, 2.46875], "texture": "#3"},
				"west": {"uv": [0, 0, 3.375, 2.46875], "texture": "#3"},
				"up": {"uv": [0, 0, 1.125, 3.375], "texture": "#3"},
				"down": {"uv": [0, 0, 1.125, 3.375], "texture": "#3"}
			}
		},
		{
			"from": [7.81405, 4.07199, 10.38727],
			"to": [8.18905, 4.33761, 11.38727],
			"rotation": {"angle": -22.5, "axis": "x", "origin": [7.9954, 8.05601, 8.21494]},
			"faces": {
				"north": {"uv": [0, 0, 0.375, 0.26563], "texture": "#3"},
				"east": {"uv": [0, 0, 1, 0.26563], "texture": "#3"},
				"south": {"uv": [0, 0, 0.375, 0.26563], "texture": "#3"},
				"west": {"uv": [0, 0, 1, 0.26563], "texture": "#3"},
				"up": {"uv": [0, 0, 0.375, 1], "texture": "#3"},
				"down": {"uv": [0, 0, 0.375, 1], "texture": "#3"}
			}
		},
		{
			"from": [7.81405, 5.20657, 9.87153],
			"to": [8.18905, 5.47219, 11.74653],
			"rotation": {"angle": 0, "axis": "x", "origin": [7.9954, 8.05601, 8.21494]},
			"faces": {
				"north": {"uv": [0, 0, 0.375, 0.26563], "texture": "#3"},
				"east": {"uv": [0, 0, 1.875, 0.26563], "texture": "#3"},
				"south": {"uv": [0, 0, 0.375, 0.26563], "texture": "#3"},
				"west": {"uv": [0, 0, 1.875, 0.26563], "texture": "#3"},
				"up": {"uv": [0, 0, 0.375, 1.875], "texture": "#3"},
				"down": {"uv": [0, 0, 0.375, 1.875], "texture": "#3"}
			}
		},
		{
			"from": [7.81405, 6.05742, 10.28899],
			"to": [8.18905, 6.32304, 10.83587],
			"rotation": {"angle": 22.5, "axis": "x", "origin": [7.9954, 8.05601, 8.21494]},
			"faces": {
				"north": {"uv": [0, 0, 0.375, 0.26563], "texture": "#3"},
				"east": {"uv": [0, 0, 0.54688, 0.26563], "texture": "#3"},
				"south": {"uv": [0, 0, 0.375, 0.26563], "texture": "#3"},
				"west": {"uv": [0, 0, 0.54688, 0.26563], "texture": "#3"},
				"up": {"uv": [0, 0, 0.375, 0.54688], "texture": "#3"},
				"down": {"uv": [0, 0, 0.375, 0.54688], "texture": "#3"}
			}
		},
		{
			"from": [7.81405, 5.42532, 9.37153],
			"to": [8.18905, 7.84719, 9.63716],
			"rotation": {"angle": 0, "axis": "x", "origin": [7.9954, 8.05601, 8.21494]},
			"faces": {
				"north": {"uv": [0, 0, 0.375, 2.42188], "rotation": 180, "texture": "#3"},
				"east": {"uv": [0, 0, 2.42188, 0.26563], "rotation": 270, "texture": "#3"},
				"south": {"uv": [0, 0, 0.375, 2.42188], "texture": "#3"},
				"west": {"uv": [0, 0, 2.42188, 0.26563], "rotation": 90, "texture": "#3"},
				"up": {"uv": [0, 0, 0.375, 0.26563], "rotation": 180, "texture": "#3"},
				"down": {"uv": [0, 0, 0.375, 0.26563], "texture": "#3"}
			}
		},
		{
			"from": [7.81405, 6.42532, 11.49653],
			"to": [8.18905, 7.59719, 11.76216],
			"rotation": {"angle": 0, "axis": "x", "origin": [7.9954, 8.05601, 8.21494]},
			"faces": {
				"north": {"uv": [0, 0, 0.375, 1.17188], "rotation": 180, "texture": "#3"},
				"east": {"uv": [0, 0, 1.17188, 0.26563], "rotation": 270, "texture": "#3"},
				"south": {"uv": [0, 0, 0.375, 1.17188], "texture": "#3"},
				"west": {"uv": [0, 0, 1.17188, 0.26563], "rotation": 90, "texture": "#3"},
				"up": {"uv": [0, 0, 0.375, 0.26563], "rotation": 180, "texture": "#3"},
				"down": {"uv": [0, 0, 0.375, 0.26563], "texture": "#3"}
			}
		},
		{
			"from": [7.81405, 7.48503, 11.85056],
			"to": [8.18905, 7.90691, 12.11618],
			"rotation": {"angle": 22.5, "axis": "x", "origin": [7.9954, 8.05601, 8.21494]},
			"faces": {
				"north": {"uv": [0, 0, 0.375, 0.42188], "rotation": 180, "texture": "#3"},
				"east": {"uv": [0, 0, 0.42188, 0.26563], "rotation": 270, "texture": "#3"},
				"south": {"uv": [0, 0, 0.375, 0.42188], "texture": "#3"},
				"west": {"uv": [0, 0, 0.42188, 0.26563], "rotation": 90, "texture": "#3"},
				"up": {"uv": [0, 0, 0.375, 0.26563], "rotation": 180, "texture": "#3"},
				"down": {"uv": [0, 0, 0.375, 0.26563], "texture": "#3"}
			}
		},
		{
			"from": [7.81405, 8.59956, 11.77209],
			"to": [8.18905, 9.02143, 12.03772],
			"rotation": {"angle": 45, "axis": "x", "origin": [7.9954, 8.05601, 8.21494]},
			"faces": {
				"north": {"uv": [0, 0, 0.375, 0.42188], "rotation": 180, "texture": "#3"},
				"east": {"uv": [0, 0, 0.42188, 0.26563], "rotation": 270, "texture": "#3"},
				"south": {"uv": [0, 0, 0.375, 0.42188], "texture": "#3"},
				"west": {"uv": [0, 0, 0.42188, 0.26563], "rotation": 90, "texture": "#3"},
				"up": {"uv": [0, 0, 0.375, 0.26563], "rotation": 180, "texture": "#3"},
				"down": {"uv": [0, 0, 0.375, 0.26563], "texture": "#3"}
			}
		},
		{
			"from": [7.43905, 7.60785, 4.93604],
			"to": [8.56405, 8.0141, 12.56104],
			"rotation": {"angle": 0, "axis": "x", "origin": [7.9954, 8.05601, 8.21494]},
			"faces": {
				"north": {"uv": [0, 0, 1.125, 0.40625], "texture": "#3"},
				"east": {"uv": [0, 0, 7.625, 0.40625], "texture": "#3"},
				"south": {"uv": [0, 0, 1.125, 0.40625], "texture": "#3"},
				"west": {"uv": [0, 0, 7.625, 0.40625], "texture": "#3"},
				"up": {"uv": [0, 0, 1.125, 7.625], "texture": "#3"},
				"down": {"uv": [0, 0, 1.125, 7.625], "texture": "#3"}
			}
		},
		{
			"from": [7.59242, 7.26139, 4.93604],
			"to": [8.42055, 7.66764, 12.56104],
			"rotation": {"angle": 0, "axis": "x", "origin": [7.9954, 8.05601, 8.21494]},
			"faces": {
				"north": {"uv": [0, 0, 0.82813, 0.40625], "texture": "#3"},
				"east": {"uv": [0, 0, 7.625, 0.40625], "texture": "#3"},
				"south": {"uv": [0, 0, 0.82813, 0.40625], "texture": "#3"},
				"west": {"uv": [0, 0, 7.625, 0.40625], "texture": "#3"},
				"up": {"uv": [0, 0, 0.82813, 7.625], "texture": "#3"},
				"down": {"uv": [0, 0, 0.82813, 7.625], "texture": "#3"}
			}
		},
		{
			"from": [8.31727, 7.48458, 4.93604],
			"to": [8.69227, 7.85958, 12.56104],
			"rotation": {"angle": -22.5, "axis": "z", "origin": [7.9954, 8.05601, 8.21494]},
			"faces": {
				"north": {"uv": [0, 0, 0.375, 0.375], "texture": "#3"},
				"east": {"uv": [0, 0, 7.625, 0.375], "texture": "#3"},
				"south": {"uv": [0, 0, 0.375, 0.375], "texture": "#3"},
				"west": {"uv": [0, 0, 7.625, 0.375], "texture": "#3"},
				"up": {"uv": [0, 0, 0.375, 7.625], "texture": "#3"},
				"down": {"uv": [0, 0, 0.375, 7.625], "texture": "#3"}
			}
		},
		{
			"from": [7.3099, 7.47987, 4.93604],
			"to": [7.6849, 7.85487, 12.56104],
			"rotation": {"angle": 22.5, "axis": "z", "origin": [7.9954, 8.05601, 8.21494]},
			"faces": {
				"north": {"uv": [0, 0, 0.375, 0.375], "texture": "#3"},
				"east": {"uv": [0, 0, 7.625, 0.375], "texture": "#3"},
				"south": {"uv": [0, 0, 0.375, 0.375], "texture": "#3"},
				"west": {"uv": [0, 0, 7.625, 0.375], "texture": "#3"},
				"up": {"uv": [0, 0, 0.375, 7.625], "texture": "#3"},
				"down": {"uv": [0, 0, 0.375, 7.625], "texture": "#3"}
			}
		},
		{
			"from": [7.43905, 4.02574, 14.8705],
			"to": [8.56405, 4.68199, 16.1205],
			"rotation": {"angle": -22.5, "axis": "x", "origin": [7.9954, 8.05601, 8.21494]},
			"faces": {
				"north": {"uv": [0, 0, 1.125, 0.65625], "texture": "#3"},
				"east": {"uv": [0, 0, 1.25, 0.65625], "texture": "#3"},
				"south": {"uv": [0, 0, 1.125, 0.65625], "texture": "#3"},
				"west": {"uv": [1, 2, 2.25, 2.65625], "texture": "#3"},
				"up": {"uv": [0, 0, 1.125, 1.25], "texture": "#3"},
				"down": {"uv": [0, 0, 1.125, 1.25], "texture": "#3"}
			}
		},
		{
			"from": [7.43905, 1.63991, 12.46444],
			"to": [8.56405, 2.10866, 13.40194],
			"rotation": {"angle": -45, "axis": "x", "origin": [7.9954, 8.05601, 8.21494]},
			"faces": {
				"north": {"uv": [0, 0, 1.125, 0.46875], "texture": "#3"},
				"east": {"uv": [0, 0, 0.9375, 0.46875], "texture": "#3"},
				"south": {"uv": [0, 0, 1.125, 0.46875], "texture": "#3"},
				"west": {"uv": [4, 3, 4.9375, 3.46875], "texture": "#3"},
				"up": {"uv": [0, 0, 1.125, 0.9375], "texture": "#3"},
				"down": {"uv": [0, 0, 1.125, 0.9375], "texture": "#3"}
			}
		},
		{
			"from": [7.43905, 9.3307, 15.49733],
			"to": [8.56405, 10.2682, 15.96608],
			"rotation": {"angle": 22.5, "axis": "x", "origin": [7.9954, 8.05601, 8.21494]},
			"faces": {
				"north": {"uv": [0, 0, 1.125, 0.9375], "rotation": 180, "texture": "#3"},
				"east": {"uv": [0, 0, 0.9375, 0.46875], "rotation": 90, "texture": "#3"},
				"south": {"uv": [0, 0, 1.125, 0.9375], "texture": "#3"},
				"west": {"uv": [0, 0, 0.9375, 0.46875], "rotation": 270, "texture": "#3"},
				"up": {"uv": [0, 0, 1.125, 0.46875], "texture": "#3"},
				"down": {"uv": [0, 0, 1.125, 0.46875], "rotation": 180, "texture": "#3"}
			}
		},
		{
			"from": [7.43905, 6.07145, 15.52984],
			"to": [8.56405, 7.00895, 15.99859],
			"rotation": {"angle": 0, "axis": "x", "origin": [7.9954, 8.05601, 8.21494]},
			"faces": {
				"north": {"uv": [0, 0, 1.125, 0.9375], "rotation": 180, "texture": "#3"},
				"east": {"uv": [0, 0, 0.9375, 0.46875], "rotation": 90, "texture": "#3"},
				"south": {"uv": [3, 4, 4.125, 4.9375], "texture": "#3"},
				"west": {"uv": [0, 0, 0.9375, 0.46875], "rotation": 270, "texture": "#3"},
				"up": {"uv": [0, 0, 1.125, 0.46875], "texture": "#3"},
				"down": {"uv": [0, 0, 1.125, 0.46875], "rotation": 180, "texture": "#3"}
			}
		},
		{
			"from": [7.37655, 5.60753, 12.70779],
			"to": [8.62655, 6.04503, 13.16091],
			"rotation": {"angle": 0, "axis": "x", "origin": [7.9954, 8.05601, 8.21494]},
			"faces": {
				"north": {"uv": [0, 0, 1.25, 0.4375], "rotation": 180, "texture": "#5"},
				"east": {"uv": [0, 0, 0.4375, 0.45313], "rotation": 90, "texture": "#5"},
				"south": {"uv": [0, 0, 1.25, 0.4375], "texture": "#5"},
				"west": {"uv": [0, 0, 0.4375, 0.45313], "rotation": 270, "texture": "#5"},
				"up": {"uv": [0, 0, 1.25, 0.45313], "texture": "#5"},
				"down": {"uv": [0, 0, 1.25, 0.45313], "rotation": 180, "texture": "#5"}
			}
		},
		{
			"from": [7.43905, 1.5604, 13.9567],
			"to": [8.56405, 2.95102, 17.3317],
			"rotation": {"angle": 0, "axis": "x", "origin": [7.9954, 8.05601, 8.21494]},
			"faces": {
				"north": {"uv": [0, 0, 1.125, 1.39063], "texture": "#3"},
				"east": {"uv": [0, 0, 3.375, 1.39063], "texture": "#3"},
				"south": {"uv": [0, 0, 1.125, 1.39063], "texture": "#3"},
				"west": {"uv": [0, 0, 3.375, 1.39063], "texture": "#3"},
				"up": {"uv": [0, 0, 1.125, 3.375], "texture": "#3"},
				"down": {"uv": [0, 0, 1.125, 3.375], "texture": "#3"}
			}
		},
		{
			"from": [7.43905, -1.48635, 13.77587],
			"to": [8.56405, -0.61135, 14.40087],
			"rotation": {"angle": -22.5, "axis": "x", "origin": [7.9954, 8.05601, 8.21494]},
			"faces": {
				"north": {"uv": [0, 0, 1.125, 0.875], "texture": "#3"},
				"east": {"uv": [0, 0, 0.625, 0.875], "texture": "#3"},
				"south": {"uv": [0, 0, 1.125, 0.875], "texture": "#3"},
				"west": {"uv": [0, 0, 0.625, 0.875], "texture": "#3"},
				"up": {"uv": [0, 0, 1.125, 0.625], "texture": "#3"},
				"down": {"uv": [0, 0, 1.125, 0.625], "texture": "#3"}
			}
		},
		{
			"from": [7.43905, 1.04477, 16.9567],
			"to": [8.56405, 1.60727, 17.5817],
			"rotation": {"angle": 0, "axis": "x", "origin": [7.9954, 8.05601, 8.21494]},
			"faces": {
				"north": {"uv": [0, 0, 1.125, 0.5625], "texture": "#3"},
				"east": {"uv": [0, 0, 0.625, 0.5625], "texture": "#3"},
				"south": {"uv": [0, 0, 1.125, 0.5625], "texture": "#3"},
				"west": {"uv": [0, 0, 0.625, 0.5625], "texture": "#3"},
				"up": {"uv": [0, 0, 1.125, 0.625], "texture": "#3"},
				"down": {"uv": [0, 0, 1.125, 0.625], "texture": "#3"}
			}
		},
		{
			"from": [7.43905, 1.04477, 13.80045],
			"to": [8.56405, 1.29477, 16.92545],
			"rotation": {"angle": 0, "axis": "x", "origin": [7.9954, 8.05601, 8.21494]},
			"faces": {
				"north": {"uv": [0, 0, 1.125, 0.25], "texture": "#3"},
				"east": {"uv": [0, 0, 3.125, 0.25], "texture": "#3"},
				"south": {"uv": [0, 0, 1.125, 0.25], "texture": "#3"},
				"west": {"uv": [0, 0, 3.125, 0.25], "texture": "#3"},
				"up": {"uv": [0, 0, 1.125, 3.125], "texture": "#3"},
				"down": {"uv": [0, 0, 1.125, 3.125], "texture": "#3"}
			}
		},
		{
			"from": [7.43905, 1.29477, 14.05045],
			"to": [8.56405, 1.54477, 16.92545],
			"rotation": {"angle": 0, "axis": "x", "origin": [7.9954, 8.05601, 8.21494]},
			"faces": {
				"north": {"uv": [0, 0, 1.125, 0.25], "texture": "#3"},
				"east": {"uv": [0, 0, 2.875, 0.25], "texture": "#3"},
				"south": {"uv": [0, 0, 1.125, 0.25], "texture": "#3"},
				"west": {"uv": [0, 0, 2.875, 0.25], "texture": "#3"},
				"up": {"uv": [0, 0, 1.125, 2.875], "texture": "#3"},
				"down": {"uv": [0, 0, 1.125, 2.875], "texture": "#3"}
			}
		},
		{
			"from": [7.43905, -0.92446, 7.38358],
			"to": [8.56405, -0.67446, 7.74295],
			"rotation": {"angle": -45, "axis": "x", "origin": [7.9954, 8.05601, 8.21494]},
			"faces": {
				"north": {"uv": [0, 0, 1.125, 0.25], "texture": "#3"},
				"east": {"uv": [0, 0, 0.35938, 0.25], "texture": "#3"},
				"south": {"uv": [0, 0, 1.125, 0.25], "texture": "#3"},
				"west": {"uv": [0, 0, 0.35938, 0.25], "texture": "#3"},
				"up": {"uv": [0, 0, 1.125, 0.35938], "texture": "#3"},
				"down": {"uv": [0, 0, 1.125, 0.35938], "texture": "#3"}
			}
		},
		{
			"from": [7.56405, 1.35727, 14.05045],
			"to": [8.43905, 1.85727, 16.92545],
			"rotation": {"angle": 0, "axis": "x", "origin": [7.9954, 8.05601, 8.21494]},
			"faces": {
				"north": {"uv": [0, 0, 0.875, 0.5], "texture": "#3"},
				"east": {"uv": [0, 0, 2.875, 0.5], "texture": "#3"},
				"south": {"uv": [0, 0, 0.875, 0.5], "texture": "#3"},
				"west": {"uv": [0, 0, 2.875, 0.5], "texture": "#3"},
				"up": {"uv": [0, 0, 0.875, 2.875], "texture": "#3"},
				"down": {"uv": [0, 0, 0.875, 2.875], "texture": "#3"}
			}
		},
		{
			"name": "hexadecagon",
			"from": [7.12531, 8.63508, 4.20042],
			"to": [7.22476, 9.13508, 5.20042],
			"rotation": {"angle": -45, "axis": "z", "origin": [7.9954, 8.05601, 8.21494]},
			"faces": {
				"north": {"uv": [0, 0, 0.09946, 0.5], "texture": "#4"},
				"east": {"uv": [0, 0, 1, 0.5], "texture": "#4"},
				"south": {"uv": [0, 0, 0.09946, 0.5], "texture": "#4"},
				"west": {"uv": [0, 0, 1, 0.5], "texture": "#4"},
				"up": {"uv": [0, 0, 0.09946, 1], "texture": "#4"},
				"down": {"uv": [0, 0, 0.09946, 1], "texture": "#4"}
			}
		},
		{
			"name": "hexadecagon",
			"from": [7.50502, 8.88591, 4.20042],
			"to": [7.60448, 9.38591, 5.20042],
			"rotation": {"angle": -22.5, "axis": "z", "origin": [7.9954, 8.05601, 8.21494]},
			"faces": {
				"north": {"uv": [0, 0, 0.09946, 0.5], "texture": "#4"},
				"east": {"uv": [0, 0, 1, 0.5], "texture": "#4"},
				"south": {"uv": [0, 0, 0.09946, 0.5], "texture": "#4"},
				"west": {"uv": [0, 0, 1, 0.5], "texture": "#4"},
				"up": {"uv": [0, 0, 0.09946, 1], "texture": "#4"},
				"down": {"uv": [0, 0, 0.09946, 1], "texture": "#4"}
			}
		},
		{
			"name": "hexadecagon",
			"from": [7.95182, 8.97233, 4.20042],
			"to": [8.05128, 9.47233, 5.20042],
			"rotation": {"angle": 0, "axis": "z", "origin": [7.9954, 8.05601, 8.21494]},
			"faces": {
				"north": {"uv": [0, 0, 0.09946, 0.5], "texture": "#4"},
				"east": {"uv": [0, 0, 1, 0.5], "texture": "#4"},
				"south": {"uv": [0, 0, 0.09946, 0.5], "texture": "#4"},
				"west": {"uv": [0, 0, 1, 0.5], "texture": "#4"},
				"up": {"uv": [0, 0, 0.09946, 1], "texture": "#4"},
				"down": {"uv": [0, 0, 0.09946, 1], "texture": "#4"}
			}
		},
		{
			"name": "hexadecagon",
			"from": [8.39769, 8.88119, 4.20042],
			"to": [8.49714, 9.38119, 5.20042],
			"rotation": {"angle": 22.5, "axis": "z", "origin": [7.9954, 8.05601, 8.21494]},
			"faces": {
				"north": {"uv": [0, 0, 0.09946, 0.5], "texture": "#4"},
				"east": {"uv": [0, 0, 1, 0.5], "texture": "#4"},
				"south": {"uv": [0, 0, 0.09946, 0.5], "texture": "#4"},
				"west": {"uv": [0, 0, 1, 0.5], "texture": "#4"},
				"up": {"uv": [0, 0, 0.09946, 1], "texture": "#4"},
				"down": {"uv": [0, 0, 0.09946, 1], "texture": "#4"}
			}
		},
		{
			"name": "hexadecagon",
			"from": [8.77474, 8.62637, 4.20042],
			"to": [8.87419, 9.12637, 5.20042],
			"rotation": {"angle": 45, "axis": "z", "origin": [7.9954, 8.05601, 8.21494]},
			"faces": {
				"north": {"uv": [0, 0, 0.09946, 0.5], "texture": "#4"},
				"east": {"uv": [0, 0, 1, 0.5], "texture": "#4"},
				"south": {"uv": [0, 0, 0.09946, 0.5], "texture": "#4"},
				"west": {"uv": [0, 0, 1, 0.5], "texture": "#4"},
				"up": {"uv": [0, 0, 0.09946, 1], "texture": "#4"},
				"down": {"uv": [0, 0, 0.09946, 1], "texture": "#4"}
			}
		},
		{
			"name": "hexadecagon",
			"from": [7.30475, 9.08618, 4.20042],
			"to": [7.80475, 9.18563, 5.20042],
			"rotation": {"angle": -22.5, "axis": "z", "origin": [7.9954, 8.05601, 8.21494]},
			"faces": {
				"north": {"uv": [0, 0, 0.5, 0.09946], "texture": "#4"},
				"east": {"uv": [0, 0, 1, 0.09946], "texture": "#4"},
				"south": {"uv": [0, 0, 0.5, 0.09946], "texture": "#4"},
				"west": {"uv": [0, 0, 1, 0.09946], "texture": "#4"},
				"up": {"uv": [0, 0, 0.5, 1], "texture": "#4"},
				"down": {"uv": [0, 0, 0.5, 1], "texture": "#4"}
			}
		},
		{
			"name": "hexadecagon",
			"from": [7.75155, 9.1726, 4.20042],
			"to": [8.25155, 9.27206, 5.20042],
			"rotation": {"angle": 0, "axis": "z", "origin": [7.9954, 8.05601, 8.21494]},
			"faces": {
				"north": {"uv": [0, 0, 0.5, 0.09946], "texture": "#4"},
				"east": {"uv": [0, 0, 1, 0.09946], "texture": "#4"},
				"south": {"uv": [0, 0, 0.5, 0.09946], "texture": "#4"},
				"west": {"uv": [0, 0, 1, 0.09946], "texture": "#4"},
				"up": {"uv": [0, 0, 0.5, 1], "texture": "#4"},
				"down": {"uv": [0, 0, 0.5, 1], "texture": "#4"}
			}
		},
		{
			"name": "hexadecagon",
			"from": [8.19742, 9.08146, 4.20042],
			"to": [8.69742, 9.18092, 5.20042],
			"rotation": {"angle": 22.5, "axis": "z", "origin": [7.9954, 8.05601, 8.21494]},
			"faces": {
				"north": {"uv": [0, 0, 0.5, 0.09946], "texture": "#4"},
				"east": {"uv": [0, 0, 1, 0.09946], "texture": "#4"},
				"south": {"uv": [0, 0, 0.5, 0.09946], "texture": "#4"},
				"west": {"uv": [0, 0, 1, 0.09946], "texture": "#4"},
				"up": {"uv": [0, 0, 0.5, 1], "texture": "#4"},
				"down": {"uv": [0, 0, 0.5, 1], "texture": "#4"}
			}
		},
		{
			"name": "hexadecagon",
			"from": [7.11536, 8.58508, 4.20042],
			"to": [7.23471, 9.18508, 4.82542],
			"rotation": {"angle": -45, "axis": "z", "origin": [7.9954, 8.05601, 8.21494]},
			"faces": {
				"north": {"uv": [0, 0, 0.11935, 0.6], "texture": "#1"},
				"east": {"uv": [0, 0, 0.625, 0.6], "texture": "#1"},
				"south": {"uv": [0, 0, 0.11935, 0.6], "texture": "#1"},
				"west": {"uv": [0, 0, 0.625, 0.6], "texture": "#1"},
				"up": {"uv": [0, 0, 0.11935, 0.625], "texture": "#1"},
				"down": {"uv": [0, 0, 0.11935, 0.625], "texture": "#1"}
			}
		},
		{
			"name": "hexadecagon",
			"from": [7.49508, 8.83591, 4.20042],
			"to": [7.61442, 9.43591, 4.82542],
			"rotation": {"angle": -22.5, "axis": "z", "origin": [7.9954, 8.05601, 8.21494]},
			"faces": {
				"north": {"uv": [0, 0, 0.11935, 0.6], "texture": "#1"},
				"east": {"uv": [0, 0, 0.625, 0.6], "texture": "#1"},
				"south": {"uv": [0, 0, 0.11935, 0.6], "texture": "#1"},
				"west": {"uv": [0, 0, 0.625, 0.6], "texture": "#1"},
				"up": {"uv": [0, 0, 0.11935, 0.625], "texture": "#1"},
				"down": {"uv": [0, 0, 0.11935, 0.625], "texture": "#1"}
			}
		},
		{
			"name": "hexadecagon",
			"from": [7.94188, 8.92233, 4.20042],
			"to": [8.06123, 9.52233, 4.82542],
			"rotation": {"angle": 0, "axis": "z", "origin": [7.9954, 8.05601, 8.21494]},
			"faces": {
				"north": {"uv": [0, 0, 0.11935, 0.6], "texture": "#1"},
				"east": {"uv": [0, 0, 0.625, 0.6], "texture": "#1"},
				"south": {"uv": [0, 0, 0.11935, 0.6], "texture": "#1"},
				"west": {"uv": [0, 0, 0.625, 0.6], "texture": "#1"},
				"up": {"uv": [0, 0, 0.11935, 0.625], "texture": "#1"},
				"down": {"uv": [0, 0, 0.11935, 0.625], "texture": "#1"}
			}
		},
		{
			"name": "hexadecagon",
			"from": [8.38774, 8.83119, 4.20042],
			"to": [8.50709, 9.43119, 4.82542],
			"rotation": {"angle": 22.5, "axis": "z", "origin": [7.9954, 8.05601, 8.21494]},
			"faces": {
				"north": {"uv": [0, 0, 0.11935, 0.6], "texture": "#1"},
				"east": {"uv": [0, 0, 0.625, 0.6], "texture": "#1"},
				"south": {"uv": [0, 0, 0.11935, 0.6], "texture": "#1"},
				"west": {"uv": [0, 0, 0.625, 0.6], "texture": "#1"},
				"up": {"uv": [0, 0, 0.11935, 0.625], "texture": "#1"},
				"down": {"uv": [0, 0, 0.11935, 0.625], "texture": "#1"}
			}
		},
		{
			"name": "hexadecagon",
			"from": [8.76479, 8.57637, 4.20042],
			"to": [8.88414, 9.17637, 4.82542],
			"rotation": {"angle": 45, "axis": "z", "origin": [7.9954, 8.05601, 8.21494]},
			"faces": {
				"north": {"uv": [0, 0, 0.11935, 0.6], "texture": "#1"},
				"east": {"uv": [0, 0, 0.625, 0.6], "texture": "#1"},
				"south": {"uv": [0, 0, 0.11935, 0.6], "texture": "#1"},
				"west": {"uv": [0, 0, 0.625, 0.6], "texture": "#1"},
				"up": {"uv": [0, 0, 0.11935, 0.625], "texture": "#1"},
				"down": {"uv": [0, 0, 0.11935, 0.625], "texture": "#1"}
			}
		},
		{
			"name": "hexadecagon",
			"from": [7.25475, 9.07623, 4.20042],
			"to": [7.85475, 9.19558, 4.82542],
			"rotation": {"angle": -22.5, "axis": "z", "origin": [7.9954, 8.05601, 8.21494]},
			"faces": {
				"north": {"uv": [0, 0, 0.6, 0.11935], "texture": "#1"},
				"east": {"uv": [0, 0, 0.625, 0.11935], "texture": "#1"},
				"south": {"uv": [0, 0, 0.6, 0.11935], "texture": "#1"},
				"west": {"uv": [0, 0, 0.625, 0.11935], "texture": "#1"},
				"up": {"uv": [0, 0, 0.6, 0.625], "texture": "#1"},
				"down": {"uv": [0, 0, 0.6, 0.625], "texture": "#1"}
			}
		},
		{
			"name": "hexadecagon",
			"from": [7.70155, 9.16266, 4.20042],
			"to": [8.30155, 9.282, 4.82542],
			"rotation": {"angle": 0, "axis": "z", "origin": [7.9954, 8.05601, 8.21494]},
			"faces": {
				"north": {"uv": [0, 0, 0.6, 0.11935], "texture": "#1"},
				"east": {"uv": [0, 0, 0.625, 0.11935], "texture": "#1"},
				"south": {"uv": [0, 0, 0.6, 0.11935], "texture": "#1"},
				"west": {"uv": [0, 0, 0.625, 0.11935], "texture": "#1"},
				"up": {"uv": [0, 0, 0.6, 0.625], "texture": "#1"},
				"down": {"uv": [0, 0, 0.6, 0.625], "texture": "#1"}
			}
		},
		{
			"name": "hexadecagon",
			"from": [8.14742, 9.07152, 4.20042],
			"to": [8.74742, 9.19087, 4.82542],
			"rotation": {"angle": 22.5, "axis": "z", "origin": [7.9954, 8.05601, 8.21494]},
			"faces": {
				"north": {"uv": [0, 0, 0.6, 0.11935], "texture": "#1"},
				"east": {"uv": [0, 0, 0.625, 0.11935], "texture": "#1"},
				"south": {"uv": [0, 0, 0.6, 0.11935], "texture": "#1"},
				"west": {"uv": [0, 0, 0.625, 0.11935], "texture": "#1"},
				"up": {"uv": [0, 0, 0.6, 0.625], "texture": "#1"},
				"down": {"uv": [0, 0, 0.6, 0.625], "texture": "#1"}
			}
		},
		{
			"name": "hexadecagon",
			"from": [7.04574, 8.23508, 3.76292],
			"to": [7.30433, 9.53508, 4.63792],
			"rotation": {"angle": -45, "axis": "z", "origin": [7.9954, 8.05601, 8.21494]},
			"faces": {
				"north": {"uv": [0, 0, 0.25859, 1.3], "texture": "#3"},
				"east": {"uv": [0, 0, 0.875, 1.3], "texture": "#3"},
				"south": {"uv": [0, 0, 0.25859, 1.3], "texture": "#3"},
				"west": {"uv": [0, 0, 0.875, 1.3], "texture": "#3"},
				"up": {"uv": [0, 0, 0.25859, 0.875], "texture": "#3"},
				"down": {"uv": [0, 0, 0.25859, 0.875], "texture": "#3"}
			}
		},
		{
			"name": "hexadecagon",
			"from": [7.42546, 8.48591, 3.76292],
			"to": [7.68404, 9.78591, 4.63792],
			"rotation": {"angle": -22.5, "axis": "z", "origin": [7.9954, 8.05601, 8.21494]},
			"faces": {
				"north": {"uv": [0, 0, 0.25859, 1.3], "texture": "#3"},
				"east": {"uv": [0, 0, 0.875, 1.3], "texture": "#3"},
				"south": {"uv": [0, 0, 0.25859, 1.3], "texture": "#3"},
				"west": {"uv": [0, 0, 0.875, 1.3], "texture": "#3"},
				"up": {"uv": [0, 0, 0.25859, 0.875], "texture": "#3"},
				"down": {"uv": [0, 0, 0.25859, 0.875], "texture": "#3"}
			}
		},
		{
			"name": "hexadecagon",
			"from": [7.87226, 8.57233, 3.76292],
			"to": [8.13085, 9.87233, 4.63792],
			"rotation": {"angle": 0, "axis": "z", "origin": [7.9954, 8.05601, 8.21494]},
			"faces": {
				"north": {"uv": [0, 0, 0.25859, 1.3], "texture": "#3"},
				"east": {"uv": [0, 0, 0.875, 1.3], "texture": "#3"},
				"south": {"uv": [0, 0, 0.25859, 1.3], "texture": "#3"},
				"west": {"uv": [0, 0, 0.875, 1.3], "texture": "#3"},
				"up": {"uv": [0, 0, 0.25859, 0.875], "texture": "#3"},
				"down": {"uv": [0, 0, 0.25859, 0.875], "texture": "#3"}
			}
		},
		{
			"name": "hexadecagon",
			"from": [8.31812, 8.48119, 3.76292],
			"to": [8.57671, 9.78119, 4.63792],
			"rotation": {"angle": 22.5, "axis": "z", "origin": [7.9954, 8.05601, 8.21494]},
			"faces": {
				"north": {"uv": [0, 0, 0.25859, 1.3], "texture": "#3"},
				"east": {"uv": [0, 0, 0.875, 1.3], "texture": "#3"},
				"south": {"uv": [0, 0, 0.25859, 1.3], "texture": "#3"},
				"west": {"uv": [0, 0, 0.875, 1.3], "texture": "#3"},
				"up": {"uv": [0, 0, 0.25859, 0.875], "texture": "#3"},
				"down": {"uv": [0, 0, 0.25859, 0.875], "texture": "#3"}
			}
		},
		{
			"name": "hexadecagon",
			"from": [8.69517, 8.22637, 3.76292],
			"to": [8.95376, 9.52637, 4.63792],
			"rotation": {"angle": 45, "axis": "z", "origin": [7.9954, 8.05601, 8.21494]},
			"faces": {
				"north": {"uv": [0, 0, 0.25859, 1.3], "texture": "#3"},
				"east": {"uv": [0, 0, 0.875, 1.3], "texture": "#3"},
				"south": {"uv": [0, 0, 0.25859, 1.3], "texture": "#3"},
				"west": {"uv": [0, 0, 0.875, 1.3], "texture": "#3"},
				"up": {"uv": [0, 0, 0.25859, 0.875], "texture": "#3"},
				"down": {"uv": [0, 0, 0.25859, 0.875], "texture": "#3"}
			}
		},
		{
			"name": "hexadecagon",
			"from": [6.90475, 9.00661, 3.76292],
			"to": [8.20475, 9.2652, 4.63792],
			"rotation": {"angle": -22.5, "axis": "z", "origin": [7.9954, 8.05601, 8.21494]},
			"faces": {
				"north": {"uv": [0, 0, 1.3, 0.25859], "texture": "#3"},
				"east": {"uv": [0, 0, 0.875, 0.25859], "texture": "#3"},
				"south": {"uv": [0, 0, 1.3, 0.25859], "texture": "#3"},
				"west": {"uv": [0, 0, 0.875, 0.25859], "texture": "#3"},
				"up": {"uv": [0, 0, 1.3, 0.875], "texture": "#3"},
				"down": {"uv": [0, 0, 1.3, 0.875], "texture": "#3"}
			}
		},
		{
			"name": "hexadecagon",
			"from": [7.35155, 9.09304, 3.76292],
			"to": [8.65155, 9.35162, 4.63792],
			"rotation": {"angle": 0, "axis": "z", "origin": [7.9954, 8.05601, 8.21494]},
			"faces": {
				"north": {"uv": [0, 0, 1.3, 0.25859], "texture": "#3"},
				"east": {"uv": [0, 0, 0.875, 0.25859], "texture": "#3"},
				"south": {"uv": [0, 0, 1.3, 0.25859], "texture": "#3"},
				"west": {"uv": [0, 0, 0.875, 0.25859], "texture": "#3"},
				"up": {"uv": [0, 0, 1.3, 0.875], "texture": "#3"},
				"down": {"uv": [0, 0, 1.3, 0.875], "texture": "#3"}
			}
		},
		{
			"name": "hexadecagon",
			"from": [7.79742, 9.0019, 3.76292],
			"to": [9.09742, 9.26049, 4.63792],
			"rotation": {"angle": 22.5, "axis": "z", "origin": [7.9954, 8.05601, 8.21494]},
			"faces": {
				"north": {"uv": [0, 0, 1.3, 0.25859], "texture": "#3"},
				"east": {"uv": [0, 0, 0.875, 0.25859], "texture": "#3"},
				"south": {"uv": [0, 0, 1.3, 0.25859], "texture": "#3"},
				"west": {"uv": [0, 0, 0.875, 0.25859], "texture": "#3"},
				"up": {"uv": [0, 0, 1.3, 0.875], "texture": "#3"},
				"down": {"uv": [0, 0, 1.3, 0.875], "texture": "#3"}
			}
		},
		{
			"name": "hexadecagon",
			"from": [7.04574, 8.23508, -3.76833],
			"to": [7.30433, 9.53508, 3.73167],
			"rotation": {"angle": -45, "axis": "z", "origin": [7.9954, 8.05601, 8.21494]},
			"faces": {
				"north": {"uv": [0, 0, 0.25859, 1.3], "texture": "#3"},
				"east": {"uv": [0, 0, 7.5, 1.3], "texture": "#3"},
				"south": {"uv": [0, 0, 0.25859, 1.3], "texture": "#3"},
				"west": {"uv": [0, 0, 7.5, 1.3], "texture": "#3"},
				"up": {"uv": [0, 0, 0.25859, 7.5], "texture": "#3"},
				"down": {"uv": [0, 0, 0.25859, 7.5], "texture": "#3"}
			}
		},
		{
			"name": "hexadecagon",
			"from": [7.42546, 8.48591, -3.76833],
			"to": [7.68404, 9.78591, 3.73167],
			"rotation": {"angle": -22.5, "axis": "z", "origin": [7.9954, 8.05601, 8.21494]},
			"faces": {
				"north": {"uv": [0, 0, 0.25859, 1.3], "texture": "#3"},
				"east": {"uv": [0, 0, 7.5, 1.3], "texture": "#3"},
				"south": {"uv": [0, 0, 0.25859, 1.3], "texture": "#3"},
				"west": {"uv": [0, 0, 7.5, 1.3], "texture": "#3"},
				"up": {"uv": [0, 0, 0.25859, 7.5], "texture": "#3"},
				"down": {"uv": [0, 0, 0.25859, 7.5], "texture": "#3"}
			}
		},
		{
			"name": "hexadecagon",
			"from": [7.87226, 8.57233, -3.76833],
			"to": [8.13085, 9.87233, 3.73167],
			"rotation": {"angle": 0, "axis": "z", "origin": [7.9954, 8.05601, 8.21494]},
			"faces": {
				"north": {"uv": [0, 0, 0.25859, 1.3], "texture": "#3"},
				"east": {"uv": [0, 0, 7.5, 1.3], "texture": "#3"},
				"south": {"uv": [0, 0, 0.25859, 1.3], "texture": "#3"},
				"west": {"uv": [0, 0, 7.5, 1.3], "texture": "#3"},
				"up": {"uv": [0, 0, 0.25859, 7.5], "texture": "#3"},
				"down": {"uv": [0, 0, 0.25859, 7.5], "texture": "#3"}
			}
		},
		{
			"name": "hexadecagon",
			"from": [8.31812, 8.48119, -3.76833],
			"to": [8.57671, 9.78119, 3.73167],
			"rotation": {"angle": 22.5, "axis": "z", "origin": [7.9954, 8.05601, 8.21494]},
			"faces": {
				"north": {"uv": [0, 0, 0.25859, 1.3], "texture": "#3"},
				"east": {"uv": [0, 0, 7.5, 1.3], "texture": "#3"},
				"south": {"uv": [0, 0, 0.25859, 1.3], "texture": "#3"},
				"west": {"uv": [0, 0, 7.5, 1.3], "texture": "#3"},
				"up": {"uv": [0, 0, 0.25859, 7.5], "texture": "#3"},
				"down": {"uv": [0, 0, 0.25859, 7.5], "texture": "#3"}
			}
		},
		{
			"name": "hexadecagon",
			"from": [8.69517, 8.22637, -3.76833],
			"to": [8.95376, 9.52637, 3.73167],
			"rotation": {"angle": 45, "axis": "z", "origin": [7.9954, 8.05601, 8.21494]},
			"faces": {
				"north": {"uv": [0, 0, 0.25859, 1.3], "texture": "#3"},
				"east": {"uv": [0, 0, 7.5, 1.3], "texture": "#3"},
				"south": {"uv": [0, 0, 0.25859, 1.3], "texture": "#3"},
				"west": {"uv": [0, 0, 7.5, 1.3], "texture": "#3"},
				"up": {"uv": [0, 0, 0.25859, 7.5], "texture": "#3"},
				"down": {"uv": [0, 0, 0.25859, 7.5], "texture": "#3"}
			}
		},
		{
			"name": "hexadecagon",
			"from": [6.90475, 9.00661, -3.76833],
			"to": [8.20475, 9.2652, 3.73167],
			"rotation": {"angle": -22.5, "axis": "z", "origin": [7.9954, 8.05601, 8.21494]},
			"faces": {
				"north": {"uv": [0, 0, 1.3, 0.25859], "texture": "#3"},
				"east": {"uv": [0, 0, 7.5, 0.25859], "texture": "#3"},
				"south": {"uv": [0, 0, 1.3, 0.25859], "texture": "#3"},
				"west": {"uv": [0, 0, 7.5, 0.25859], "texture": "#3"},
				"up": {"uv": [0, 0, 1.3, 7.5], "texture": "#3"},
				"down": {"uv": [0, 0, 1.3, 7.5], "texture": "#3"}
			}
		},
		{
			"name": "hexadecagon",
			"from": [7.35155, 9.09304, -3.76833],
			"to": [8.65155, 9.35162, 3.73167],
			"rotation": {"angle": 0, "axis": "z", "origin": [7.9954, 8.05601, 8.21494]},
			"faces": {
				"north": {"uv": [0, 0, 1.3, 0.25859], "texture": "#3"},
				"east": {"uv": [0, 0, 7.5, 0.25859], "texture": "#3"},
				"south": {"uv": [0, 0, 1.3, 0.25859], "texture": "#3"},
				"west": {"uv": [0, 0, 7.5, 0.25859], "texture": "#3"},
				"up": {"uv": [0, 0, 1.3, 7.5], "texture": "#3"},
				"down": {"uv": [0, 0, 1.3, 7.5], "texture": "#3"}
			}
		},
		{
			"name": "hexadecagon",
			"from": [7.79742, 9.0019, -3.76833],
			"to": [9.09742, 9.26049, 3.73167],
			"rotation": {"angle": 22.5, "axis": "z", "origin": [7.9954, 8.05601, 8.21494]},
			"faces": {
				"north": {"uv": [0, 0, 1.3, 0.25859], "texture": "#3"},
				"east": {"uv": [0, 0, 7.5, 0.25859], "texture": "#3"},
				"south": {"uv": [0, 0, 1.3, 0.25859], "texture": "#3"},
				"west": {"uv": [0, 0, 7.5, 0.25859], "texture": "#3"},
				"up": {"uv": [0, 0, 1.3, 7.5], "texture": "#3"},
				"down": {"uv": [0, 0, 1.3, 7.5], "texture": "#3"}
			}
		},
		{
			"name": "hexadecagon",
			"from": [7.05569, 8.28508, 1.20042],
			"to": [7.29438, 9.48508, 4.20042],
			"rotation": {"angle": -45, "axis": "z", "origin": [7.9954, 8.05601, 8.21494]},
			"faces": {
				"north": {"uv": [0, 0, 0.23869, 1.2], "texture": "#8"},
				"east": {"uv": [0, 0, 3, 1.2], "texture": "#8"},
				"south": {"uv": [0, 0, 0.23869, 1.2], "texture": "#8"},
				"west": {"uv": [0, 0, 3, 1.2], "texture": "#8"},
				"up": {"uv": [0, 0, 0.23869, 3], "texture": "#8"},
				"down": {"uv": [0, 0, 0.23869, 3], "texture": "#8"}
			}
		},
		{
			"name": "hexadecagon",
			"from": [7.4354, 8.53591, 1.20042],
			"to": [7.6741, 9.73591, 4.20042],
			"rotation": {"angle": -22.5, "axis": "z", "origin": [7.9954, 8.05601, 8.21494]},
			"faces": {
				"north": {"uv": [0, 0, 0.23869, 1.2], "texture": "#8"},
				"east": {"uv": [0, 0, 3, 1.2], "texture": "#8"},
				"south": {"uv": [0, 0, 0.23869, 1.2], "texture": "#8"},
				"west": {"uv": [0, 0, 3, 1.2], "texture": "#8"},
				"up": {"uv": [0, 0, 0.23869, 3], "texture": "#8"},
				"down": {"uv": [0, 0, 0.23869, 3], "texture": "#8"}
			}
		},
		{
			"name": "hexadecagon",
			"from": [7.8822, 8.62233, 1.20042],
			"to": [8.1209, 9.82233, 4.20042],
			"rotation": {"angle": 0, "axis": "z", "origin": [7.9954, 8.05601, 8.21494]},
			"faces": {
				"north": {"uv": [0, 0, 0.23869, 1.2], "texture": "#8"},
				"east": {"uv": [0, 0, 3, 1.2], "texture": "#8"},
				"south": {"uv": [0, 0, 0.23869, 1.2], "texture": "#8"},
				"west": {"uv": [0, 0, 3, 1.2], "texture": "#8"},
				"up": {"uv": [0, 0, 0.23869, 3], "texture": "#8"},
				"down": {"uv": [0, 0, 0.23869, 3], "texture": "#8"}
			}
		},
		{
			"name": "hexadecagon",
			"from": [8.32807, 8.53119, 1.20042],
			"to": [8.56676, 9.73119, 4.20042],
			"rotation": {"angle": 22.5, "axis": "z", "origin": [7.9954, 8.05601, 8.21494]},
			"faces": {
				"north": {"uv": [0, 0, 0.23869, 1.2], "texture": "#8"},
				"east": {"uv": [0, 0, 3, 1.2], "texture": "#8"},
				"south": {"uv": [0, 0, 0.23869, 1.2], "texture": "#8"},
				"west": {"uv": [0, 0, 3, 1.2], "texture": "#8"},
				"up": {"uv": [0, 0, 0.23869, 3], "texture": "#8"},
				"down": {"uv": [0, 0, 0.23869, 3], "texture": "#8"}
			}
		},
		{
			"name": "hexadecagon",
			"from": [8.70512, 8.27637, 1.20042],
			"to": [8.94381, 9.47637, 4.20042],
			"rotation": {"angle": 45, "axis": "z", "origin": [7.9954, 8.05601, 8.21494]},
			"faces": {
				"north": {"uv": [0, 0, 0.23869, 1.2], "texture": "#8"},
				"east": {"uv": [0, 0, 3, 1.2], "texture": "#8"},
				"south": {"uv": [0, 0, 0.23869, 1.2], "texture": "#8"},
				"west": {"uv": [0, 0, 3, 1.2], "texture": "#8"},
				"up": {"uv": [0, 0, 0.23869, 3], "texture": "#8"},
				"down": {"uv": [0, 0, 0.23869, 3], "texture": "#8"}
			}
		},
		{
			"name": "hexadecagon",
			"from": [6.95475, 9.01656, 1.20042],
			"to": [8.15475, 9.25525, 4.20042],
			"rotation": {"angle": -22.5, "axis": "z", "origin": [7.9954, 8.05601, 8.21494]},
			"faces": {
				"north": {"uv": [0, 0, 1.2, 0.23869], "texture": "#8"},
				"east": {"uv": [0, 0, 3, 0.23869], "texture": "#8"},
				"south": {"uv": [0, 0, 1.2, 0.23869], "texture": "#8"},
				"west": {"uv": [0, 0, 3, 0.23869], "texture": "#8"},
				"up": {"uv": [0, 0, 1.2, 3], "texture": "#8"},
				"down": {"uv": [0, 0, 1.2, 3], "texture": "#8"}
			}
		},
		{
			"name": "hexadecagon",
			"from": [7.40155, 9.10298, 1.20042],
			"to": [8.60155, 9.34168, 4.20042],
			"rotation": {"angle": 0, "axis": "z", "origin": [7.9954, 8.05601, 8.21494]},
			"faces": {
				"north": {"uv": [0, 0, 1.2, 0.23869], "texture": "#8"},
				"east": {"uv": [0, 0, 3, 0.23869], "texture": "#8"},
				"south": {"uv": [0, 0, 1.2, 0.23869], "texture": "#8"},
				"west": {"uv": [0, 0, 3, 0.23869], "texture": "#8"},
				"up": {"uv": [0, 0, 1.2, 3], "texture": "#8"},
				"down": {"uv": [0, 0, 1.2, 3], "texture": "#8"}
			}
		},
		{
			"name": "hexadecagon",
			"from": [7.84742, 9.01185, 1.20042],
			"to": [9.04742, 9.25054, 4.20042],
			"rotation": {"angle": 22.5, "axis": "z", "origin": [7.9954, 8.05601, 8.21494]},
			"faces": {
				"north": {"uv": [0, 0, 1.2, 0.23869], "texture": "#8"},
				"east": {"uv": [0, 0, 3, 0.23869], "texture": "#8"},
				"south": {"uv": [0, 0, 1.2, 0.23869], "texture": "#8"},
				"west": {"uv": [0, 0, 3, 0.23869], "texture": "#8"},
				"up": {"uv": [0, 0, 1.2, 3], "texture": "#8"},
				"down": {"uv": [0, 0, 1.2, 3], "texture": "#8"}
			}
		}
	],
	"display": {
		"thirdperson_righthand": {
			"translation": [-1.25, 0.25, -1],
			"scale": [0.5, 0.5, 0.5]
		},
		"thirdperson_lefthand": {
			"translation": [-1.25, 0.25, -1],
			"scale": [0.5, 0.5, 0.5]
		},
		"firstperson_righthand": {
			"translation": [-9, 0.25, -59.5],
			"scale": [4, 4, 2.93]
		},
		"firstperson_lefthand": {
			"translation": [-9, 0.25, -59.5],
			"scale": [4, 4, 2.93]
		},
		"ground": {
			"rotation": [0, 0, 90],
			"translation": [-2.75, 0, 0],
			"scale": [0.75, 0.75, 0.75]
		},
		"gui": {
			"rotation": [-90, 135, 90],
			"translation": [0, 1.25, 0],
			"scale": [0.7, 0.7, 0.7]
		},
		"fixed": {
			"rotation": [90, 45, -90],
			"translation": [0.25, 2.25, -1.75]
		}
	},
	"groups": [
		{
			"name": "group",
			"origin": [7.23664, 1.41326, 7.50894],
			"children": []
		},
		{
			"name": "hexadecagon",
			"origin": [8, 8, 8],
			"children": []
		}, 0, 1, 2, 3, 4, 5, 6, 7, 8, 9, 10, 11, 12, 13, 14, 15, 16, 17, 18, 19, 20, 21, 22, 23, 24, 25, 26, 27, 28, 29, 30, 31, 32, 33, 34, 35, 36, 37, 38, 39, 40, 41, 42, 43, 44, 45, 46,
		{
			"name": "hexadecagon",
			"origin": [8, 8, 8],
			"children": [47, 48, 49, 50, 51, 52, 53, 54]
		},
		{
			"name": "hexadecagon",
			"origin": [8, 8, 8],
			"children": [55, 56, 57, 58, 59, 60, 61, 62]
		},
		{
			"name": "hexadecagon",
			"origin": [8, 8, 8],
			"children": [63, 64, 65, 66, 67, 68, 69, 70]
		},
		{
			"name": "hexadecagon",
			"origin": [8, 8, 8],
			"children": [71, 72, 73, 74, 75, 76, 77, 78]
		},
		{
			"name": "hexadecagon",
			"origin": [8, 8, 8],
			"children": [79, 80, 81, 82, 83, 84, 85, 86]
		}
	]
}