{
	"credit": "Made with Blockbench",
	"textures": {
		"1": "guns/gunmetal3",
		"3": "guns/gunmetal5",
		"4": "guns/gunmetal4",
		"5": "guns/gunmetal6",
		"6": "guns/wood",
		"particle": "guns/gunmetal6"
	},
	"elements": [
		{
			"name": "hexadecagon",
			"from": [7.96009, 9.25, -6.5],
			"to": [8.05955, 9.75, 6],
			"rotation": {"angle": -45, "axis": "z", "origin": [8.00982, 9.5, -4]},
			"faces": {
				"north": {"uv": [0, 0, 0.09946, 0.5], "texture": "#4"},
				"east": {"uv": [0, 0, 12.5, 0.5], "texture": "#4"},
				"south": {"uv": [0, 0, 0.09946, 0.5], "texture": "#4"},
				"west": {"uv": [0, 0, 12.5, 0.5], "texture": "#4"},
				"up": {"uv": [0, 0, 0.09946, 12.5], "texture": "#4"},
				"down": {"uv": [0, 0, 0.09946, 12.5], "texture": "#4"}
			}
		},
		{
			"name": "hexadecagon",
			"from": [7.96009, 9.25, -6.5],
			"to": [8.05955, 9.75, 6],
			"rotation": {"angle": -22.5, "axis": "z", "origin": [8.00982, 9.5, -4]},
			"faces": {
				"north": {"uv": [0, 0, 0.09946, 0.5], "texture": "#4"},
				"east": {"uv": [0, 0, 12.5, 0.5], "texture": "#4"},
				"south": {"uv": [0, 0, 0.09946, 0.5], "texture": "#4"},
				"west": {"uv": [0, 0, 12.5, 0.5], "texture": "#4"},
				"up": {"uv": [0, 0, 0.09946, 12.5], "texture": "#4"},
				"down": {"uv": [0, 0, 0.09946, 12.5], "texture": "#4"}
			}
		},
		{
			"name": "hexadecagon",
			"from": [7.96009, 9.25, -6.5],
			"to": [8.05955, 9.75, 6],
			"rotation": {"angle": 0, "axis": "z", "origin": [8.00982, 9.5, -4]},
			"faces": {
				"north": {"uv": [0, 0, 0.09946, 0.5], "texture": "#4"},
				"east": {"uv": [0, 0, 12.5, 0.5], "texture": "#4"},
				"south": {"uv": [0, 0, 0.09946, 0.5], "texture": "#4"},
				"west": {"uv": [0, 0, 12.5, 0.5], "texture": "#4"},
				"up": {"uv": [0, 0, 0.09946, 12.5], "texture": "#4"},
				"down": {"uv": [0, 0, 0.09946, 12.5], "texture": "#4"}
			}
		},
		{
			"name": "hexadecagon",
			"from": [7.96009, 9.25, -6.5],
			"to": [8.05955, 9.75, 6],
			"rotation": {"angle": 22.5, "axis": "z", "origin": [8.00982, 9.5, -4]},
			"faces": {
				"north": {"uv": [0, 0, 0.09946, 0.5], "texture": "#4"},
				"east": {"uv": [0, 0, 12.5, 0.5], "texture": "#4"},
				"south": {"uv": [0, 0, 0.09946, 0.5], "texture": "#4"},
				"west": {"uv": [0, 0, 12.5, 0.5], "texture": "#4"},
				"up": {"uv": [0, 0, 0.09946, 12.5], "texture": "#4"},
				"down": {"uv": [0, 0, 0.09946, 12.5], "texture": "#4"}
			}
		},
		{
			"name": "hexadecagon",
			"from": [7.96009, 9.25, -6.5],
			"to": [8.05955, 9.75, 6],
			"rotation": {"angle": 45, "axis": "z", "origin": [8.00982, 9.5, -4]},
			"faces": {
				"north": {"uv": [0, 0, 0.09946, 0.5], "texture": "#4"},
				"east": {"uv": [0, 0, 12.5, 0.5], "texture": "#4"},
				"south": {"uv": [0, 0, 0.09946, 0.5], "texture": "#4"},
				"west": {"uv": [0, 0, 12.5, 0.5], "texture": "#4"},
				"up": {"uv": [0, 0, 0.09946, 12.5], "texture": "#4"},
				"down": {"uv": [0, 0, 0.09946, 12.5], "texture": "#4"}
			}
		},
		{
			"name": "hexadecagon",
			"from": [7.75982, 9.45027, -6.5],
			"to": [8.25982, 9.54973, 6],
			"rotation": {"angle": -22.5, "axis": "z", "origin": [8.00982, 9.5, -4]},
			"faces": {
				"north": {"uv": [0, 0, 0.5, 0.09946], "texture": "#4"},
				"east": {"uv": [0, 0, 12.5, 0.09946], "texture": "#4"},
				"south": {"uv": [0, 0, 0.5, 0.09946], "texture": "#4"},
				"west": {"uv": [0, 0, 12.5, 0.09946], "texture": "#4"},
				"up": {"uv": [0, 0, 0.5, 12.5], "texture": "#4"},
				"down": {"uv": [0, 0, 0.5, 12.5], "texture": "#4"}
			}
		},
		{
			"name": "hexadecagon",
			"from": [7.75982, 9.45027, -6.5],
			"to": [8.25982, 9.54973, 6],
			"rotation": {"angle": 0, "axis": "z", "origin": [8.00982, 9.5, -4]},
			"faces": {
				"north": {"uv": [0, 0, 0.5, 0.09946], "texture": "#4"},
				"east": {"uv": [0, 0, 12.5, 0.09946], "texture": "#4"},
				"south": {"uv": [0, 0, 0.5, 0.09946], "texture": "#4"},
				"west": {"uv": [0, 0, 12.5, 0.09946], "texture": "#4"},
				"up": {"uv": [0, 0, 0.5, 12.5], "texture": "#4"},
				"down": {"uv": [0, 0, 0.5, 12.5], "texture": "#4"}
			}
		},
		{
			"name": "hexadecagon",
			"from": [7.75982, 9.45027, -6.5],
			"to": [8.25982, 9.54973, 6],
			"rotation": {"angle": 22.5, "axis": "z", "origin": [8.00982, 9.5, -4]},
			"faces": {
				"north": {"uv": [0, 0, 0.5, 0.09946], "texture": "#4"},
				"east": {"uv": [0, 0, 12.5, 0.09946], "texture": "#4"},
				"south": {"uv": [0, 0, 0.5, 0.09946], "texture": "#4"},
				"west": {"uv": [0, 0, 12.5, 0.09946], "texture": "#4"},
				"up": {"uv": [0, 0, 0.5, 12.5], "texture": "#4"},
				"down": {"uv": [0, 0, 0.5, 12.5], "texture": "#4"}
			}
		},
		{
			"from": [7.63403, 6.96919, 13.98274],
			"to": [8.38403, 7.84419, 15.23274],
			"rotation": {"angle": -22.5, "axis": "x", "origin": [8.00903, 7.21919, 14.60774]},
			"faces": {
				"north": {"uv": [0.625, 0.1, 0.1, 0.875], "texture": "#6"},
				"east": {"uv": [1.25, 0.1, 0.1, 0.875], "texture": "#6"},
				"south": {"uv": [0.625, 0.1, 0.1, 0.875], "texture": "#6"},
				"west": {"uv": [1.25, 0.1, 0.1, 0.875], "texture": "#6"},
				"up": {"uv": [0.1, 0.1, 0.625, 1.25], "texture": "#6"},
				"down": {"uv": [0.1, 1.25, 0.625, 0.1], "texture": "#6"}
			}
		},
		{
			"from": [7.63403, 7.31926, 13.21614],
			"to": [8.38403, 8.56926, 14.46614],
			"rotation": {"angle": -45, "axis": "x", "origin": [8.00903, 8.25676, 13.84114]},
			"faces": {
				"north": {"uv": [0.625, 0.1, 0.1, 1.25], "texture": "#6"},
				"east": {"uv": [1.25, 0.1, 0.1, 1.25], "texture": "#6"},
				"south": {"uv": [0.625, 0.1, 0.1, 1.25], "texture": "#6"},
				"west": {"uv": [1.25, 0.1, 0.1, 1.25], "texture": "#6"},
				"up": {"uv": [0.1, 0.1, 0.625, 1.25], "texture": "#6"},
				"down": {"uv": [0.1, 1.25, 0.625, 0.1], "texture": "#6"}
			}
		},
		{
			"from": [7.63403, 6.6024, 14.03084],
			"to": [8.38403, 7.2274, 15.28084],
			"rotation": {"angle": 0, "axis": "x", "origin": [8.00903, 6.7899, 14.65584]},
			"faces": {
				"north": {"uv": [0.625, 0.1, 0.1, 0.625], "texture": "#6"},
				"east": {"uv": [1.25, 0.1, 0.1, 0.625], "texture": "#6"},
				"south": {"uv": [0.625, 0.1, 0.1, 0.625], "texture": "#6"},
				"west": {"uv": [1.25, 0.1, 0.1, 0.625], "texture": "#6"},
				"up": {"uv": [0.1, 0.1, 0.625, 1.25], "texture": "#6"},
				"down": {"uv": [0.1, 1.25, 0.625, 0.1], "texture": "#6"}
			}
		},
		{
			"from": [7.66416, 8.22329, 13.93711],
			"to": [8.35146, 8.84829, 22.18711],
			"rotation": {"angle": 22.5, "axis": "x", "origin": [8.00771, 8.72329, 13.99961]},
			"faces": {
				"north": {"uv": [0.1, 0.1, 0.625, 0.625], "texture": "#6"},
				"east": {"uv": [0.1, 0.1, 8.25, 0.625], "texture": "#6"},
				"south": {"uv": [0.1, 0.1, 0.625, 0.625], "texture": "#6"},
				"west": {"uv": [0.1, 0.1, 8.25, 0.625], "texture": "#6"},
				"up": {"uv": [0.625, 0.1, 0.1, 8.25], "texture": "#6"},
				"down": {"uv": [0.625, 8.25, 0.1, 0.1], "texture": "#6"}
			}
		},
		{
			"from": [7.66528, 7.59829, 16.31211],
			"to": [8.35278, 8.22329, 22.18711],
			"rotation": {"angle": 22.5, "axis": "x", "origin": [8.00903, 8.72329, 13.99961]},
			"faces": {
				"north": {"uv": [0.625, 0.1, 0.1, 0.625], "texture": "#6"},
				"east": {"uv": [5.875, 0.1, 0.1, 0.625], "texture": "#6"},
				"south": {"uv": [0.625, 0.1, 0.1, 0.625], "texture": "#6"},
				"west": {"uv": [5.875, 0.1, 0.1, 0.625], "texture": "#6"},
				"up": {"uv": [0.1, 0.1, 0.625, 5.875], "texture": "#6"},
				"down": {"uv": [0.1, 5.875, 0.625, 0.1], "texture": "#6"}
			}
		},
		{
			"from": [7.66528, 6.69495, 14.05764],
			"to": [8.35278, 8.69495, 15.18264],
			"rotation": {"angle": -22.5, "axis": "x", "origin": [8.00903, 9.63245, 14.87014]},
			"faces": {
				"north": {"uv": [0.1, 1.9, 0.625, 0.1], "rotation": 180, "texture": "#6"},
				"east": {"uv": [1.9, 0.1, 0.1, 1.125], "rotation": 270, "texture": "#6"},
				"south": {"uv": [0.1, 0.1, 0.625, 1.9], "texture": "#6"},
				"west": {"uv": [1.9, 0.1, 0.1, 1.125], "rotation": 90, "texture": "#6"},
				"up": {"uv": [0.625, 0.1, 0.1, 1.125], "rotation": 180, "texture": "#6"},
				"down": {"uv": [0.625, 0.1, 0.1, 1.125], "texture": "#6"}
			}
		},
		{
			"from": [7.66528, 4.5507, 21.13335],
			"to": [8.35278, 8.3007, 21.63335],
			"rotation": {"angle": 0, "axis": "x", "origin": [8.00903, 4.8632, 24.07085]},
			"faces": {
				"north": {"uv": [0.625, 0.1, 0.1, 3.75], "texture": "#6"},
				"east": {"uv": [0.5, 0.1, 0.1, 3.75], "texture": "#6"},
				"south": {"uv": [0.625, 0.1, 0.1, 3.75], "texture": "#6"},
				"west": {"uv": [0.5, 0.1, 0.1, 3.75], "texture": "#6"},
				"up": {"uv": [0.1, 0.1, 0.625, 0.5], "texture": "#6"},
				"down": {"uv": [0.1, 0.5, 0.625, 0.1], "texture": "#6"}
			}
		},
		{
			"from": [7.66528, 6.9257, 15.75835],
			"to": [8.35278, 8.3007, 21.13335],
			"rotation": {"angle": 0, "axis": "x", "origin": [8.00903, 7.9882, 18.19585]},
			"faces": {
				"north": {"uv": [0.625, 0.1, 0.1, 1.375], "texture": "#6"},
				"east": {"uv": [5.375, 0.1, 0.1, 1.375], "texture": "#6"},
				"south": {"uv": [0.625, 0.1, 0.1, 1.375], "texture": "#6"},
				"west": {"uv": [5.375, 0.1, 0.1, 1.375], "texture": "#6"},
				"up": {"uv": [0.1, 0.1, 0.625, 5.375], "texture": "#6"},
				"down": {"uv": [0.1, 5.375, 0.625, 0.1], "texture": "#6"}
			}
		},
		{
			"from": [7.66528, 8.8802, 19.39047],
			"to": [8.35278, 9.5052, 20.95297],
			"rotation": {"angle": 22.5, "axis": "x", "origin": [8.00903, 7.1927, 18.26547]},
			"faces": {
				"north": {"uv": [0.625, 0.1, 0.1, 0.625], "texture": "#6"},
				"east": {"uv": [1.5625, 0.1, 0.1, 0.625], "texture": "#6"},
				"south": {"uv": [0.625, 0.1, 0.1, 0.625], "texture": "#6"},
				"west": {"uv": [1.5625, 0.1, 0.1, 0.625], "texture": "#6"},
				"up": {"uv": [0.1, 0.1, 0.625, 1.5625], "texture": "#6"},
				"down": {"uv": [0.1, 1.5625, 0.625, 0.1], "texture": "#6"}
			}
		},
		{
			"from": [7.66528, 8.26091, 15.51762],
			"to": [8.35278, 8.88591, 20.20512],
			"rotation": {"angle": 0, "axis": "x", "origin": [8.00903, 8.57341, 17.95512]},
			"faces": {
				"north": {"uv": [0.625, 0.1, 0.1, 0.625], "texture": "#6"},
				"east": {"uv": [4.6875, 0.1, 0.1, 0.625], "texture": "#6"},
				"south": {"uv": [0.625, 0.1, 0.1, 0.625], "texture": "#6"},
				"west": {"uv": [4.6875, 0.1, 0.1, 0.625], "texture": "#6"},
				"up": {"uv": [0.1, 0.1, 0.625, 4.6875], "texture": "#6"},
				"down": {"uv": [0.1, 4.6875, 0.625, 0.1], "texture": "#6"}
			}
		},
		{
			"from": [7.66528, 5.8007, 18.50835],
			"to": [8.35278, 6.9257, 21.13335],
			"rotation": {"angle": 0, "axis": "x", "origin": [8.00903, 7.9882, 18.19585]},
			"faces": {
				"north": {"uv": [0.625, 0.1, 0.1, 1.125], "texture": "#6"},
				"east": {"uv": [2.625, 0.1, 0.1, 1.125], "texture": "#6"},
				"south": {"uv": [0.625, 0.1, 0.1, 1.125], "texture": "#6"},
				"west": {"uv": [2.625, 0.1, 0.1, 1.125], "texture": "#6"},
				"up": {"uv": [0.1, 0.1, 0.625, 2.625], "texture": "#6"},
				"down": {"uv": [0.1, 2.625, 0.625, 0.1], "texture": "#6"}
			}
		},
		{
			"from": [7.63403, 8.00426, 12.75502],
			"to": [8.38403, 9.25426, 13.88002],
			"rotation": {"angle": 22.5, "axis": "x", "origin": [8.00903, 8.62926, 13.13002]},
			"faces": {
				"north": {"uv": [0.1, 0.1, 0.625, 1.25], "rotation": 180, "texture": "#6"},
				"east": {"uv": [1.25, 0.1, 0.1, 1.125], "rotation": 90, "texture": "#6"},
				"south": {"uv": [0.1, 1.25, 0.625, 0.1], "texture": "#6"},
				"west": {"uv": [1.25, 0.1, 0.1, 1.125], "rotation": 270, "texture": "#6"},
				"up": {"uv": [0.625, 0.1, 0.1, 1.125], "texture": "#6"},
				"down": {"uv": [0.625, 0.1, 0.1, 1.125], "rotation": 180, "texture": "#6"}
			}
		},
		{
			"from": [7.69653, 8.8509, 2.37166],
			"to": [8.32153, 9.2259, 5.99666],
			"rotation": {"angle": 0, "axis": "x", "origin": [8.01332, 9.22076, 11.68859]},
			"faces": {
				"north": {"uv": [0, 0, 0.625, 0.375], "rotation": 180, "texture": "#6"},
				"east": {"uv": [0.375, 0, 0, 3.625], "rotation": 90, "texture": "#6"},
				"south": {"uv": [0, 0.375, 0.625, 0], "texture": "#6"},
				"west": {"uv": [0.375, 0, 0, 3.625], "rotation": 270, "texture": "#6"},
				"up": {"uv": [0.625, 0, 0, 3.625], "texture": "#6"},
				"down": {"uv": [0.625, 0, 0, 3.625], "rotation": 180, "texture": "#6"}
			}
		},
		{
			"from": [7.69653, 8.8509, -1.62834],
			"to": [8.32153, 9.4759, 2.37166],
			"rotation": {"angle": 0, "axis": "x", "origin": [8.01332, 9.22076, 11.68859]},
			"faces": {
				"north": {"uv": [0, 0, 0.625, 0.625], "rotation": 180, "texture": "#6"},
				"east": {"uv": [0.625, 0, 0, 4], "rotation": 90, "texture": "#6"},
				"south": {"uv": [0, 0.625, 0.625, 0], "texture": "#6"},
				"west": {"uv": [0.625, 0, 0, 4], "rotation": 270, "texture": "#6"},
				"up": {"uv": [0.625, 0, 0, 4], "texture": "#6"},
				"down": {"uv": [0.625, 0, 0, 4], "rotation": 180, "texture": "#6"}
			}
		},
		{
			"name": "hexadecagon",
			"from": [7.94517, 8.3, -2.5],
			"to": [8.07447, 8.95, -1.75],
			"rotation": {"angle": -45, "axis": "z", "origin": [8.00982, 8.625, -0.375]},
			"faces": {
				"north": {"uv": [0, 0, 0.1293, 0.65], "texture": "#3"},
				"east": {"uv": [0, 0, 0.75, 0.65], "texture": "#3"},
				"south": {"uv": [0, 0, 0.1293, 0.65], "texture": "#3"},
				"west": {"uv": [0, 0, 0.75, 0.65], "texture": "#3"},
				"up": {"uv": [0, 0, 0.1293, 0.75], "texture": "#3"},
				"down": {"uv": [0, 0, 0.1293, 0.75], "texture": "#3"}
			}
		},
		{
			"name": "hexadecagon",
			"from": [7.94517, 8.3, -2.5],
			"to": [8.07447, 8.95, -1.75],
			"rotation": {"angle": -22.5, "axis": "z", "origin": [8.00982, 8.625, -0.375]},
			"faces": {
				"north": {"uv": [0, 0, 0.1293, 0.65], "texture": "#3"},
				"east": {"uv": [0, 0, 0.75, 0.65], "texture": "#3"},
				"south": {"uv": [0, 0, 0.1293, 0.65], "texture": "#3"},
				"west": {"uv": [0, 0, 0.75, 0.65], "texture": "#3"},
				"up": {"uv": [0, 0, 0.1293, 0.75], "texture": "#3"},
				"down": {"uv": [0, 0, 0.1293, 0.75], "texture": "#3"}
			}
		},
		{
			"name": "hexadecagon",
			"from": [7.94517, 8.3, -2.5],
			"to": [8.07447, 9.325, -1.75],
			"rotation": {"angle": 0, "axis": "z", "origin": [8.00982, 8.625, -0.375]},
			"faces": {
				"north": {"uv": [0, 0, 0.1293, 0.65], "texture": "#3"},
				"east": {"uv": [0, 0, 0.75, 0.65], "texture": "#3"},
				"south": {"uv": [0, 0, 0.1293, 0.65], "texture": "#3"},
				"west": {"uv": [0, 0, 0.75, 0.65], "texture": "#3"},
				"up": {"uv": [0, 0, 0.1293, 0.75], "texture": "#3"},
				"down": {"uv": [0, 0, 0.1293, 0.75], "texture": "#3"}
			}
		},
		{
			"name": "hexadecagon",
			"from": [7.94517, 8.3, -2.5],
			"to": [8.07447, 8.95, -1.75],
			"rotation": {"angle": 22.5, "axis": "z", "origin": [8.00982, 8.625, -0.375]},
			"faces": {
				"north": {"uv": [0, 0, 0.1293, 0.65], "texture": "#3"},
				"east": {"uv": [0, 0, 0.75, 0.65], "texture": "#3"},
				"south": {"uv": [0, 0, 0.1293, 0.65], "texture": "#3"},
				"west": {"uv": [0, 0, 0.75, 0.65], "texture": "#3"},
				"up": {"uv": [0, 0, 0.1293, 0.75], "texture": "#3"},
				"down": {"uv": [0, 0, 0.1293, 0.75], "texture": "#3"}
			}
		},
		{
			"name": "hexadecagon",
			"from": [7.94517, 8.3, -2.5],
			"to": [8.07447, 8.95, -1.75],
			"rotation": {"angle": 45, "axis": "z", "origin": [8.00982, 8.625, -0.375]},
			"faces": {
				"north": {"uv": [0, 0, 0.1293, 0.65], "texture": "#3"},
				"east": {"uv": [0, 0, 0.75, 0.65], "texture": "#3"},
				"south": {"uv": [0, 0, 0.1293, 0.65], "texture": "#3"},
				"west": {"uv": [0, 0, 0.75, 0.65], "texture": "#3"},
				"up": {"uv": [0, 0, 0.1293, 0.75], "texture": "#3"},
				"down": {"uv": [0, 0, 0.1293, 0.75], "texture": "#3"}
			}
		},
		{
			"name": "hexadecagon",
			"from": [7.68482, 8.56035, -2.5],
			"to": [8.33482, 8.68965, -1.75],
			"rotation": {"angle": -22.5, "axis": "z", "origin": [8.00982, 8.625, -0.375]},
			"faces": {
				"north": {"uv": [0, 0, 0.65, 0.1293], "texture": "#3"},
				"east": {"uv": [0, 0, 0.75, 0.1293], "texture": "#3"},
				"south": {"uv": [0, 0, 0.65, 0.1293], "texture": "#3"},
				"west": {"uv": [0, 0, 0.75, 0.1293], "texture": "#3"},
				"up": {"uv": [0, 0, 0.65, 0.75], "texture": "#3"},
				"down": {"uv": [0, 0, 0.65, 0.75], "texture": "#3"}
			}
		},
		{
			"name": "hexadecagon",
			"from": [7.68482, 8.56035, -2.5],
			"to": [8.33482, 8.68965, -1.75],
			"rotation": {"angle": 0, "axis": "z", "origin": [8.00982, 8.625, -0.375]},
			"faces": {
				"north": {"uv": [0, 0, 0.65, 0.1293], "texture": "#3"},
				"east": {"uv": [0, 0, 0.75, 0.1293], "texture": "#3"},
				"south": {"uv": [0, 0, 0.65, 0.1293], "texture": "#3"},
				"west": {"uv": [0, 0, 0.75, 0.1293], "texture": "#3"},
				"up": {"uv": [0, 0, 0.65, 0.75], "texture": "#3"},
				"down": {"uv": [0, 0, 0.65, 0.75], "texture": "#3"}
			}
		},
		{
			"name": "hexadecagon",
			"from": [7.68482, 8.56035, -2.5],
			"to": [8.33482, 8.68965, -1.75],
			"rotation": {"angle": 22.5, "axis": "z", "origin": [8.00982, 8.625, -0.375]},
			"faces": {
				"north": {"uv": [0, 0, 0.65, 0.1293], "texture": "#3"},
				"east": {"uv": [0, 0, 0.75, 0.1293], "texture": "#3"},
				"south": {"uv": [0, 0, 0.65, 0.1293], "texture": "#3"},
				"west": {"uv": [0, 0, 0.75, 0.1293], "texture": "#3"},
				"up": {"uv": [0, 0, 0.65, 0.75], "texture": "#3"},
				"down": {"uv": [0, 0, 0.65, 0.75], "texture": "#3"}
			}
		},
		{
			"name": "hexadecagon",
			"from": [7.96009, 8.375, -2],
			"to": [8.05955, 8.875, 6.40625],
			"rotation": {"angle": -45, "axis": "z", "origin": [8.00982, 8.625, -4]},
			"faces": {
				"north": {"uv": [0, 0, 0.09946, 0.5], "texture": "#4"},
				"east": {"uv": [0, 0, 8.40625, 0.5], "texture": "#4"},
				"south": {"uv": [0, 0, 0.09946, 0.5], "texture": "#4"},
				"west": {"uv": [0, 0, 8.40625, 0.5], "texture": "#4"},
				"up": {"uv": [0, 0, 0.09946, 8.40625], "texture": "#4"},
				"down": {"uv": [0, 0, 0.09946, 8.40625], "texture": "#4"}
			}
		},
		{
			"name": "hexadecagon",
			"from": [7.96009, 8.375, -2],
			"to": [8.05955, 8.875, 6.40625],
			"rotation": {"angle": -22.5, "axis": "z", "origin": [8.00982, 8.625, -4]},
			"faces": {
				"north": {"uv": [0, 0, 0.09946, 0.5], "texture": "#4"},
				"east": {"uv": [0, 0, 8.40625, 0.5], "texture": "#4"},
				"south": {"uv": [0, 0, 0.09946, 0.5], "texture": "#4"},
				"west": {"uv": [0, 0, 8.40625, 0.5], "texture": "#4"},
				"up": {"uv": [0, 0, 0.09946, 8.40625], "texture": "#4"},
				"down": {"uv": [0, 0, 0.09946, 8.40625], "texture": "#4"}
			}
		},
		{
			"name": "hexadecagon",
			"from": [7.96009, 8.375, -2],
			"to": [8.05955, 8.875, 6.40625],
			"rotation": {"angle": 0, "axis": "z", "origin": [8.00982, 8.625, -4]},
			"faces": {
				"north": {"uv": [0, 0, 0.09946, 0.5], "texture": "#4"},
				"east": {"uv": [0, 0, 8.40625, 0.5], "texture": "#4"},
				"south": {"uv": [0, 0, 0.09946, 0.5], "texture": "#4"},
				"west": {"uv": [0, 0, 8.40625, 0.5], "texture": "#4"},
				"up": {"uv": [0, 0, 0.09946, 8.40625], "texture": "#4"},
				"down": {"uv": [0, 0, 0.09946, 8.40625], "texture": "#4"}
			}
		},
		{
			"name": "hexadecagon",
			"from": [7.96009, 8.375, -2],
			"to": [8.05955, 8.875, 6.40625],
			"rotation": {"angle": 22.5, "axis": "z", "origin": [8.00982, 8.625, -4]},
			"faces": {
				"north": {"uv": [0, 0, 0.09946, 0.5], "texture": "#4"},
				"east": {"uv": [0, 0, 8.40625, 0.5], "texture": "#4"},
				"south": {"uv": [0, 0, 0.09946, 0.5], "texture": "#4"},
				"west": {"uv": [0, 0, 8.40625, 0.5], "texture": "#4"},
				"up": {"uv": [0, 0, 0.09946, 8.40625], "texture": "#4"},
				"down": {"uv": [0, 0, 0.09946, 8.40625], "texture": "#4"}
			}
		},
		{
			"name": "hexadecagon",
			"from": [7.96009, 8.375, -2],
			"to": [8.05955, 8.875, 6.40625],
			"rotation": {"angle": 45, "axis": "z", "origin": [8.00982, 8.625, -4]},
			"faces": {
				"north": {"uv": [0, 0, 0.09946, 0.5], "texture": "#4"},
				"east": {"uv": [0, 0, 8.40625, 0.5], "texture": "#4"},
				"south": {"uv": [0, 0, 0.09946, 0.5], "texture": "#4"},
				"west": {"uv": [0, 0, 8.40625, 0.5], "texture": "#4"},
				"up": {"uv": [0, 0, 0.09946, 8.40625], "texture": "#4"},
				"down": {"uv": [0, 0, 0.09946, 8.40625], "texture": "#4"}
			}
		},
		{
			"name": "hexadecagon",
			"from": [7.75982, 8.57527, -2],
			"to": [8.25982, 8.67473, 6.40625],
			"rotation": {"angle": -22.5, "axis": "z", "origin": [8.00982, 8.625, -4]},
			"faces": {
				"north": {"uv": [0, 0, 0.5, 0.09946], "texture": "#4"},
				"east": {"uv": [0, 0, 8.40625, 0.09946], "texture": "#4"},
				"south": {"uv": [0, 0, 0.5, 0.09946], "texture": "#4"},
				"west": {"uv": [0, 0, 8.40625, 0.09946], "texture": "#4"},
				"up": {"uv": [0, 0, 0.5, 8.40625], "texture": "#4"},
				"down": {"uv": [0, 0, 0.5, 8.40625], "texture": "#4"}
			}
		},
		{
			"name": "hexadecagon",
			"from": [7.75982, 8.57527, -2],
			"to": [8.25982, 8.67473, 6.40625],
			"rotation": {"angle": 0, "axis": "z", "origin": [8.00982, 8.625, -4]},
			"faces": {
				"north": {"uv": [0, 0, 0.5, 0.09946], "texture": "#4"},
				"east": {"uv": [0, 0, 8.40625, 0.09946], "texture": "#4"},
				"south": {"uv": [0, 0, 0.5, 0.09946], "texture": "#4"},
				"west": {"uv": [0, 0, 8.40625, 0.09946], "texture": "#4"},
				"up": {"uv": [0, 0, 0.5, 8.40625], "texture": "#4"},
				"down": {"uv": [0, 0, 0.5, 8.40625], "texture": "#4"}
			}
		},
		{
			"name": "hexadecagon",
			"from": [7.75982, 8.57527, -2],
			"to": [8.25982, 8.67473, 6.40625],
			"rotation": {"angle": 22.5, "axis": "z", "origin": [8.00982, 8.625, -4]},
			"faces": {
				"north": {"uv": [0, 0, 0.5, 0.09946], "texture": "#4"},
				"east": {"uv": [0, 0, 8.40625, 0.09946], "texture": "#4"},
				"south": {"uv": [0, 0, 0.5, 0.09946], "texture": "#4"},
				"west": {"uv": [0, 0, 8.40625, 0.09946], "texture": "#4"},
				"up": {"uv": [0, 0, 0.5, 8.40625], "texture": "#4"},
				"down": {"uv": [0, 0, 0.5, 8.40625], "texture": "#4"}
			}
		},
		{
			"name": "hexadecagon",
			"from": [7.91275, 8.27173, -1.62693],
			"to": [8.0868, 9.14673, 5.99807],
			"rotation": {"angle": -45, "axis": "z", "origin": [7.99977, 8.70923, 3.49807]},
			"faces": {
				"north": {"uv": [0, 0, 0.125, 0.125], "texture": "#6"},
				"east": {"uv": [0, 0, 0.125, 0.125], "texture": "#6"},
				"south": {"uv": [0, 0, 0.125, 0.125], "texture": "#6"},
				"west": {"uv": [0, 0, 0.125, 0.125], "texture": "#6"},
				"up": {"uv": [0, 0, 0.125, 0.125], "texture": "#6"},
				"down": {"uv": [0, 0, 0.125, 0.125], "texture": "#6"}
			}
		},
		{
			"name": "hexadecagon",
			"from": [7.56227, 8.40345, -1.62693],
			"to": [8.43727, 8.5775, 5.99807],
			"rotation": {"angle": 22.5, "axis": "z", "origin": [7.99977, 8.49048, 3.49807]},
			"faces": {
				"north": {"uv": [0, 0, 0.125, 0.125], "texture": "#6"},
				"east": {"uv": [0, 0, 0.125, 0.125], "texture": "#6"},
				"south": {"uv": [0, 0, 0.125, 0.125], "texture": "#6"},
				"west": {"uv": [0, 0, 0.125, 0.125], "texture": "#6"},
				"up": {"uv": [0, 0, 0.125, 0.125], "texture": "#6"},
				"down": {"uv": [0, 0, 0.125, 0.125], "texture": "#6"}
			}
		},
		{
			"name": "hexadecagon",
			"from": [7.56227, 8.40345, -1.62693],
			"to": [8.43727, 8.5775, 5.99807],
			"rotation": {"angle": -22.5, "axis": "z", "origin": [7.99977, 8.49048, 3.49807]},
			"faces": {
				"north": {"uv": [0, 0, 0.125, 0.125], "texture": "#6"},
				"east": {"uv": [0, 0, 0.125, 0.125], "texture": "#6"},
				"south": {"uv": [0, 0, 0.125, 0.125], "texture": "#6"},
				"west": {"uv": [0, 0, 0.125, 0.125], "texture": "#6"},
				"up": {"uv": [0, 0, 0.125, 0.125], "texture": "#6"},
				"down": {"uv": [0, 0, 0.125, 0.125], "texture": "#6"}
			}
		},
		{
			"name": "hexadecagon",
			"from": [7.91275, 8.05298, -1.62693],
			"to": [8.0868, 8.92798, 5.99807],
			"rotation": {"angle": 45, "axis": "z", "origin": [7.99977, 8.49048, 3.49807]},
			"faces": {
				"north": {"uv": [0, 0, 0.125, 0.125], "texture": "#6"},
				"east": {"uv": [0, 0, 0.125, 0.125], "texture": "#6"},
				"south": {"uv": [0, 0, 0.125, 0.125], "texture": "#6"},
				"west": {"uv": [0, 0, 0.125, 0.125], "texture": "#6"},
				"up": {"uv": [0, 0, 0.125, 0.125], "texture": "#6"},
				"down": {"uv": [0, 0, 0.125, 0.125], "texture": "#6"}
			}
		},
		{
			"name": "hexadecagon",
			"from": [7.91275, 8.05298, -1.62693],
			"to": [8.0868, 8.92798, 5.99807],
			"rotation": {"angle": 22.5, "axis": "z", "origin": [7.99977, 8.49048, 3.49807]},
			"faces": {
				"north": {"uv": [0, 0, 0.125, 0.125], "texture": "#6"},
				"east": {"uv": [0, 0, 0.125, 0.125], "texture": "#6"},
				"south": {"uv": [0, 0, 0.125, 0.125], "texture": "#6"},
				"west": {"uv": [0, 0, 0.125, 0.125], "texture": "#6"},
				"up": {"uv": [0, 0, 0.125, 0.125], "texture": "#6"},
				"down": {"uv": [0, 0, 0.125, 0.125], "texture": "#6"}
			}
		},
		{
			"name": "hexadecagon",
			"from": [7.91275, 8.05298, -1.62693],
			"to": [8.0868, 8.92798, 5.99807],
			"rotation": {"angle": 0, "axis": "z", "origin": [7.99977, 8.49048, 3.49807]},
			"faces": {
				"north": {"uv": [0, 0, 0.125, 0.125], "texture": "#6"},
				"east": {"uv": [0, 0, 0.125, 0.125], "texture": "#6"},
				"south": {"uv": [0, 0, 0.125, 0.125], "texture": "#6"},
				"west": {"uv": [0, 0, 0.125, 0.125], "texture": "#6"},
				"up": {"uv": [0, 0, 0.125, 0.125], "texture": "#6"},
				"down": {"uv": [0, 0, 0.125, 0.125], "texture": "#6"}
			}
		},
		{
			"name": "hexadecagon",
			"from": [7.91275, 8.05298, -1.62693],
			"to": [8.0868, 8.92798, 5.99807],
			"rotation": {"angle": -22.5, "axis": "z", "origin": [7.99977, 8.49048, 3.49807]},
			"faces": {
				"north": {"uv": [0, 0, 0.125, 0.125], "texture": "#6"},
				"east": {"uv": [0, 0, 0.125, 0.125], "texture": "#6"},
				"south": {"uv": [0, 0, 0.125, 0.125], "texture": "#6"},
				"west": {"uv": [0, 0, 0.125, 0.125], "texture": "#6"},
				"up": {"uv": [0, 0, 0.125, 0.125], "texture": "#6"},
				"down": {"uv": [0, 0, 0.125, 0.125], "texture": "#6"}
			}
		},
		{
			"name": "hexadecagon",
			"from": [7.91275, 8.05298, -1.62693],
			"to": [8.0868, 8.92798, 5.99807],
			"rotation": {"angle": -45, "axis": "z", "origin": [7.99977, 8.49048, 3.49807]},
			"faces": {
				"north": {"uv": [0, 0, 0.125, 0.125], "texture": "#6"},
				"east": {"uv": [0, 0, 0.125, 0.125], "texture": "#6"},
				"south": {"uv": [0, 0, 0.125, 0.125], "texture": "#6"},
				"west": {"uv": [0, 0, 0.125, 0.125], "texture": "#6"},
				"up": {"uv": [0, 0, 0.125, 0.125], "texture": "#6"},
				"down": {"uv": [0, 0, 0.125, 0.125], "texture": "#6"}
			}
		},
		{
			"name": "hexadecagon",
			"from": [7.81227, 8.6222, -1.62693],
			"to": [8.43727, 9.04625, 5.99807],
			"rotation": {"angle": 22.5, "axis": "z", "origin": [7.99977, 8.70923, 3.49807]},
			"faces": {
				"north": {"uv": [0, 0, 0.125, 0.125], "texture": "#6"},
				"east": {"uv": [0, 0, 0.125, 0.125], "texture": "#6"},
				"south": {"uv": [0, 0, 0.125, 0.125], "texture": "#6"},
				"west": {"uv": [0, 0, 0.125, 0.125], "texture": "#6"},
				"up": {"uv": [0, 0, 0.125, 0.125], "texture": "#6"},
				"down": {"uv": [0, 0, 0.125, 0.125], "texture": "#6"}
			}
		},
		{
			"name": "hexadecagon",
			"from": [7.56227, 8.40345, -1.62693],
			"to": [8.43727, 8.79625, 5.99807],
			"rotation": {"angle": 0, "axis": "z", "origin": [7.99977, 8.70923, 3.49807]},
			"faces": {
				"north": {"uv": [0, 0, 0.125, 0.125], "texture": "#6"},
				"east": {"uv": [0, 0, 0.125, 0.125], "texture": "#6"},
				"south": {"uv": [0, 0, 0.125, 0.125], "texture": "#6"},
				"west": {"uv": [0, 0, 0.125, 0.125], "texture": "#6"},
				"up": {"uv": [0, 0, 0.125, 0.125], "texture": "#6"},
				"down": {"uv": [0, 0, 0.125, 0.125], "texture": "#6"}
			}
		},
		{
			"name": "hexadecagon",
			"from": [7.56227, 8.6222, -1.62693],
			"to": [8.06227, 9.04625, 5.99807],
			"rotation": {"angle": -22.5, "axis": "z", "origin": [7.99977, 8.70923, 3.49807]},
			"faces": {
				"north": {"uv": [0, 0, 0.125, 0.125], "texture": "#6"},
				"east": {"uv": [0, 0, 0.125, 0.125], "texture": "#6"},
				"south": {"uv": [0, 0, 0.125, 0.125], "texture": "#6"},
				"west": {"uv": [0, 0, 0.125, 0.125], "texture": "#6"},
				"up": {"uv": [0, 0, 0.125, 0.125], "texture": "#6"},
				"down": {"uv": [0, 0, 0.125, 0.125], "texture": "#6"}
			}
		},
		{
			"name": "hexadecagon",
			"from": [7.91275, 8.27173, -1.62693],
			"to": [8.0868, 9.14673, 5.99807],
			"rotation": {"angle": 45, "axis": "z", "origin": [7.99977, 8.70923, 3.49807]},
			"faces": {
				"north": {"uv": [0, 0, 0.125, 0.125], "texture": "#6"},
				"east": {"uv": [0, 0, 0.125, 0.125], "texture": "#6"},
				"south": {"uv": [0, 0, 0.125, 0.125], "texture": "#6"},
				"west": {"uv": [0, 0, 0.125, 0.125], "texture": "#6"},
				"up": {"uv": [0, 0, 0.125, 0.125], "texture": "#6"},
				"down": {"uv": [0, 0, 0.125, 0.125], "texture": "#6"}
			}
		},
		{
			"name": "hexadecagon",
			"from": [7.91275, 8.27173, -1.62693],
			"to": [8.0868, 9.14673, 5.99807],
			"rotation": {"angle": 22.5, "axis": "z", "origin": [7.99977, 8.70923, 3.49807]},
			"faces": {
				"north": {"uv": [0, 0, 0.125, 0.125], "texture": "#6"},
				"east": {"uv": [0, 0, 0.125, 0.125], "texture": "#6"},
				"south": {"uv": [0, 0, 0.125, 0.125], "texture": "#6"},
				"west": {"uv": [0, 0, 0.125, 0.125], "texture": "#6"},
				"up": {"uv": [0, 0, 0.125, 0.125], "texture": "#6"},
				"down": {"uv": [0, 0, 0.125, 0.125], "texture": "#6"}
			}
		},
		{
			"name": "hexadecagon",
			"from": [7.91275, 8.27173, -1.62693],
			"to": [8.0868, 9.14673, 5.99807],
			"rotation": {"angle": 0, "axis": "z", "origin": [7.99977, 8.70923, 3.49807]},
			"faces": {
				"north": {"uv": [0, 0, 0.125, 0.125], "texture": "#6"},
				"east": {"uv": [0, 0, 0.125, 0.125], "texture": "#6"},
				"south": {"uv": [0, 0, 0.125, 0.125], "texture": "#6"},
				"west": {"uv": [0, 0, 0.125, 0.125], "texture": "#6"},
				"up": {"uv": [0, 0, 0.125, 0.125], "texture": "#6"},
				"down": {"uv": [0, 0, 0.125, 0.125], "texture": "#6"}
			}
		},
		{
			"name": "hexadecagon",
			"from": [7.91275, 8.27173, -1.62693],
			"to": [8.0868, 9.14673, 5.99807],
			"rotation": {"angle": -22.5, "axis": "z", "origin": [7.99977, 8.70923, 3.49807]},
			"faces": {
				"north": {"uv": [0, 0, 0.125, 0.125], "texture": "#6"},
				"east": {"uv": [0, 0, 0.125, 0.125], "texture": "#6"},
				"south": {"uv": [0, 0, 0.125, 0.125], "texture": "#6"},
				"west": {"uv": [0, 0, 0.125, 0.125], "texture": "#6"},
				"up": {"uv": [0, 0, 0.125, 0.125], "texture": "#6"},
				"down": {"uv": [0, 0, 0.125, 0.125], "texture": "#6"}
			}
		},
		{
			"from": [8.19647, 8.19586, 5.99706],
			"to": [8.32147, 9.19586, 12.54393],
			"rotation": {"angle": 0, "axis": "x", "origin": [8.01411, 8.81508, 11.73587]},
			"faces": {
				"north": {"uv": [0, 0, 0.125, 1], "rotation": 180, "texture": "#4"},
				"east": {"uv": [1, 0, 0, 6.54687], "rotation": 90, "texture": "#4"},
				"south": {"uv": [0, 1, 0.125, 0], "texture": "#4"},
				"west": {"uv": [1, 0, 0, 6.54687], "rotation": 270, "texture": "#4"},
				"up": {"uv": [0.125, 0, 0, 6.54687], "texture": "#4"},
				"down": {"uv": [0.125, 0, 0, 6.54687], "rotation": 180, "texture": "#4"}
			}
		},
		{
			"from": [7.69653, 8.45744, 11.21786],
			"to": [8.32153, 9.70744, 12.84286],
			"rotation": {"angle": 22.5, "axis": "x", "origin": [8.01418, 9.07665, 12.0348]},
			"faces": {
				"north": {"uv": [0, 0, 0.625, 1.25], "rotation": 180, "texture": "#4"},
				"east": {"uv": [1.25, 0, 0, 1.625], "rotation": 90, "texture": "#4"},
				"south": {"uv": [0, 1.25, 0.625, 0], "texture": "#4"},
				"west": {"uv": [1.25, 0, 0, 1.625], "rotation": 270, "texture": "#4"},
				"up": {"uv": [0.625, 0, 0, 1.625], "texture": "#4"},
				"down": {"uv": [0.625, 0, 0, 1.625], "rotation": 180, "texture": "#4"}
			}
		},
		{
			"from": [7.69383, 9.09884, 5.97549],
			"to": [8.31883, 9.97384, 6.45986],
			"rotation": {"angle": 0, "axis": "x", "origin": [8.00711, 9.34661, 8.25036]},
			"faces": {
				"north": {"uv": [0, 0, 0.625, 0.875], "rotation": 180, "texture": "#4"},
				"east": {"uv": [0.875, 0, 0, 0.60937], "rotation": 90, "texture": "#4"},
				"south": {"uv": [0, 0.875, 0.625, 0], "texture": "#4"},
				"west": {"uv": [0.875, 0, 0, 0.60937], "rotation": 270, "texture": "#4"},
				"up": {"uv": [0.625, 0, 0, 0.60937], "texture": "#4"},
				"down": {"uv": [0.625, 0, 0, 0.60937], "rotation": 180, "texture": "#4"}
			}
		},
		{
			"from": [7.69383, 8.72384, 8.72549],
			"to": [8.31883, 9.97384, 11.52236],
			"rotation": {"angle": 0, "axis": "x", "origin": [8.00711, 9.34661, 8.25036]},
			"faces": {
				"north": {"uv": [0, 0, 0.625, 1.25], "rotation": 180, "texture": "#4"},
				"east": {"uv": [1.25, 0, 0, 2.79687], "rotation": 90, "texture": "#4"},
				"south": {"uv": [0, 1.25, 0.625, 0], "texture": "#4"},
				"west": {"uv": [1.25, 0, 0, 2.79687], "rotation": 270, "texture": "#4"},
				"up": {"uv": [0.625, 0, 0, 2.79687], "texture": "#4"},
				"down": {"uv": [0.625, 0, 0, 2.79687], "rotation": 180, "texture": "#4"}
			}
		},
		{
			"from": [7.69383, 9.77071, 6.44424],
			"to": [8.31883, 9.97384, 8.72549],
			"rotation": {"angle": 0, "axis": "x", "origin": [8.00711, 9.34661, 8.25036]},
			"faces": {
				"north": {"uv": [0, 0, 0.625, 0.20313], "rotation": 180, "texture": "#4"},
				"east": {"uv": [0.20313, 0, 0, 2.28125], "rotation": 90, "texture": "#4"},
				"south": {"uv": [0, 0.20313, 0.625, 0], "texture": "#4"},
				"west": {"uv": [0.20313, 0, 0, 2.28125], "rotation": 270, "texture": "#4"},
				"up": {"uv": [0.625, 0, 0, 2.28125], "texture": "#4"},
				"down": {"uv": [0.625, 0, 0, 2.28125], "rotation": 180, "texture": "#4"}
			}
		},
		{
			"from": [7.69385, 9.22384, 6.44421],
			"to": [8.25635, 9.80196, 8.72546],
			"rotation": {"angle": 0, "axis": "x", "origin": [8.00714, 9.33099, 8.25033]},
			"faces": {
				"north": {"uv": [0, 0, 0.5625, 0.57812], "rotation": 180, "texture": "#4"},
				"east": {"uv": [0.57812, 0, 0, 2.28125], "rotation": 90, "texture": "#1"},
				"south": {"uv": [0, 0.57812, 0.5625, 0], "texture": "#4"},
				"west": {"uv": [0.57812, 0, 0, 2.28125], "rotation": 270, "texture": "#4"},
				"up": {"uv": [0.5625, 0, 0, 2.28125], "texture": "#4"},
				"down": {"uv": [0.5625, 0, 0, 2.28125], "rotation": 180, "texture": "#4"}
			}
		},
		{
			"from": [7.69383, 9.14571, 6.44424],
			"to": [8.31883, 9.22384, 8.72549],
			"rotation": {"angle": 0, "axis": "x", "origin": [8.00711, 9.34661, 8.25036]},
			"faces": {
				"north": {"uv": [0, 0, 0.625, 0.07813], "rotation": 180, "texture": "#4"},
				"east": {"uv": [0.07813, 0, 0, 2.28125], "rotation": 90, "texture": "#4"},
				"south": {"uv": [0, 0.07813, 0.625, 0], "texture": "#4"},
				"west": {"uv": [0.07813, 0, 0, 2.28125], "rotation": 270, "texture": "#4"},
				"up": {"uv": [0.625, 0, 0, 2.28125], "texture": "#4"},
				"down": {"uv": [0.625, 0, 0, 2.28125], "rotation": 180, "texture": "#4"}
			}
		},
		{
			"from": [7.69647, 8.19586, 5.99706],
			"to": [7.82147, 9.19586, 12.54393],
			"rotation": {"angle": 0, "axis": "x", "origin": [8.01411, 8.81508, 11.73587]},
			"faces": {
				"north": {"uv": [0, 0, 0.125, 1], "rotation": 180, "texture": "#4"},
				"east": {"uv": [1, 0, 0, 6.54687], "rotation": 90, "texture": "#4"},
				"south": {"uv": [0, 1, 0.125, 0], "texture": "#4"},
				"west": {"uv": [1, 0, 0, 6.54687], "rotation": 270, "texture": "#4"},
				"up": {"uv": [0.125, 0, 0, 6.54687], "texture": "#4"},
				"down": {"uv": [0.125, 0, 0, 6.54687], "rotation": 180, "texture": "#4"}
			}
		},
		{
			"from": [7.82147, 8.19586, 8.49706],
			"to": [8.19647, 9.19586, 12.54393],
			"rotation": {"angle": 0, "axis": "x", "origin": [8.01411, 8.81508, 11.73587]},
			"faces": {
				"north": {"uv": [0, 0, 0.375, 1], "rotation": 180, "texture": "#4"},
				"east": {"uv": [1, 0, 0, 4.04687], "rotation": 90, "texture": "#4"},
				"south": {"uv": [0, 1, 0.375, 0], "texture": "#4"},
				"west": {"uv": [1, 0, 0, 4.04687], "rotation": 270, "texture": "#4"},
				"up": {"uv": [0.375, 0, 0, 4.04687], "texture": "#4"},
				"down": {"uv": [0.375, 0, 0, 4.04687], "rotation": 180, "texture": "#4"}
			}
		},
		{
			"from": [7.82147, 8.19586, 5.99706],
			"to": [8.19647, 9.19586, 6.79393],
			"rotation": {"angle": 0, "axis": "x", "origin": [8.01411, 8.81508, 11.73587]},
			"faces": {
				"north": {"uv": [0, 0, 0.375, 1], "rotation": 180, "texture": "#4"},
				"east": {"uv": [1, 0, 0, 1.04687], "rotation": 90, "texture": "#4"},
				"south": {"uv": [0, 1, 0.375, 0], "texture": "#4"},
				"west": {"uv": [1, 0, 0, 1.04687], "rotation": 270, "texture": "#4"},
				"up": {"uv": [0.375, 0, 0, 1.04687], "texture": "#4"},
				"down": {"uv": [0.375, 0, 0, 1.04687], "rotation": 180, "texture": "#4"}
			}
		},
		{
			"from": [7.82147, 8.22711, 6.79393],
			"to": [8.19647, 9.19586, 8.49706],
			"rotation": {"angle": 0, "axis": "x", "origin": [8.01411, 8.81508, 11.73587]},
			"faces": {
				"north": {"uv": [0, 0, 0.375, 0.96875], "rotation": 180, "texture": "#4"},
				"east": {"uv": [0.96875, 0, 0, 1.70313], "rotation": 90, "texture": "#4"},
				"south": {"uv": [0, 0.96875, 0.375, 0], "texture": "#4"},
				"west": {"uv": [0.96875, 0, 0, 1.70313], "rotation": 270, "texture": "#4"},
				"up": {"uv": [0.375, 0, 0, 1.70313], "texture": "#4"},
				"down": {"uv": [0.375, 0, 0, 1.70313], "rotation": 180, "texture": "#1"}
			}
		},
		{
			"from": [7.88397, 7.69586, 11.87206],
			"to": [8.13397, 8.19586, 12.04393],
			"rotation": {"angle": 0, "axis": "x", "origin": [7.82661, 8.81508, 11.73587]},
			"faces": {
				"north": {"uv": [0, 0, 0.25, 0.5], "rotation": 180, "texture": "#4"},
				"east": {"uv": [0.5, 0, 0, 0.17187], "rotation": 90, "texture": "#4"},
				"south": {"uv": [0, 0.5, 0.25, 0], "texture": "#4"},
				"west": {"uv": [0.5, 0, 0, 0.17187], "rotation": 270, "texture": "#4"},
				"up": {"uv": [0.25, 0, 0, 0.17187], "texture": "#4"},
				"down": {"uv": [0.25, 0, 0, 0.17187], "rotation": 180, "texture": "#4"}
			}
		},
		{
			"from": [7.88412, 7.4983, 11.78052],
			"to": [8.13412, 7.7483, 11.95239],
			"rotation": {"angle": 22.5, "axis": "x", "origin": [8.07862, 7.49183, 11.86591]},
			"faces": {
				"north": {"uv": [0, 0, 0.25, 0.25], "rotation": 180, "texture": "#4"},
				"east": {"uv": [0.25, 0, 0, 0.17187], "rotation": 90, "texture": "#4"},
				"south": {"uv": [0, 0.25, 0.25, 0], "texture": "#4"},
				"west": {"uv": [0.25, 0, 0, 0.17187], "rotation": 270, "texture": "#4"},
				"up": {"uv": [0.25, 0, 0, 0.17187], "texture": "#4"},
				"down": {"uv": [0.25, 0, 0, 0.17187], "rotation": 180, "texture": "#4"}
			}
		},
		{
			"from": [7.88411, 7.40823, 11.67574],
			"to": [8.13411, 7.58011, 11.92574],
			"rotation": {"angle": -22.5, "axis": "x", "origin": [8.07912, 7.49276, 11.7944]},
			"faces": {
				"north": {"uv": [0.25, 0, 0, 0.17188], "texture": "#4"},
				"east": {"uv": [0.25, 0, 0, 0.17188], "texture": "#4"},
				"south": {"uv": [0.25, 0, 0, 0.17188], "texture": "#4"},
				"west": {"uv": [0.25, 0, 0, 0.17188], "texture": "#4"},
				"up": {"uv": [0, 0, 0.25, 0.25], "texture": "#4"},
				"down": {"uv": [0, 0.25, 0.25, 0], "texture": "#4"}
			}
		},
		{
			"from": [7.88405, 7.36922, 10.71721],
			"to": [8.13405, 7.5411, 11.71721],
			"rotation": {"angle": 0, "axis": "x", "origin": [8.07906, 7.44994, 11.58862]},
			"faces": {
				"north": {"uv": [0.25, 0, 0, 0.17188], "texture": "#4"},
				"east": {"uv": [1, 0, 0, 0.17188], "texture": "#4"},
				"south": {"uv": [0.25, 0, 0, 0.17188], "texture": "#4"},
				"west": {"uv": [1, 0, 0, 0.17188], "texture": "#4"},
				"up": {"uv": [0, 0, 0.25, 1], "texture": "#4"},
				"down": {"uv": [0, 1, 0.25, 0], "texture": "#4"}
			}
		},
		{
			"from": [7.88406, 7.60991, 9.63511],
			"to": [8.13406, 7.78179, 10.88511],
			"rotation": {"angle": 45, "axis": "x", "origin": [8.07646, 7.69193, 10.51049]},
			"faces": {
				"north": {"uv": [0.25, 0, 0, 0.17188], "texture": "#4"},
				"east": {"uv": [1.25, 0, 0, 0.17188], "texture": "#4"},
				"south": {"uv": [0.25, 0, 0, 0.17188], "texture": "#4"},
				"west": {"uv": [1.25, 0, 0, 0.17188], "texture": "#4"},
				"up": {"uv": [0, 0, 0.25, 1.25], "texture": "#4"},
				"down": {"uv": [0, 1.25, 0.25, 0], "texture": "#4"}
			}
		},
		{
			"from": [7.88406, 7.99521, 10.12765],
			"to": [8.13406, 8.24521, 10.73703],
			"rotation": {"angle": 0, "axis": "x", "origin": [8.07586, 7.8681, 10.33555]},
			"faces": {
				"north": {"uv": [0, 0.25, 0.25, 0], "rotation": 180, "texture": "#4"},
				"east": {"uv": [0.25, 0, 0, 0.60938], "rotation": 270, "texture": "#4"},
				"south": {"uv": [0, 0, 0.25, 0.25], "texture": "#4"},
				"west": {"uv": [0.25, 0, 0, 0.60938], "rotation": 90, "texture": "#4"},
				"up": {"uv": [0.25, 0, 0, 0.60938], "rotation": 180, "texture": "#4"},
				"down": {"uv": [0.25, 0, 0, 0.60938], "texture": "#4"}
			}
		},
		{
			"from": [7.88406, 7.80771, 10.31515],
			"to": [8.13406, 7.99521, 10.73703],
			"rotation": {"angle": 0, "axis": "x", "origin": [8.07586, 7.8681, 10.33555]},
			"faces": {
				"north": {"uv": [0, 0.1875, 0.25, 0], "rotation": 180, "texture": "#4"},
				"east": {"uv": [0.1875, 0, 0, 0.42188], "rotation": 270, "texture": "#4"},
				"south": {"uv": [0, 0, 0.25, 0.1875], "texture": "#4"},
				"west": {"uv": [0.1875, 0, 0, 0.42188], "rotation": 90, "texture": "#4"},
				"up": {"uv": [0.25, 0, 0, 0.42188], "rotation": 180, "texture": "#4"},
				"down": {"uv": [0.25, 0, 0, 0.42188], "texture": "#4"}
			}
		},
		{
			"from": [7.88406, 7.62021, 10.50265],
			"to": [8.13406, 7.80771, 10.73703],
			"rotation": {"angle": 0, "axis": "x", "origin": [8.07586, 7.8681, 10.33555]},
			"faces": {
				"north": {"uv": [0, 0.1875, 0.25, 0], "rotation": 180, "texture": "#4"},
				"east": {"uv": [0.1875, 0, 0, 0.23438], "rotation": 270, "texture": "#4"},
				"south": {"uv": [0, 0, 0.25, 0.1875], "texture": "#4"},
				"west": {"uv": [0.1875, 0, 0, 0.23438], "rotation": 90, "texture": "#4"},
				"up": {"uv": [0.25, 0, 0, 0.23438], "rotation": 180, "texture": "#4"},
				"down": {"uv": [0.25, 0, 0, 0.23438], "texture": "#4"}
			}
		},
		{
			"from": [7.88406, 7.6563, 10.5833],
			"to": [8.13406, 7.76567, 10.8958],
			"rotation": {"angle": 45, "axis": "x", "origin": [8.07684, 7.58482, 10.61868]},
			"faces": {
				"north": {"uv": [0.25, 0, 0, 0.10937], "texture": "#4"},
				"east": {"uv": [0.3125, 0, 0, 0.10937], "texture": "#4"},
				"south": {"uv": [0.25, 0, 0, 0.10937], "texture": "#4"},
				"west": {"uv": [0.3125, 0, 0, 0.10937], "texture": "#4"},
				"up": {"uv": [0, 0, 0.25, 0.3125], "texture": "#4"},
				"down": {"uv": [0, 0.3125, 0.25, 0], "texture": "#4"}
			}
		},
		{
			"from": [7.88406, 7.83704, 10.96405],
			"to": [8.13406, 7.94641, 11.27655],
			"rotation": {"angle": -45, "axis": "x", "origin": [8.07684, 7.58482, 10.61868]},
			"faces": {
				"north": {"uv": [0.25, 0, 0, 0.10937], "rotation": 180, "texture": "#4"},
				"east": {"uv": [0.3125, 0, 0, 0.10937], "rotation": 180, "texture": "#4"},
				"south": {"uv": [0.25, 0, 0, 0.10937], "rotation": 180, "texture": "#4"},
				"west": {"uv": [0.3125, 0, 0, 0.10937], "rotation": 180, "texture": "#4"},
				"up": {"uv": [0, 0.3125, 0.25, 0], "texture": "#4"},
				"down": {"uv": [0, 0, 0.25, 0.3125], "texture": "#4"}
			}
		},
		{
			"from": [7.88397, 7.82086, 11.91893],
			"to": [8.13397, 8.32086, 12.09081],
			"rotation": {"angle": 22.5, "axis": "x", "origin": [8.07847, 7.93939, 11.95745]},
			"faces": {
				"north": {"uv": [0, 0, 0.25, 0.5], "rotation": 180, "texture": "#4"},
				"east": {"uv": [0.5, 0, 0, 0.17188], "rotation": 90, "texture": "#4"},
				"south": {"uv": [0, 0.5, 0.25, 0], "texture": "#4"},
				"west": {"uv": [0.5, 0, 0, 0.17188], "rotation": 270, "texture": "#4"},
				"up": {"uv": [0.25, 0, 0, 0.17188], "texture": "#4"},
				"down": {"uv": [0.25, 0, 0, 0.17188], "rotation": 180, "texture": "#4"}
			}
		},
		{
			"from": [7.94647, 7.94586, 11.55956],
			"to": [8.07147, 8.32086, 11.73143],
			"rotation": {"angle": 0, "axis": "x", "origin": [7.82661, 8.81508, 11.73587]},
			"faces": {
				"north": {"uv": [0, 0, 0.125, 0.375], "rotation": 180, "texture": "#1"},
				"east": {"uv": [0.375, 0, 0, 0.17187], "rotation": 90, "texture": "#1"},
				"south": {"uv": [0, 0.375, 0.125, 0], "texture": "#1"},
				"west": {"uv": [0.375, 0, 0, 0.17187], "rotation": 270, "texture": "#1"},
				"up": {"uv": [0.125, 0, 0, 0.17187], "texture": "#1"},
				"down": {"uv": [0.125, 0, 0, 0.17187], "rotation": 180, "texture": "#1"}
			}
		},
		{
			"from": [7.94692, 7.61868, 11.49152],
			"to": [8.07192, 7.99368, 11.6634],
			"rotation": {"angle": 22.5, "axis": "x", "origin": [8.07805, 7.80025, 11.57725]},
			"faces": {
				"north": {"uv": [0, 0, 0.125, 0.375], "rotation": 180, "texture": "#1"},
				"east": {"uv": [0.375, 0, 0, 0.17188], "rotation": 90, "texture": "#1"},
				"south": {"uv": [0, 0.375, 0.125, 0], "texture": "#1"},
				"west": {"uv": [0.375, 0, 0, 0.17188], "rotation": 270, "texture": "#1"},
				"up": {"uv": [0.125, 0, 0, 0.17188], "texture": "#1"},
				"down": {"uv": [0.125, 0, 0, 0.17188], "rotation": 180, "texture": "#1"}
			}
		},
		{
			"from": [7.75905, 9.93172, 9.82659],
			"to": [8.19655, 10.1661, 11.32659],
			"rotation": {"angle": 0, "axis": "x", "origin": [8.07906, 7.44994, 11.58862]},
			"faces": {
				"north": {"uv": [0.4375, 0, 0, 0.23438], "texture": "#5"},
				"east": {"uv": [1.5, 0, 0, 0.23438], "texture": "#5"},
				"south": {"uv": [0.4375, 0, 0, 0.23438], "texture": "#5"},
				"west": {"uv": [1.5, 0, 0, 0.23438], "texture": "#5"},
				"up": {"uv": [0, 0, 0.4375, 1.5], "texture": "#5"},
				"down": {"uv": [0, 1.5, 0.4375, 0], "texture": "#5"}
			}
		},
		{
			"from": [8.06872, 9.91879, 10.79632],
			"to": [8.19372, 10.35629, 11.0307],
			"rotation": {"angle": -45, "axis": "x", "origin": [7.97592, 10.35266, 10.90893]},
			"faces": {
				"north": {"uv": [0, 0.4375, 0.125, 0], "rotation": 180, "texture": "#5"},
				"east": {"uv": [0.4375, 0, 0, 0.23438], "rotation": 270, "texture": "#5"},
				"south": {"uv": [0, 0, 0.125, 0.4375], "texture": "#5"},
				"west": {"uv": [0.4375, 0, 0, 0.23438], "rotation": 90, "texture": "#5"},
				"up": {"uv": [0.125, 0, 0, 0.23438], "rotation": 180, "texture": "#5"},
				"down": {"uv": [0.125, 0, 0, 0.23438], "texture": "#5"}
			}
		},
		{
			"from": [7.75622, 9.91879, 10.79632],
			"to": [7.88122, 10.35629, 11.0307],
			"rotation": {"angle": -45, "axis": "x", "origin": [7.66342, 10.35266, 10.90893]},
			"faces": {
				"north": {"uv": [0, 0.4375, 0.125, 0], "rotation": 180, "texture": "#5"},
				"east": {"uv": [0.4375, 0, 0, 0.23438], "rotation": 270, "texture": "#5"},
				"south": {"uv": [0, 0, 0.125, 0.4375], "texture": "#5"},
				"west": {"uv": [0.4375, 0, 0, 0.23438], "rotation": 90, "texture": "#5"},
				"up": {"uv": [0.125, 0, 0, 0.23438], "rotation": 180, "texture": "#5"},
				"down": {"uv": [0.125, 0, 0, 0.23438], "texture": "#5"}
			}
		},
		{
			"from": [7.75996, 9.70006, 11.1868],
			"to": [8.19746, 10.13756, 11.42117],
			"rotation": {"angle": -22.5, "axis": "x", "origin": [8.13646, 9.91261, 11.30291]},
			"faces": {
				"north": {"uv": [0, 0.4375, 0.4375, 0], "rotation": 180, "texture": "#5"},
				"east": {"uv": [0.4375, 0, 0, 0.23437], "rotation": 270, "texture": "#5"},
				"south": {"uv": [0, 0, 0.4375, 0.4375], "texture": "#5"},
				"west": {"uv": [0.4375, 0, 0, 0.23437], "rotation": 90, "texture": "#5"},
				"up": {"uv": [0.4375, 0, 0, 0.23437], "rotation": 180, "texture": "#5"},
				"down": {"uv": [0.4375, 0, 0, 0.23437], "texture": "#5"}
			}
		},
		{
			"from": [8.06763, 10.20811, 10.61741],
			"to": [8.19263, 10.44249, 10.99241],
			"rotation": {"angle": 0, "axis": "x", "origin": [7.97482, 10.32072, 10.24604]},
			"faces": {
				"north": {"uv": [0.125, 0, 0, 0.23438], "texture": "#5"},
				"east": {"uv": [0.375, 0, 0, 0.23438], "texture": "#5"},
				"south": {"uv": [0.125, 0, 0, 0.23438], "texture": "#5"},
				"west": {"uv": [0.375, 0, 0, 0.23438], "texture": "#5"},
				"up": {"uv": [0, 0, 0.125, 0.375], "texture": "#5"},
				"down": {"uv": [0, 0.375, 0.125, 0], "texture": "#5"}
			}
		},
		{
			"from": [7.75513, 10.20811, 10.61741],
			"to": [7.88013, 10.44249, 10.99241],
			"rotation": {"angle": 0, "axis": "x", "origin": [7.66232, 10.32072, 10.24604]},
			"faces": {
				"north": {"uv": [0.125, 0, 0, 0.23438], "texture": "#5"},
				"east": {"uv": [0.375, 0, 0, 0.23438], "texture": "#5"},
				"south": {"uv": [0.125, 0, 0, 0.23438], "texture": "#5"},
				"west": {"uv": [0.375, 0, 0, 0.23438], "texture": "#5"},
				"up": {"uv": [0, 0, 0.125, 0.375], "texture": "#5"},
				"down": {"uv": [0, 0.375, 0.125, 0], "texture": "#5"}
			}
		},
		{
			"from": [7.75826, 9.83886, 9.59086],
			"to": [8.19576, 10.07323, 9.96586],
			"rotation": {"angle": -45, "axis": "x", "origin": [8.10274, 9.95152, 9.78215]},
			"faces": {
				"north": {"uv": [0.4375, 0, 0, 0.23437], "texture": "#5"},
				"east": {"uv": [0.375, 0, 0, 0.23437], "texture": "#5"},
				"south": {"uv": [0.4375, 0, 0, 0.23437], "texture": "#5"},
				"west": {"uv": [0.375, 0, 0, 0.23437], "texture": "#5"},
				"up": {"uv": [0, 0, 0.4375, 0.375], "texture": "#5"},
				"down": {"uv": [0, 0.375, 0.4375, 0], "texture": "#5"}
			}
		},
		{
			"from": [8.06758, 10.15814, 10.46306],
			"to": [8.19258, 10.33001, 10.71306],
			"rotation": {"angle": -45, "axis": "x", "origin": [8.09956, 10.27079, 10.52935]},
			"faces": {
				"north": {"uv": [0.125, 0, 0, 0.17187], "texture": "#5"},
				"east": {"uv": [0.25, 0, 0, 0.17187], "texture": "#5"},
				"south": {"uv": [0.125, 0, 0, 0.17187], "texture": "#5"},
				"west": {"uv": [0.25, 0, 0, 0.17187], "texture": "#5"},
				"up": {"uv": [0, 0, 0.125, 0.25], "texture": "#5"},
				"down": {"uv": [0, 0.25, 0.125, 0], "texture": "#5"}
			}
		},
		{
			"from": [8.07084, 9.99196, 9.93768],
			"to": [8.19584, 10.16384, 10.18768],
			"rotation": {"angle": -45, "axis": "x", "origin": [8.10282, 10.10462, 10.00397]},
			"faces": {
				"north": {"uv": [0.125, 0, 0, 0.17188], "texture": "#5"},
				"east": {"uv": [0.25, 0, 0, 0.17188], "texture": "#5"},
				"south": {"uv": [0.125, 0, 0, 0.17188], "texture": "#5"},
				"west": {"uv": [0.25, 0, 0, 0.17188], "texture": "#5"},
				"up": {"uv": [0, 0, 0.125, 0.25], "texture": "#5"},
				"down": {"uv": [0, 0.25, 0.125, 0], "texture": "#5"}
			}
		},
		{
			"from": [7.75508, 10.15814, 10.46306],
			"to": [7.88008, 10.33001, 10.71306],
			"rotation": {"angle": -45, "axis": "x", "origin": [7.78706, 10.27079, 10.52935]},
			"faces": {
				"north": {"uv": [0.125, 0, 0, 0.17187], "texture": "#5"},
				"east": {"uv": [0.25, 0, 0, 0.17187], "texture": "#5"},
				"south": {"uv": [0.125, 0, 0, 0.17187], "texture": "#5"},
				"west": {"uv": [0.25, 0, 0, 0.17187], "texture": "#5"},
				"up": {"uv": [0, 0, 0.125, 0.25], "texture": "#5"},
				"down": {"uv": [0, 0.25, 0.125, 0], "texture": "#5"}
			}
		},
		{
			"from": [7.75834, 9.99196, 9.93768],
			"to": [7.88334, 10.16384, 10.18768],
			"rotation": {"angle": -45, "axis": "x", "origin": [7.79032, 10.10462, 10.00397]},
			"faces": {
				"north": {"uv": [0.125, 0, 0, 0.17188], "texture": "#5"},
				"east": {"uv": [0.25, 0, 0, 0.17188], "texture": "#5"},
				"south": {"uv": [0.125, 0, 0, 0.17188], "texture": "#5"},
				"west": {"uv": [0.25, 0, 0, 0.17188], "texture": "#5"},
				"up": {"uv": [0, 0, 0.125, 0.25], "texture": "#5"},
				"down": {"uv": [0, 0.25, 0.125, 0], "texture": "#5"}
			}
		},
		{
			"from": [8.07146, 10.1661, 10.09229],
			"to": [8.19646, 10.27547, 11.09229],
			"rotation": {"angle": 0, "axis": "x", "origin": [7.95397, 7.49682, 11.5887]},
			"faces": {
				"north": {"uv": [0.125, 0, 0, 0.10937], "texture": "#5"},
				"east": {"uv": [1, 0, 0, 0.10937], "texture": "#5"},
				"south": {"uv": [0.125, 0, 0, 0.10937], "texture": "#5"},
				"west": {"uv": [1, 0, 0, 0.10937], "texture": "#5"},
				"up": {"uv": [0, 0, 0.125, 1], "texture": "#5"},
				"down": {"uv": [0, 1, 0.125, 0], "texture": "#5"}
			}
		},
		{
			"from": [7.89959, 10.0411, -5.65771],
			"to": [8.05584, 10.21297, -5.03271],
			"rotation": {"angle": 0, "axis": "x", "origin": [7.95397, 7.49682, 11.5887]},
			"faces": {
				"north": {"uv": [0.125, 0, 0, 0.17187], "texture": "#5"},
				"east": {"uv": [0.625, 0, 0, 0.17187], "texture": "#5"},
				"south": {"uv": [0.125, 0, 0, 0.17187], "texture": "#5"},
				"west": {"uv": [0.625, 0, 0, 0.17187], "texture": "#5"},
				"up": {"uv": [0, 0, 0.125, 0.625], "texture": "#5"},
				"down": {"uv": [0, 0.625, 0.125, 0], "texture": "#5"}
			}
		},
		{
			"from": [7.94646, 10.21297, -5.40771],
			"to": [8.00896, 10.32235, -5.09521],
			"rotation": {"angle": 0, "axis": "x", "origin": [7.95397, 7.49682, 11.5887]},
			"faces": {
				"north": {"uv": [0.0625, 0, 0, 0.10938], "texture": "#5"},
				"east": {"uv": [0.3125, 0, 0, 0.10938], "texture": "#5"},
				"south": {"uv": [0.0625, 0, 0, 0.10938], "texture": "#5"},
				"west": {"uv": [0.3125, 0, 0, 0.10938], "texture": "#5"},
				"up": {"uv": [0, 0, 0.0625, 0.3125], "texture": "#5"},
				"down": {"uv": [0, 0.3125, 0.0625, 0], "texture": "#5"}
			}
		},
		{
			"from": [7.89959, 10.0411, -5.84521],
			"to": [8.05584, 10.15047, -5.65771],
			"rotation": {"angle": 0, "axis": "x", "origin": [7.95397, 7.49682, 11.5887]},
			"faces": {
				"north": {"uv": [0.125, 0, 0, 0.10937], "texture": "#5"},
				"east": {"uv": [0.1875, 0, 0, 0.10937], "texture": "#5"},
				"south": {"uv": [0.125, 0, 0, 0.10937], "texture": "#5"},
				"west": {"uv": [0.1875, 0, 0, 0.10937], "texture": "#5"},
				"up": {"uv": [0, 0, 0.125, 0.1875], "texture": "#5"},
				"down": {"uv": [0, 0.1875, 0.125, 0], "texture": "#5"}
			}
		},
		{
			"from": [7.91521, 9.6661, -5.90771],
			"to": [8.04021, 9.90047, -5.03271],
			"rotation": {"angle": 0, "axis": "x", "origin": [7.95397, 7.49682, 11.5887]},
			"faces": {
				"north": {"uv": [0.125, 0, 0, 0.23437], "texture": "#5"},
				"east": {"uv": [0.875, 0, 0, 0.23437], "texture": "#5"},
				"south": {"uv": [0.125, 0, 0, 0.23437], "texture": "#5"},
				"west": {"uv": [0.875, 0, 0, 0.23437], "texture": "#5"},
				"up": {"uv": [0, 0, 0.125, 0.875], "texture": "#5"},
				"down": {"uv": [0, 0.875, 0.125, 0], "texture": "#5"}
			}
		},
		{
			"from": [7.91515, 9.51367, -5.19496],
			"to": [8.04015, 10.13867, -4.96058],
			"rotation": {"angle": -22.5, "axis": "x", "origin": [7.95166, 9.84593, -5.06603]},
			"faces": {
				"north": {"uv": [0, 0.625, 0.125, 0], "rotation": 180, "texture": "#5"},
				"east": {"uv": [0.625, 0, 0, 0.23438], "rotation": 270, "texture": "#5"},
				"south": {"uv": [0, 0, 0.125, 0.625], "texture": "#5"},
				"west": {"uv": [0.625, 0, 0, 0.23438], "rotation": 90, "texture": "#5"},
				"up": {"uv": [0.125, 0, 0, 0.23438], "rotation": 180, "texture": "#5"},
				"down": {"uv": [0.125, 0, 0, 0.23438], "texture": "#5"}
			}
		},
		{
			"from": [7.91389, 9.49977, -5.96707],
			"to": [8.03889, 10.12477, -5.7327],
			"rotation": {"angle": 22.5, "axis": "x", "origin": [7.9504, 9.83203, -5.83814]},
			"faces": {
				"north": {"uv": [0, 0.625, 0.125, 0], "rotation": 180, "texture": "#5"},
				"east": {"uv": [0.625, 0, 0, 0.23437], "rotation": 270, "texture": "#5"},
				"south": {"uv": [0, 0, 0.125, 0.625], "texture": "#5"},
				"west": {"uv": [0.625, 0, 0, 0.23437], "rotation": 90, "texture": "#5"},
				"up": {"uv": [0.125, 0, 0, 0.23437], "rotation": 180, "texture": "#5"},
				"down": {"uv": [0.125, 0, 0, 0.23437], "texture": "#5"}
			}
		},
		{
			"from": [7.91526, 10.05612, -5.75564],
			"to": [8.04026, 10.18112, -5.64626],
			"rotation": {"angle": 22.5, "axis": "x", "origin": [7.95177, 9.95088, -5.62671]},
			"faces": {
				"north": {"uv": [0, 0.125, 0.125, 0], "rotation": 180, "texture": "#5"},
				"east": {"uv": [0.125, 0, 0, 0.10938], "rotation": 270, "texture": "#5"},
				"south": {"uv": [0, 0, 0.125, 0.125], "texture": "#5"},
				"west": {"uv": [0.125, 0, 0, 0.10938], "rotation": 90, "texture": "#5"},
				"up": {"uv": [0.125, 0, 0, 0.10938], "rotation": 180, "texture": "#5"},
				"down": {"uv": [0.125, 0, 0, 0.10938], "texture": "#5"}
			}
		},
		{
			"from": [7.75896, 10.1661, 10.09229],
			"to": [7.88396, 10.27547, 11.09229],
			"rotation": {"angle": 0, "axis": "x", "origin": [7.64147, 7.49682, 11.5887]},
			"faces": {
				"north": {"uv": [0.125, 0, 0, 0.10937], "texture": "#5"},
				"east": {"uv": [1, 0, 0, 0.10937], "texture": "#5"},
				"south": {"uv": [0.125, 0, 0, 0.10937], "texture": "#5"},
				"west": {"uv": [1, 0, 0, 0.10937], "texture": "#5"},
				"up": {"uv": [0, 0, 0.125, 1], "texture": "#5"},
				"down": {"uv": [0, 1, 0.125, 0], "texture": "#5"}
			}
		}
	],
	"gui_light": "front",
	"display": {
		"thirdperson_righthand": {
			"translation": [-1.25, 0, -2.25],
			"scale": [0.85, 0.75, 0.75]
		},
		"thirdperson_lefthand": {
			"translation": [-1.25, 0, -2.25],
			"scale": [0.85, 0.75, 0.75]
		},
		"firstperson_righthand": {
			"translation": [9.75, -10.5, -21.25],
			"scale": [4, 4, 2.93]
		},
		"firstperson_lefthand": {
			"translation": [9.75, -9.75, -21.25],
			"scale": [4, 4, 2.93]
		},
		"ground": {
			"rotation": [0, 0, 90],
			"translation": [0, -2.75, 0],
			"scale": [0.9, 0.9, 0.9]
		},
		"gui": {
			"rotation": [-90, 135, 90],
			"translation": [0, 0.25, 0],
			"scale": [0.6, 0.6, 0.6]
		},
		"fixed": {
			"rotation": [90, 45, -90],
			"translation": [-0.25, -0.25, -1.5],
			"scale": [1.65, 1.5, 1.5]
		}
	},
	"groups": [
		{
			"name": "Barrel",
			"origin": [8, 8, 8],
			"children": [0, 1, 2, 3, 4, 5, 6, 7]
		},
		{
			"name": "Stock",
			"origin": [7.99921, 8.62926, 13.13002],
			"children": [8, 9, 10, 11, 12, 13, 14, 15, 16, 17, 18, 19]
		},
		{
			"name": "Pump",
			"origin": [8, 8.625, -4],
			"children": [20, 21, 22, 23, 24, 25, 26, 27, 28, 29, 30, 31, 32, 33, 34, 35, 36, 37, 38, 39, 40, 41, 42, 43, 44, 45, 46, 47, 48, 49, 50, 51, 52]
		},
		{
			"name": "Reciever",
			"origin": [8.00429, 8.81508, 11.73587],
			"children": [53, 54, 55, 56, 57, 58, 59, 60, 61, 62, 63]
		},
		{
			"name": "Trigger",
			"origin": [8.25573, 7.80025, 11.57725],
			"children": [64, 65, 66, 67, 68, 69, 70, 71, 72, 73, 74, 75, 76]
		},
		{
			"name": "Sights",
			"origin": [8, 8, 8],
			"children": [77, 78, 79, 80, 81, 82, 83, 84, 85, 86, 87, 88, 89, 90, 91, 92, 93, 94, 95, 96]
		},
		{
			"name": "hexadecagon",
			"origin": [8, 8, 8],
			"children": []
		},
		{
			"name": "hexadecagon",
			"origin": [8, 8, 8],
			"children": []
		}
	]
}